codigo,periodo,internacoes,valor_total,media_permanencia,custo_medio_internacao
350010,2025-07,477,683486.15,8.6,1432.89
350010,2025-08,441,676199.37,9.0,1533.33
350010,2025-09,470,744605.86,8.8,1584.27
350010,2025-10,485,716323.39,8.5,1476.96
350010,2025-11,420,661136.78,9.4,1574.14
350010,2025-12,425,658247.5,9.1,1548.82
350010,2026-01,454,652403.41,8.4,1437.01
350010,2026-02,417,644663.56,8.8,1545.96
350010,2026-03,426,673541.93,9.6,1581.08
350010,2026-04,435,675005.61,8.6,1551.74
350010,2026-05,455,659510.05,8.5,1449.47
350010,2026-06,455,658719.83,8.3,1447.74
350030,2025-07,36,20292.67,5.1,563.69
350030,2025-08,39,24312.76,7.3,623.4
350030,2025-09,43,27141.64,11.2,631.2
350030,2025-10,25,11839.2,5.5,473.57
350030,2025-11,25,12135.22,4.7,485.41
350030,2025-12,38,24009.77,7.1,631.84
350030,2026-01,29,14569.55,5.0,502.4
350030,2026-02,37,19625.45,5.3,530.42
350030,2026-03,35,22155.06,5.5,633.0
350030,2026-04,37,21363.45,6.7,577.39
350030,2026-05,32,18982.76,7.4,593.21
350030,2026-06,33,23861.68,5.3,723.08
350050,2025-07,113,54193.95,5.6,479.59
350050,2025-08,102,42202.36,3.4,413.75
350050,2025-09,89,40299.75,2.8,452.81
350050,2025-10,107,48217.87,4.3,450.63
350050,2025-11,101,58366.62,4.0,577.89
350050,2025-12,111,41101.25,3.9,370.28
350050,2026-01,106,42525.24,3.9,401.18
350050,2026-02,114,42568.46,3.4,373.41
350050,2026-03,96,43282.49,3.8,450.86
350050,2026-04,113,45631.69,3.3,403.82
350050,2026-05,100,42649.13,4.0,426.49
350050,2026-06,98,39305.81,3.4,401.08
350070,2025-07,100,48383.99,2.0,483.84
350070,2025-08,101,49912.66,1.6,494.18
350070,2025-09,107,58904.14,2.1,550.51
350070,2025-10,101,42097.31,1.8,416.81
350070,2025-11,83,44561.52,2.0,536.89
350070,2025-12,73,34717.98,2.0,475.59
350070,2026-01,75,40047.0,2.3,533.96
350070,2026-02,92,45607.53,1.9,495.73
350070,2026-03,92,46292.4,1.8,503.18
350070,2026-04,78,37729.22,1.8,483.71
350070,2026-05,108,49556.08,1.7,458.85
350070,2026-06,96,47013.76,2.0,489.73
350100,2025-07,183,61082.65,1.9,333.78
350100,2025-08,152,49621.58,1.7,326.46
350100,2025-09,166,51359.28,1.8,309.39
350100,2025-10,195,62415.09,1.8,320.08
350100,2025-11,144,46804.35,1.6,325.03
350100,2025-12,141,37056.46,2.1,262.81
350100,2026-01,147,46578.37,1.7,316.86
350100,2026-02,157,47003.62,2.4,299.39
350100,2026-03,146,47189.96,2.0,323.22
350100,2026-04,154,49845.86,2.2,323.67
350100,2026-05,149,49564.5,2.1,332.65
350100,2026-06,147,47497.46,1.9,323.11
350110,2025-07,3,1644.03,1.7,548.01
350110,2025-09,7,3160.82,3.7,451.55
350110,2025-10,5,2464.42,10.0,492.88
350110,2025-11,1,175.97,1.0,175.97
350110,2026-01,5,1036.76,3.6,207.35
350110,2026-02,2,460.61,2.5,230.3
350110,2026-03,5,1500.23,3.6,300.05
350110,2026-04,6,1281.33,4.7,213.55
350110,2026-05,5,815.52,7.8,163.1
350110,2026-06,6,3051.52,4.8,508.59
350130,2025-07,58,20737.7,4.1,357.55
350130,2025-08,79,31323.14,4.0,396.5
350130,2025-09,62,22066.06,4.1,355.9
350130,2025-10,62,26431.84,4.5,426.32
350130,2025-11,61,22269.38,4.0,365.07
350130,2025-12,69,24086.11,3.7,349.07
350130,2026-01,75,27515.64,3.0,366.88
350130,2026-02,61,21499.34,4.0,352.45
350130,2026-03,54,18811.29,4.7,348.36
350130,2026-04,50,18141.38,3.9,362.83
350130,2026-05,45,17567.31,3.6,390.38
350130,2026-06,56,16853.67,3.2,300.96
350160,2025-07,959,1168108.62,4.4,1218.05
350160,2025-08,923,1206598.7,4.6,1307.26
350160,2025-09,831,1085265.96,4.2,1305.98
350160,2025-10,801,899859.18,3.9,1123.42
350160,2025-11,698,737579.63,4.2,1056.7
350160,2025-12,644,954821.34,5.3,1482.64
350160,2026-01,746,1041774.02,4.9,1396.48
350160,2026-02,624,815171.45,4.6,1306.36
350160,2026-03,801,1123588.67,4.2,1402.73
350160,2026-04,725,922146.05,4.4,1271.93
350160,2026-05,789,911073.61,3.9,1154.72
350160,2026-06,834,933104.36,3.5,1118.83
350170,2025-07,583,693450.12,4.9,1189.45
350170,2025-08,511,630841.74,5.5,1234.52
350170,2025-09,539,581057.5,3.8,1078.03
350170,2025-10,679,772722.55,4.7,1138.03
350170,2025-11,596,617333.78,5.1,1035.79
350170,2025-12,366,418593.56,8.2,1143.7
350170,2026-01,570,621294.97,5.4,1089.99
350170,2026-02,504,575760.49,5.1,1142.38
350170,2026-03,579,671830.53,5.2,1160.33
350170,2026-04,653,809334.77,4.7,1239.41
350170,2026-05,585,660525.32,4.6,1129.1
350170,2026-06,585,661471.12,5.4,1130.72
350190,2025-07,418,818716.13,13.3,1958.65
350190,2025-08,416,775238.05,13.7,1863.55
350190,2025-09,330,634827.5,16.1,1923.72
350190,2025-10,414,787301.68,14.2,1901.69
350190,2025-11,386,706468.64,14.4,1830.23
350190,2025-12,370,769375.82,15.4,2079.39
350190,2026-01,412,1094272.26,13.6,2656.0
350190,2026-02,392,721348.58,13.4,1840.17
350190,2026-03,370,733406.87,15.3,1982.18
350190,2026-04,380,889643.08,14.1,2341.17
350190,2026-05,364,749423.35,15.8,2058.86
350190,2026-06,351,556916.33,13.4,1586.66
350210,2025-07,330,354173.02,3.8,1073.25
350210,2025-08,314,375486.55,4.0,1195.82
350210,2025-09,263,277780.58,4.1,1056.2
350210,2025-10,251,294775.75,4.8,1174.41
350210,2025-11,278,256486.42,4.3,922.61
350210,2025-12,274,227357.82,4.0,829.77
350210,2026-01,290,353797.02,4.0,1219.99
350210,2026-02,255,326955.01,4.4,1282.18
350210,2026-03,282,286159.37,4.5,1014.75
350210,2026-04,249,293270.09,4.5,1177.79
350210,2026-05,282,275385.32,4.6,976.54
350210,2026-06,284,330846.45,4.2,1164.95
350220,2025-07,153,73602.23,3.6,481.06
350220,2025-08,163,72705.17,2.7,446.04
350220,2025-09,172,64226.05,3.0,373.41
350220,2025-10,137,58677.79,3.2,428.31
350220,2025-11,134,54472.61,3.3,406.51
350220,2025-12,99,40578.59,3.0,409.88
350220,2026-01,165,62327.62,2.9,377.74
350220,2026-02,167,59790.07,2.9,358.02
350220,2026-03,124,41691.52,2.5,336.22
350220,2026-04,151,51536.49,2.5,341.3
350220,2026-05,170,58861.54,2.5,346.24
350220,2026-06,167,63210.79,3.3,378.51
350250,2025-07,397,639841.2,3.6,1611.69
350250,2025-08,379,566040.93,3.7,1493.51
350250,2025-09,407,521718.93,3.2,1281.86
350250,2025-10,436,604892.85,3.3,1387.37
350250,2025-11,594,828147.92,2.4,1394.19
350250,2025-12,517,722628.02,2.2,1397.73
350250,2026-01,408,521605.15,3.1,1278.44
350250,2026-02,366,456607.93,2.9,1247.56
350250,2026-03,412,464492.54,2.6,1127.41
350250,2026-04,439,594596.23,3.0,1354.43
350250,2026-05,395,553677.19,3.3,1401.71
350250,2026-06,395,497535.8,3.4,1259.58
350260,2025-07,6,1453.13,1.8,242.19
350260,2025-08,8,3494.62,2.1,436.83
350260,2025-09,6,2816.81,4.3,469.47
350260,2025-10,3,1707.75,5.0,569.25
350260,2025-11,5,1956.88,3.8,391.38
350260,2025-12,9,5596.62,4.1,621.85
350260,2026-01,3,1771.26,2.0,590.42
350260,2026-02,17,6333.52,3.8,372.56
350260,2026-03,12,4393.1,2.8,366.09
350260,2026-04,12,5260.77,4.4,438.4
350260,2026-05,8,2331.91,2.9,291.49
350270,2025-07,298,154721.63,2.7,519.2
350270,2025-08,267,154587.81,2.8,578.98
350270,2025-09,282,148215.38,2.7,525.59
350270,2025-10,292,148682.68,2.7,509.19
350270,2025-11,299,163788.89,2.8,547.79
350270,2025-12,325,176468.06,2.4,542.98
350270,2026-01,279,137681.82,2.5,493.48
350270,2026-02,280,142810.3,2.9,510.04
350270,2026-03,352,186387.77,2.7,529.51
350270,2026-04,333,179076.43,2.4,537.77
350270,2026-05,381,230527.14,2.1,605.06
350270,2026-06,351,201025.08,2.6,572.72
350280,2025-07,1176,4536269.0,7.8,3857.37
350280,2025-08,1198,4719544.36,7.8,3939.52
350280,2025-09,1254,4365246.25,8.2,3481.06
350280,2025-10,1236,4553483.46,7.5,3684.05
350280,2025-11,982,4081672.07,9.2,4156.49
350280,2025-12,989,3822378.92,9.1,3864.89
350280,2026-01,1302,4929726.72,7.7,3786.27
350280,2026-02,1044,4096541.87,8.9,3923.89
350280,2026-03,1216,4472514.59,7.5,3678.05
350280,2026-04,1174,4700408.44,8.5,4003.76
350280,2026-05,1203,4338516.59,7.5,3606.41
350280,2026-06,1257,4718384.73,7.8,3753.69
350310,2025-07,8,3889.79,4.3,486.22
350310,2025-08,11,3979.93,5.3,361.81
350310,2025-09,12,5537.15,4.3,461.43
350310,2025-10,10,4366.04,5.1,436.6
350310,2025-11,9,4002.91,4.4,444.77
350310,2025-12,8,3250.13,5.9,406.27
350310,2026-01,10,3620.4,5.1,362.04
350310,2026-02,4,1664.66,6.8,416.16
350310,2026-03,5,1809.15,3.4,361.83
350310,2026-04,10,3446.52,5.4,344.65
350310,2026-05,6,2777.05,5.0,462.84
350320,2025-07,1745,4427374.2,4.2,2537.18
350320,2025-08,1779,4461972.4,3.9,2508.14
350320,2025-09,1890,4338511.62,3.8,2295.51
350320,2025-10,1803,4293276.85,4.0,2381.19
350320,2025-11,1973,4235245.53,3.6,2146.6
350320,2025-12,1614,3652215.54,3.9,2262.83
350320,2026-01,1794,3929086.16,4.0,2190.13
350320,2026-02,1524,3430320.05,3.9,2250.87
350320,2026-03,1790,3876839.44,3.6,2165.83
350320,2026-04,1750,4220998.78,3.6,2412.0
350320,2026-05,1812,4654639.04,3.7,2568.79
350320,2026-06,1907,4809663.13,3.6,2522.11
350330,2025-07,602,1575134.32,5.5,2616.5
350330,2025-08,596,1258767.77,5.0,2112.03
350330,2025-09,607,1362270.75,5.1,2244.27
350330,2025-10,689,1395640.75,4.5,2025.6
350330,2025-11,647,1359586.34,4.0,2101.37
350330,2025-12,692,1350568.1,4.4,1951.69
350330,2026-01,645,1268119.98,3.9,1966.08
350330,2026-02,561,1067564.11,3.7,1902.97
350330,2026-03,725,1462923.23,4.5,2017.83
350330,2026-04,723,1216215.44,4.3,1682.18
350330,2026-05,806,1518439.8,4.4,1883.92
350330,2026-06,757,1318654.86,4.9,1741.95
350340,2025-07,24,5074.3,2.3,211.43
350340,2025-08,23,5722.94,1.6,248.82
350340,2025-09,26,7357.09,2.3,282.97
350340,2025-10,19,5488.92,1.8,288.89
350340,2025-11,17,4930.76,2.4,290.04
350340,2025-12,17,3878.07,3.2,228.12
350340,2026-01,16,5193.05,2.9,324.57
350340,2026-02,22,3223.35,2.0,146.52
350340,2026-03,34,8704.4,1.9,256.01
350340,2026-04,20,4792.46,3.1,239.62
350340,2026-05,28,3754.89,3.0,134.1
350340,2026-06,14,1731.81,2.4,123.7
350400,2025-07,974,1712891.76,4.3,1758.62
350400,2025-08,952,1696753.87,4.6,1782.3
350400,2025-09,830,1363491.89,4.3,1642.76
350400,2025-10,994,1584785.39,4.6,1594.35
350400,2025-11,852,1374473.51,4.5,1613.23
350400,2025-12,895,1660770.85,4.7,1855.61
350400,2026-01,843,1284084.9,4.8,1523.23
350400,2026-02,846,1339436.33,4.6,1583.26
350400,2026-03,1032,1607006.5,4.2,1557.18
350400,2026-04,900,1555717.58,4.8,1728.58
350400,2026-05,940,1693666.06,4.9,1801.77
350400,2026-06,961,1680099.29,4.6,1748.28
350410,2025-07,415,369881.8,4.4,891.28
350410,2025-08,405,393406.06,5.1,971.37
350410,2025-09,339,423350.76,5.0,1248.82
350410,2025-10,336,300409.35,4.4,894.08
350410,2025-11,379,451276.02,4.8,1190.7
350410,2025-12,360,463095.51,4.9,1286.38
350410,2026-01,348,329259.14,4.1,946.15
350410,2026-02,348,423267.92,4.9,1216.29
350410,2026-03,366,353141.29,4.6,964.87
350410,2026-04,349,387281.96,4.7,1109.69
350410,2026-05,385,420934.36,4.7,1093.34
350410,2026-06,357,425192.37,5.1,1191.02
350420,2025-07,211,183621.29,1.7,870.24
350420,2025-08,209,184742.36,1.9,883.93
350420,2025-09,183,161542.78,2.1,882.75
350420,2025-10,211,168240.28,1.7,797.35
350420,2025-11,215,179679.4,1.6,835.72
350420,2025-12,278,427679.02,1.6,1538.41
350420,2026-01,205,178901.95,1.7,872.69
350420,2026-02,215,275973.02,1.5,1283.6
350420,2026-03,183,197469.44,1.9,1079.07
350420,2026-04,262,305030.23,1.7,1164.24
350420,2026-05,274,352930.28,1.6,1288.07
350420,2026-06,246,350170.49,2.0,1423.46
350450,2025-07,733,1225583.18,4.4,1672.01
350450,2025-08,695,1190623.09,4.0,1713.13
350450,2025-09,648,1022660.34,4.4,1578.18
350450,2025-10,579,965199.91,4.0,1667.01
350450,2025-11,600,935012.25,3.8,1558.35
350450,2025-12,582,764014.59,3.7,1312.74
350450,2026-01,647,1155672.52,4.7,1786.2
350450,2026-02,607,1029543.05,4.3,1696.12
350450,2026-03,669,1016894.69,3.8,1520.02
350450,2026-04,669,1021287.26,3.9,1526.59
350450,2026-05,642,1066991.83,4.1,1661.98
350450,2026-06,692,1111760.6,4.2,1606.59
350520,2025-07,189,91663.32,3.3,484.99
350520,2025-08,202,101049.16,2.7,500.24
350520,2025-09,214,111024.58,3.1,518.81
350520,2025-10,213,106569.17,2.9,500.32
350520,2025-11,153,79442.56,2.9,519.23
350520,2025-12,173,90410.02,3.2,522.6
350520,2026-01,178,83192.08,3.2,467.37
350520,2026-02,146,78880.34,3.1,540.28
350520,2026-03,170,82930.41,3.4,487.83
350520,2026-04,144,76204.45,3.4,529.2
350520,2026-05,170,86041.26,3.1,506.13
350520,2026-06,145,81486.93,3.6,561.98
350530,2025-07,214,170834.99,2.8,798.29
350530,2025-08,205,141092.06,3.0,688.25
350530,2025-09,183,183791.24,2.7,1004.32
350530,2025-10,184,167393.23,2.8,909.75
350530,2025-11,161,136895.41,3.0,850.28
350530,2025-12,163,105909.16,3.0,649.75
350530,2026-01,104,63981.92,3.9,615.21
350530,2026-02,99,58271.05,3.6,588.6
350530,2026-03,143,88338.71,3.3,617.75
350530,2026-04,137,82479.54,3.1,602.04
350530,2026-05,175,196830.74,2.4,1124.75
350530,2026-06,168,146850.01,3.4,874.11
350550,2025-07,2604,8807696.51,5.3,3382.37
350550,2025-08,2892,8856490.9,4.8,3062.41
350550,2025-09,2877,9073076.84,4.8,3153.66
350550,2025-10,2633,7851276.68,5.5,2981.87
350550,2025-11,2930,9093255.38,4.9,3103.5
350550,2025-12,2687,8690892.51,5.6,3234.42
350550,2026-01,2746,8013568.26,4.8,2918.27
350550,2026-02,2411,8311371.26,5.2,3447.27
350550,2026-03,2600,8232096.85,5.1,3166.19
350550,2026-04,2830,8912522.37,5.1,3149.3
350550,2026-05,2824,8563310.02,4.9,3032.33
350550,2026-06,2724,8202209.95,5.2,3011.09
350570,2025-07,3296,2648476.2,3.8,803.54
350570,2025-08,3452,2985883.01,3.9,864.97
350570,2025-09,3429,3191080.05,3.8,930.62
350570,2025-10,3659,3011125.01,3.7,822.94
350570,2025-11,3215,2840584.45,3.9,883.54
350570,2025-12,3008,2749368.27,4.2,914.02
350570,2026-01,2912,2383277.77,3.8,818.43
350570,2026-02,3216,2820535.74,3.9,877.03
350570,2026-03,3681,3089453.86,3.6,839.3
350570,2026-04,3613,2926234.11,3.7,809.92
350570,2026-05,3772,2832560.29,3.4,750.94
350570,2026-06,3844,3012360.25,3.9,783.65
350580,2025-07,122,61998.06,1.7,508.18
350580,2025-08,96,43089.82,2.3,448.85
350580,2025-09,80,25922.21,2.7,324.03
350580,2025-10,83,26734.05,3.0,322.1
350580,2025-11,91,26644.08,2.7,292.79
350580,2025-12,98,34298.27,2.9,349.98
350580,2026-01,95,31550.98,2.6,332.12
350580,2026-02,59,18556.05,2.9,314.51
350580,2026-03,102,46513.04,2.7,456.01
350580,2026-04,99,42908.72,2.5,433.42
350580,2026-05,125,57491.22,2.2,459.93
350580,2026-06,98,44726.39,1.8,456.39
350590,2025-07,331,441868.69,4.5,1334.95
350590,2025-08,363,471523.24,3.8,1298.96
350590,2025-09,308,469866.57,4.4,1525.54
350590,2025-10,310,391928.07,3.7,1264.28
350590,2025-11,275,401297.22,3.7,1459.26
350590,2025-12,301,443995.96,4.2,1475.07
350590,2026-01,264,412572.3,4.5,1562.77
350590,2026-02,287,400643.91,4.3,1395.97
350590,2026-03,314,386075.18,4.7,1229.54
350590,2026-04,296,430564.18,4.8,1454.61
350590,2026-05,302,347848.48,4.3,1151.82
350590,2026-06,317,456660.57,4.5,1440.57
350600,2025-07,3439,6023589.84,5.3,1751.55
350600,2025-08,3547,6572680.59,5.6,1853.03
350600,2025-09,3480,6495232.43,5.6,1866.45
350600,2025-10,3807,7126621.85,5.5,1871.98
350600,2025-11,3637,6154728.46,4.8,1692.25
350600,2025-12,3731,6449225.47,5.3,1728.55
350600,2026-01,3589,6069441.67,5.0,1691.12
350600,2026-02,3468,5574305.37,5.0,1607.35
350600,2026-03,3972,7097110.3,5.2,1786.79
350600,2026-04,3893,6714998.45,5.3,1724.89
350600,2026-05,3889,6982054.81,5.4,1795.33
350600,2026-06,3872,7303519.37,5.4,1886.24
350610,2025-07,786,934128.34,2.7,1188.46
350610,2025-08,767,808411.52,2.4,1053.99
350610,2025-09,720,777562.58,3.2,1079.95
350610,2025-10,786,785670.14,2.8,999.58
350610,2025-11,704,632748.37,2.8,898.79
350610,2025-12,638,620782.68,3.1,973.01
350610,2026-01,657,595927.27,2.8,907.04
350610,2026-02,618,647067.47,2.8,1047.03
350610,2026-03,703,702280.94,3.0,998.98
350610,2026-04,720,709461.3,3.1,985.36
350610,2026-05,687,716831.47,3.2,1043.42
350610,2026-06,661,760407.27,2.9,1150.39
350630,2025-07,62,28146.76,4.5,453.98
350630,2025-08,78,66303.91,2.9,850.05
350630,2025-09,65,37493.91,3.6,576.83
350630,2025-10,72,23388.34,3.0,324.84
350630,2025-11,59,28754.51,4.7,487.36
350630,2025-12,59,31935.34,2.8,541.28
350630,2026-01,41,16590.27,4.0,404.64
350630,2026-02,61,23963.91,3.3,392.85
350630,2026-03,69,55617.96,3.5,806.06
350630,2026-04,66,25031.35,3.0,379.26
350630,2026-05,53,23199.47,4.0,437.73
350630,2026-06,67,28546.06,3.2,426.06
350635,2025-07,284,140354.52,4.8,494.21
350635,2025-08,269,134292.89,4.0,499.23
350635,2025-09,287,135087.71,3.7,470.69
350635,2025-10,316,148291.83,3.6,469.28
350635,2025-11,300,149095.23,3.7,496.98
350635,2025-12,250,127940.17,3.8,511.76
350635,2026-01,313,169625.29,4.3,541.93
350635,2026-02,339,182402.19,4.5,538.06
350635,2026-03,375,220154.97,3.9,587.08
350635,2026-04,377,258355.8,4.0,685.29
350635,2026-05,350,301849.03,4.9,862.43
350635,2026-06,311,254810.16,4.5,819.33
350640,2025-07,19,7581.71,2.9,399.04
350640,2025-08,22,8443.26,2.8,383.78
350640,2025-09,22,9973.63,3.4,453.35
350640,2025-10,23,9431.81,3.5,410.08
350640,2025-11,15,6398.8,2.3,426.59
350640,2025-12,17,6411.38,1.5,377.14
350640,2026-01,15,3485.53,1.5,232.37
350640,2026-02,19,4796.74,2.4,252.46
350640,2026-03,16,5482.13,2.6,342.63
350640,2026-04,19,5017.72,3.5,264.09
350640,2026-05,15,4863.87,2.8,324.26
350640,2026-06,16,7737.64,2.8,483.6
350650,2025-07,417,458164.35,4.4,1098.72
350650,2025-08,417,460613.16,3.8,1104.59
350650,2025-09,416,447359.49,4.9,1075.38
350650,2025-10,416,490285.19,4.6,1178.57
350650,2025-11,416,393432.2,4.2,945.75
350650,2025-12,417,502887.13,4.7,1205.96
350650,2026-01,339,391788.77,4.1,1155.72
350650,2026-02,388,483105.03,4.3,1245.12
350650,2026-03,405,387433.03,4.3,956.62
350650,2026-04,422,482903.88,4.4,1144.32
350650,2026-05,421,398287.47,4.1,946.05
350650,2026-06,426,462900.88,4.5,1086.62
350670,2025-07,12,5240.62,2.8,436.72
350670,2025-08,11,4714.92,3.4,428.63
350670,2025-09,8,3947.69,2.5,493.46
350670,2025-10,8,3667.95,4.1,458.49
350670,2025-11,17,6596.47,2.8,388.03
350670,2025-12,16,7132.15,3.8,445.76
350670,2026-01,9,4153.02,3.4,461.45
350670,2026-02,7,3928.54,4.0,561.22
350670,2026-03,13,6881.15,2.9,529.32
350670,2026-04,6,3009.12,9.3,501.52
350670,2026-05,9,3468.39,4.2,385.38
350670,2026-06,16,8763.83,3.3,547.74
350680,2025-07,15,7607.73,3.2,507.18
350680,2025-08,12,6402.9,3.5,533.57
350680,2025-09,15,7128.43,3.3,475.23
350680,2025-10,16,7109.02,2.6,444.31
350680,2025-11,10,4647.9,2.6,464.79
350680,2025-12,7,4190.6,3.0,598.66
350680,2026-01,14,6438.11,3.0,459.86
350680,2026-02,12,5073.34,2.3,422.78
350680,2026-03,17,6942.82,1.7,408.4
350680,2026-04,14,6312.67,1.9,450.9
350680,2026-05,14,6269.72,2.3,447.84
350680,2026-06,12,7545.23,3.8,628.77
350700,2025-07,207,124853.52,3.1,603.16
350700,2025-08,202,134378.93,3.6,665.24
350700,2025-09,191,122346.24,3.0,640.56
350700,2025-10,193,124937.04,3.2,647.34
350700,2025-11,160,107088.91,3.1,669.31
350700,2025-12,152,82475.66,3.3,542.6
350700,2026-01,166,95937.61,2.8,577.94
350700,2026-02,158,90127.85,2.8,570.43
350700,2026-03,217,119631.45,3.1,551.3
350700,2026-04,179,96419.67,2.9,538.66
350700,2026-05,223,119436.89,2.6,535.59
350700,2026-06,197,118407.38,2.8,601.05
350710,2025-07,21,7765.63,6.0,369.79
350710,2025-08,24,9016.76,4.8,375.7
350710,2025-09,13,5904.82,7.8,454.22
350710,2025-10,14,5224.14,10.4,373.15
350710,2025-11,16,7458.79,4.0,466.17
350710,2025-12,18,6232.68,3.9,346.26
350710,2026-01,22,8068.74,4.2,366.76
350710,2026-02,10,3559.78,5.3,355.98
350710,2026-03,20,7602.02,4.3,380.1
350710,2026-04,19,7539.11,7.3,396.8
350710,2026-05,19,8676.73,7.1,456.67
350740,2025-07,64,35595.02,3.3,556.17
350740,2025-08,76,38638.02,3.3,508.4
350740,2025-09,75,37096.98,3.2,494.63
350740,2025-10,66,33631.69,2.8,509.57
350740,2025-11,83,43205.21,4.8,520.54
350740,2025-12,90,41121.58,3.5,456.91
350740,2026-01,66,32400.37,4.9,490.91
350740,2026-02,69,35703.11,5.0,517.44
350740,2026-03,65,33303.24,3.1,512.36
350740,2026-04,59,30095.36,4.0,510.09
350740,2026-05,71,60757.38,3.1,855.74
350740,2026-06,76,38308.28,3.9,504.06
350750,2025-07,2518,8003741.68,5.9,3178.61
350750,2025-08,2641,8304199.46,5.9,3144.34
350750,2025-09,2532,6887340.66,5.6,2720.12
350750,2025-10,2651,7289791.33,5.5,2749.83
350750,2025-11,2629,8650658.76,5.5,3290.47
350750,2025-12,2437,7934587.93,5.6,3255.88
350750,2026-01,2508,7703810.76,5.9,3071.69
350750,2026-02,2530,7577862.77,5.9,2995.2
350750,2026-03,2735,8159039.06,5.7,2983.2
350750,2026-04,2456,7095855.44,6.3,2889.19
350750,2026-05,2520,7429997.06,5.9,2948.41
350750,2026-06,2500,6819797.02,6.0,2727.92
350760,2025-07,1656,3914603.65,4.2,2363.89
350760,2025-08,1576,3338609.0,3.5,2118.41
350760,2025-09,1635,3000954.4,3.4,1835.45
350760,2025-10,1522,2973476.42,3.6,1953.66
350760,2025-11,1449,3169495.57,3.6,2187.37
350760,2025-12,1310,2452926.25,3.3,1872.46
350760,2026-01,1548,3346129.48,4.1,2161.58
350760,2026-02,1576,3614666.46,3.7,2293.57
350760,2026-03,1675,3699494.26,3.7,2208.65
350760,2026-04,1623,3659193.14,3.8,2254.59
350760,2026-05,1546,3243051.26,3.7,2097.7
350760,2026-06,1531,3284259.06,4.0,2145.17
350790,2025-07,71,41798.32,7.2,588.71
350790,2025-08,64,40365.58,5.3,630.71
350790,2025-09,56,31764.85,6.4,567.23
350790,2025-10,49,28310.5,6.1,577.77
350790,2025-11,43,27635.18,5.6,642.68
350790,2025-12,52,33212.15,7.1,638.7
350790,2026-01,58,36376.15,6.6,627.18
350790,2026-02,49,30117.26,6.7,614.64
350790,2026-03,69,51348.55,6.7,744.18
350790,2026-04,69,42948.58,6.8,622.44
350790,2026-05,66,45378.72,9.5,687.56
350790,2026-06,55,46057.3,9.5,837.41
350810,2025-07,115,77203.4,2.2,671.33
350810,2025-08,134,76657.96,2.7,572.07
350810,2025-09,119,67461.36,2.7,566.9
350810,2025-10,152,86060.81,2.4,566.19
350810,2025-11,109,59376.31,2.7,544.74
350810,2025-12,120,73487.7,2.2,612.4
350810,2026-01,91,51968.13,2.6,571.08
350810,2026-02,91,51895.84,2.3,570.28
350810,2026-03,138,80142.27,2.2,580.74
350810,2026-04,133,74135.7,2.4,557.41
350810,2026-05,160,102377.32,1.9,639.86
350810,2026-06,138,83893.29,2.4,607.92
350840,2025-07,64,28806.17,4.3,450.1
350840,2025-08,29,15381.4,2.2,530.39
350840,2025-09,30,11930.71,2.0,397.69
350840,2025-11,94,34441.37,2.8,366.4
350840,2025-12,233,85025.65,2.9,364.92
350840,2026-01,78,29093.45,3.6,372.99
350840,2026-02,75,28820.22,2.7,384.27
350840,2026-03,87,25879.8,2.3,297.47
350840,2026-04,73,23888.92,3.1,327.25
350840,2026-05,79,16128.65,2.6,204.16
350840,2026-06,77,24482.32,2.6,317.95
350850,2025-07,305,315288.26,4.4,1033.73
350850,2025-08,549,576246.74,3.9,1049.63
350850,2025-09,386,456957.56,4.6,1183.83
350850,2025-10,300,302211.99,4.1,1007.37
350850,2025-11,325,358274.88,4.8,1102.38
350850,2025-12,266,289695.59,5.3,1089.08
350850,2026-01,300,238043.74,4.6,793.48
350850,2026-02,436,378831.33,4.8,868.88
350850,2026-03,91,61291.83,4.1,673.54
350850,2026-04,275,273834.75,5.0,995.76
350850,2026-05,323,321297.82,4.0,994.73
350850,2026-06,445,441148.15,4.9,991.34
350870,2025-07,186,287427.52,8.3,1545.31
350870,2025-08,177,278517.12,8.8,1573.54
350870,2025-09,188,385476.97,8.4,2050.41
350870,2025-10,165,351064.59,9.2,2127.66
350870,2025-11,173,371638.87,8.8,2148.2
350870,2025-12,124,285624.31,11.9,2303.42
350870,2026-01,71,114573.49,21.3,1613.71
350870,2026-02,153,295656.94,9.5,1932.4
350870,2026-03,166,363421.28,9.5,2189.28
350870,2026-04,176,355404.37,8.6,2019.34
350870,2026-05,168,353849.02,9.4,2106.24
350870,2026-06,183,348193.9,8.4,1902.7
350880,2025-07,95,40011.76,2.4,421.18
350880,2025-08,88,34156.38,2.8,388.14
350880,2025-09,71,26555.05,2.8,374.01
350880,2025-10,60,23543.69,2.7,392.39
350880,2025-11,78,29904.29,2.2,383.39
350880,2025-12,65,23061.98,2.2,354.8
350880,2026-01,67,23647.81,3.2,352.95
350880,2026-02,59,22100.96,2.9,374.59
350880,2026-03,60,22479.85,3.6,374.66
350880,2026-04,56,20889.29,3.8,373.02
350880,2026-05,71,28444.57,2.6,400.63
350880,2026-06,74,29478.62,3.2,398.36
350900,2025-07,426,247136.32,3.0,580.13
350900,2025-08,438,219659.32,2.8,501.51
350900,2025-09,389,199683.81,2.7,513.33
350900,2025-10,402,225198.46,2.9,560.2
350900,2025-11,361,262878.92,2.8,728.2
350900,2025-12,419,237759.15,2.5,567.44
350900,2026-01,320,238871.32,3.4,746.47
350900,2026-02,362,245038.41,2.6,676.9
350900,2026-03,464,262805.33,2.7,566.39
350900,2026-04,452,231671.49,2.5,512.55
350900,2026-05,540,314898.05,2.6,583.14
350900,2026-06,579,286988.82,2.6,495.66
350920,2025-07,233,91735.75,3.1,393.72
350920,2025-08,256,93769.03,3.8,366.29
350920,2025-09,304,110683.54,3.7,364.09
350920,2025-10,250,88969.93,3.5,355.88
350920,2025-11,300,93961.02,3.9,313.2
350920,2025-12,306,95938.99,3.2,313.53
350920,2026-01,305,97548.42,3.5,319.83
350920,2026-02,309,107274.83,3.1,347.17
350920,2026-03,318,107999.54,3.5,339.62
350920,2026-04,327,138999.79,3.7,425.08
350920,2026-05,302,102705.67,3.6,340.08
350920,2026-06,285,102759.77,4.1,360.56
350930,2025-07,49,20722.37,2.7,422.91
350930,2025-08,50,20944.95,6.7,418.9
350930,2025-09,47,19758.83,2.5,420.4
350930,2025-10,42,17830.99,2.4,424.55
350930,2025-11,31,11670.91,2.0,376.48
350930,2025-12,28,10901.35,2.2,389.33
350930,2026-01,48,20433.77,2.0,425.7
350930,2026-03,71,31298.89,2.1,440.83
350930,2026-04,71,32436.04,2.9,456.85
350930,2026-05,34,15458.64,2.7,454.67
350930,2026-06,26,13938.85,2.7,536.11
350940,2025-07,290,166270.83,3.4,573.35
350940,2025-08,300,168572.66,3.0,561.91
350940,2025-09,274,149539.13,3.2,545.76
350940,2025-10,278,162461.5,3.6,584.39
350940,2025-11,250,138562.4,3.0,554.25
350940,2025-12,249,132179.43,3.0,530.84
350940,2026-01,251,128389.01,3.0,511.51
350940,2026-02,273,139103.86,3.2,509.54
350940,2026-03,235,120639.26,3.1,513.36
350940,2026-04,253,128018.79,3.0,506.0
350940,2026-05,257,142497.55,3.6,554.47
350940,2026-06,361,396204.39,2.8,1097.52
350950,2025-07,7881,20662755.66,5.6,2621.84
350950,2025-08,7375,21119388.35,5.5,2863.65
350950,2025-09,7786,21545308.63,5.4,2767.19
350950,2025-10,7808,21468880.86,5.5,2749.6
350950,2025-11,7442,22250037.12,5.7,2989.79
350950,2025-12,6507,17380522.24,5.7,2671.05
350950,2026-01,6143,17983930.0,6.0,2927.55
350950,2026-02,7121,20766864.5,5.8,2916.28
350950,2026-03,7514,22354975.01,5.8,2975.11
350950,2026-04,7712,21979644.83,5.6,2850.06
350950,2026-05,7106,18866997.91,5.5,2655.08
350950,2026-06,7089,20214902.71,5.8,2851.59
350960,2025-07,362,333541.47,3.4,921.39
350960,2025-08,307,257161.09,3.5,837.66
350960,2025-09,317,265807.22,3.0,838.51
350960,2025-10,344,278490.57,3.0,809.57
350960,2025-11,300,214354.99,3.3,714.52
350960,2025-12,353,406772.11,3.9,1152.33
350960,2026-01,346,326091.66,3.2,942.46
350960,2026-02,294,283829.41,3.5,965.41
350960,2026-03,361,306660.51,3.4,849.48
350960,2026-04,338,353665.77,3.8,1046.35
350960,2026-05,379,390478.9,4.2,1030.29
350960,2026-06,307,312778.35,3.7,1018.82
350970,2025-07,240,456149.79,19.8,1900.62
350970,2025-08,252,484043.69,19.8,1920.81
350970,2025-09,212,449173.73,21.7,2118.74
350970,2025-10,236,463941.68,20.6,1965.85
350970,2025-11,235,448985.97,20.1,1910.58
350970,2025-12,214,437604.41,21.6,2044.88
350970,2026-01,215,444831.96,21.6,2068.99
350970,2026-02,219,410099.98,19.6,1872.6
350970,2026-03,242,439048.16,17.9,1814.25
350970,2026-04,235,386986.1,17.0,1646.75
350970,2026-05,281,519982.77,18.1,1850.47
350970,2026-06,220,423051.57,19.7,1922.96
351000,2025-07,232,192120.2,2.5,828.1
351000,2025-08,167,107576.29,2.6,644.17
351000,2025-09,259,190387.9,2.4,735.09
351000,2025-10,201,162361.87,2.6,807.77
351000,2025-11,172,144313.17,3.0,839.03
351000,2025-12,173,132362.06,2.8,765.1
351000,2026-01,223,170460.07,2.7,764.39
351000,2026-02,148,128958.19,2.9,871.34
351000,2026-03,204,166360.83,2.8,815.49
351000,2026-04,247,257736.33,2.5,1043.47
351000,2026-05,231,347832.65,3.2,1505.77
351000,2026-06,227,364077.63,2.9,1603.87
351020,2025-07,260,244960.72,3.5,942.16
351020,2025-08,234,280890.64,3.7,1200.39
351020,2025-09,249,292737.55,3.0,1175.65
351020,2025-10,258,255845.08,3.2,991.65
351020,2025-11,229,224043.22,3.7,978.35
351020,2025-12,267,248098.19,3.5,929.21
351020,2026-01,207,239984.93,3.8,1159.35
351020,2026-02,228,247877.96,3.7,1087.18
351020,2026-03,250,214680.06,3.3,858.72
351020,2026-04,227,202342.87,3.3,891.38
351020,2026-05,258,241392.42,2.8,935.63
351020,2026-06,255,242317.52,3.0,950.26
351040,2025-07,234,231023.45,3.5,987.28
351040,2025-08,264,274566.39,3.5,1040.02
351040,2025-09,223,275834.63,3.5,1236.93
351040,2025-10,316,325576.15,3.1,1030.3
351040,2025-11,186,291087.28,4.2,1564.99
351040,2025-12,206,245355.14,4.0,1191.04
351040,2026-01,201,187585.63,3.8,933.26
351040,2026-02,203,215224.61,3.0,1060.22
351040,2026-03,291,294396.59,3.5,1011.67
351040,2026-04,195,269396.02,3.8,1381.52
351040,2026-05,223,244829.43,3.7,1097.89
351040,2026-06,181,196122.35,3.2,1083.55
351050,2025-07,1879,2522247.02,3.3,1342.33
351050,2025-08,2106,2803433.45,3.5,1331.16
351050,2025-09,1874,2194528.24,2.8,1171.04
351050,2025-10,2170,2801276.14,3.4,1290.91
351050,2025-11,1973,2566167.99,3.4,1300.64
351050,2025-12,1788,2363539.06,3.6,1321.89
351050,2026-01,1937,2562916.38,3.5,1323.14
351050,2026-02,1673,2043237.58,3.1,1221.3
351050,2026-03,2140,2903055.76,3.4,1356.57
351050,2026-04,2121,2668924.95,3.3,1258.33
351050,2026-05,2095,2424598.37,3.2,1157.33
351050,2026-06,1893,2520684.22,3.5,1331.58
351060,2025-07,1486,1885930.94,3.6,1269.13
351060,2025-08,1382,2056454.47,3.9,1488.03
351060,2025-09,791,944556.77,1.9,1194.13
351060,2025-10,1667,2027997.83,4.0,1216.56
351060,2025-11,1325,1497508.16,3.5,1130.19
351060,2025-12,1456,1455906.31,3.6,999.94
351060,2026-01,1297,1535114.73,3.8,1183.59
351060,2026-02,1282,1596872.74,3.8,1245.61
351060,2026-03,1663,1591879.73,3.1,957.23
351060,2026-04,1533,1564084.89,3.5,1020.28
351060,2026-05,1587,1673514.97,3.4,1054.51
351060,2026-06,1574,1795773.93,3.6,1140.9
351070,2025-07,37,16363.09,3.7,442.25
351070,2025-08,30,13114.46,3.3,437.15
351070,2025-09,46,15952.48,3.1,346.79
351070,2025-10,35,13803.44,3.6,394.38
351070,2025-11,39,14716.5,2.9,377.35
351070,2025-12,32,11016.71,3.7,344.27
351070,2026-01,25,8717.54,3.5,348.7
351070,2026-02,22,8057.6,5.3,366.25
351070,2026-03,46,15968.48,3.7,347.14
351070,2026-04,42,20078.65,4.5,478.06
351070,2026-05,33,11341.19,3.4,343.67
351070,2026-06,30,12865.68,4.1,428.86
351080,2025-07,230,242429.86,12.8,1054.04
351080,2025-08,197,263703.14,14.6,1338.59
351080,2025-09,189,233428.55,14.9,1235.07
351080,2025-10,226,214434.91,12.1,948.83
351080,2025-11,190,198903.04,13.4,1046.86
351080,2025-12,211,208724.39,12.6,989.22
351080,2026-01,142,167441.7,17.3,1179.17
351080,2026-02,169,154924.22,12.2,916.71
351080,2026-03,162,152857.57,14.5,943.57
351080,2026-04,135,143033.08,15.8,1059.5
351080,2026-05,224,197090.82,11.2,879.87
351080,2026-06,187,175618.36,12.7,939.14
351100,2025-07,78,48893.23,2.5,626.84
351100,2025-08,122,65863.82,2.1,539.87
351100,2025-09,92,56096.25,2.6,609.74
351100,2025-10,121,65016.99,2.1,537.33
351100,2025-11,84,46871.02,2.1,557.99
351100,2025-12,75,43242.15,2.8,576.56
351100,2026-01,73,34237.01,2.8,469.0
351100,2026-02,72,35946.3,3.0,499.25
351100,2026-03,86,45049.54,2.7,523.83
351100,2026-04,62,33570.14,3.3,541.45
351100,2026-05,48,21889.77,5.8,456.04
351100,2026-06,33,13489.25,5.2,408.77
351110,2025-07,1576,3842008.01,7.5,2437.82
351110,2025-08,1514,3585483.71,7.4,2368.22
351110,2025-09,1635,3633770.68,7.2,2222.49
351110,2025-10,1579,3908369.79,7.4,2475.22
351110,2025-11,1259,2520434.24,7.2,2001.93
351110,2025-12,1647,4335502.02,7.5,2632.36
351110,2026-01,1754,3408388.29,6.6,1943.21
351110,2026-02,1658,4223251.28,7.3,2547.2
351110,2026-03,1656,3965364.18,7.1,2394.54
351110,2026-04,1569,3677430.29,7.7,2343.81
351110,2026-05,1596,3958505.41,7.5,2480.27
351110,2026-06,1555,4067296.68,7.4,2615.62
351140,2025-07,149,73341.92,3.0,492.23
351140,2025-08,132,71023.87,2.7,538.06
351140,2025-09,127,78406.22,2.5,617.37
351140,2025-10,147,73703.51,3.2,501.38
351140,2025-11,106,66790.73,2.7,630.1
351140,2025-12,126,59246.25,2.5,470.21
351140,2026-01,132,74558.37,2.4,564.84
351140,2026-02,140,68407.67,2.7,488.63
351140,2026-03,167,90151.7,2.3,539.83
351140,2026-04,124,70916.32,2.2,571.91
351140,2026-05,121,59093.73,2.4,488.38
351140,2026-06,123,71286.92,2.7,579.57
351150,2025-07,28,17192.54,5.5,614.02
351150,2025-08,69,27994.24,4.3,405.71
351150,2025-09,90,42522.18,4.5,472.47
351150,2025-10,51,25428.7,6.0,498.6
351150,2025-11,151,72769.12,3.0,481.91
351150,2025-12,99,43490.49,3.4,439.3
351150,2026-01,61,28044.78,5.5,459.75
351150,2026-02,100,42322.01,3.8,423.22
351150,2026-03,71,30708.75,3.2,432.52
351150,2026-04,76,39362.6,4.4,517.93
351150,2026-05,111,51664.12,3.2,465.44
351150,2026-06,97,72459.42,3.5,747.0
351160,2025-07,45,24538.88,2.7,545.31
351160,2025-08,42,24684.67,3.0,587.73
351160,2025-09,46,24348.36,2.8,529.31
351160,2025-10,50,21540.93,2.2,430.82
351160,2025-11,55,29111.26,3.0,529.3
351160,2025-12,44,22247.04,2.3,505.61
351160,2026-01,41,18803.31,2.8,458.62
351160,2026-02,39,22673.05,2.6,581.36
351160,2026-03,49,27702.35,2.8,565.35
351160,2026-04,47,24328.32,2.4,517.62
351160,2026-05,46,25817.93,2.3,561.26
351160,2026-06,47,24585.14,2.3,523.09
351170,2025-07,36,8982.28,4.5,249.51
351170,2025-08,27,7618.51,4.0,282.17
351170,2025-09,26,9427.87,4.5,362.61
351170,2025-10,18,4844.94,3.3,269.16
351170,2025-11,27,6128.27,9.4,226.97
351170,2025-12,23,5606.11,3.5,243.74
351170,2026-01,30,6865.06,4.1,228.84
351170,2026-02,30,7883.57,4.5,262.79
351170,2026-03,18,4967.41,5.1,275.97
351170,2026-04,26,7739.81,3.7,297.68
351170,2026-05,27,10631.67,4.0,393.77
351170,2026-06,24,6276.19,4.0,261.51
351190,2025-07,25,10639.9,2.8,425.6
351190,2025-08,14,6627.06,3.1,473.36
351190,2025-09,24,7811.23,2.7,325.47
351190,2025-10,27,10283.33,3.5,380.86
351190,2025-11,16,5911.73,2.5,369.48
351190,2025-12,14,5056.87,4.1,361.2
351190,2026-01,16,6859.0,5.3,428.69
351190,2026-02,9,3902.46,5.0,433.61
351190,2026-03,21,8842.83,6.5,421.09
351190,2026-04,19,6481.05,2.9,341.11
351190,2026-05,31,12067.99,4.3,389.29
351190,2026-06,21,8840.67,4.9,420.98
351200,2025-07,97,173656.3,4.2,1790.27
351200,2025-08,84,124236.3,3.5,1479.0
351200,2025-09,88,138134.34,3.6,1569.71
351200,2025-10,114,242248.72,5.1,2124.99
351200,2025-11,72,154859.17,4.8,2150.82
351200,2025-12,81,118773.19,2.9,1466.34
351200,2026-01,82,120932.81,3.0,1474.79
351200,2026-02,68,106970.76,3.7,1573.1
351200,2026-03,103,297339.13,7.1,2886.79
351200,2026-04,80,150049.33,4.3,1875.62
351200,2026-05,93,140529.38,4.8,1511.07
351200,2026-06,123,251965.67,4.4,2048.5
351210,2025-07,6,265.32,1.8,44.22
351210,2025-08,3,349.62,3.3,116.54
351210,2025-09,3,132.66,1.3,44.22
351210,2025-10,1,257.56,1.0,257.56
351210,2025-11,6,265.32,2.2,44.22
351210,2025-12,3,349.62,5.3,116.54
351220,2025-07,192,118164.42,2.3,615.44
351220,2025-08,218,171245.37,1.8,785.53
351220,2025-09,185,115947.81,2.4,626.74
351220,2025-10,318,292271.48,1.4,919.09
351220,2025-11,333,264175.73,1.5,793.32
351220,2025-12,233,131611.09,2.3,564.85
351220,2026-01,216,119073.45,1.7,551.27
351220,2026-02,121,58295.58,2.1,481.78
351220,2026-03,195,93968.0,2.7,481.89
351220,2026-04,182,82726.08,2.0,454.54
351220,2026-05,213,125638.97,2.1,589.85
351220,2026-06,222,133824.45,1.8,602.81
351230,2025-07,36,16224.15,5.7,450.67
351230,2025-08,24,10753.14,5.5,448.05
351230,2025-09,24,11998.93,4.1,499.96
351230,2025-10,21,9645.82,6.2,459.32
351230,2025-11,20,8701.16,5.0,435.06
351230,2025-12,16,5960.79,4.5,372.55
351230,2026-01,16,6178.56,4.4,386.16
351230,2026-02,29,7416.67,3.4,255.75
351230,2026-03,32,12863.47,5.0,401.98
351230,2026-04,20,7088.92,4.8,354.45
351230,2026-05,26,11435.85,3.8,439.84
351230,2026-06,35,15657.87,4.6,447.37
351280,2025-07,138,118471.96,3.5,858.49
351280,2025-08,179,164471.78,3.5,918.84
351280,2025-09,152,174434.55,5.0,1147.6
351280,2025-10,140,157952.99,3.8,1128.24
351280,2025-11,160,166207.95,3.4,1038.8
351280,2025-12,154,158777.48,3.6,1031.02
351280,2026-01,152,145532.05,3.1,957.45
351280,2026-02,122,161868.39,4.1,1326.79
351280,2026-03,135,125374.93,3.1,928.7
351280,2026-04,154,138970.36,3.0,902.4
351280,2026-05,142,126793.52,3.4,892.91
351280,2026-06,136,154411.32,3.5,1135.38
351300,2025-07,1104,1133198.81,3.9,1026.45
351300,2025-08,1187,1310876.36,4.1,1104.36
351300,2025-09,768,622240.79,2.6,810.21
351300,2025-10,1413,1611089.28,4.7,1140.19
351300,2025-11,1025,982431.53,3.8,958.47
351300,2025-12,1195,1254955.34,4.2,1050.17
351300,2026-01,1057,995071.39,4.0,941.41
351300,2026-02,1110,1047326.6,4.1,943.54
351300,2026-03,1112,915240.93,3.5,823.06
351300,2026-04,1259,1158508.94,3.9,920.18
351300,2026-05,1114,1082299.91,3.5,971.54
351300,2026-06,1148,1012658.57,4.1,882.11
351310,2025-07,33,16049.4,6.2,486.35
351310,2025-08,30,13470.53,5.0,449.02
351310,2025-09,36,15734.54,4.6,437.07
351310,2025-10,32,13043.41,6.9,407.61
351310,2025-11,19,7040.61,5.0,370.56
351310,2025-12,15,6302.69,6.2,420.18
351310,2026-01,17,6724.83,6.0,395.58
351310,2026-02,22,9897.88,4.2,449.9
351340,2025-07,454,676759.3,5.6,1490.66
351340,2025-08,485,753711.07,5.4,1554.04
351340,2025-09,443,666704.91,5.8,1504.98
351340,2025-10,482,617815.72,5.3,1281.78
351340,2025-11,457,587444.35,5.6,1285.44
351340,2025-12,499,647903.78,5.1,1298.4
351340,2026-01,509,793491.8,5.8,1558.92
351340,2026-02,475,647472.17,5.1,1363.1
351340,2026-03,575,699402.37,4.1,1216.35
351340,2026-04,579,624144.48,4.3,1077.97
351340,2026-05,643,702972.3,4.1,1093.27
351340,2026-06,728,796075.11,4.4,1093.51
351350,2025-07,558,685618.62,6.2,1228.71
351350,2025-08,539,670971.85,6.3,1244.85
351350,2025-09,565,711444.7,5.9,1259.19
351350,2025-10,575,794562.22,6.3,1381.85
351350,2025-11,547,733521.8,6.5,1340.99
351350,2025-12,583,667611.08,6.3,1145.13
351350,2026-01,508,672963.97,6.7,1324.73
351350,2026-02,493,702807.86,6.5,1425.57
351350,2026-03,527,629023.36,6.4,1193.59
351350,2026-04,535,718072.03,6.5,1342.19
351350,2026-05,572,664715.84,6.2,1162.09
351350,2026-06,514,598073.16,5.9,1163.57
351360,2025-07,122,72503.26,2.7,594.29
351360,2025-08,116,71904.01,3.0,619.86
351360,2025-09,110,66031.36,3.0,600.29
351360,2025-10,129,76035.36,2.7,589.42
351360,2025-11,105,64861.93,2.9,617.73
351360,2025-12,119,66139.96,2.8,555.8
351360,2026-01,108,70752.59,2.9,655.12
351360,2026-02,106,62755.24,2.8,592.03
351360,2026-03,107,64137.49,2.6,599.42
351360,2026-04,101,60702.6,2.9,601.02
351360,2026-05,130,79843.26,2.7,614.18
351360,2026-06,106,61344.19,3.0,578.72
351370,2025-07,154,137627.78,2.9,893.69
351370,2025-08,122,95781.54,2.4,785.09
351370,2025-09,183,179703.83,2.0,981.99
351370,2025-10,145,130017.52,2.4,896.67
351370,2025-11,150,98865.31,1.7,659.1
351370,2025-12,147,78906.24,2.4,536.78
351370,2026-01,116,80870.14,2.5,697.16
351370,2026-02,147,116229.04,2.2,790.67
351370,2026-03,113,130746.0,2.9,1157.04
351370,2026-04,148,121366.42,2.0,820.04
351370,2026-05,138,106342.45,2.1,770.6
351370,2026-06,169,143375.97,2.5,848.38
351380,2025-07,2029,3191395.49,5.6,1572.89
351380,2025-08,2189,3286059.92,5.3,1501.17
351380,2025-09,1891,3495084.72,5.6,1848.27
351380,2025-10,1870,3269286.43,5.9,1748.28
351380,2025-11,1790,2829425.28,5.0,1580.68
351380,2025-12,1863,3258222.0,5.8,1748.91
351380,2026-01,1923,2626685.58,4.7,1365.93
351380,2026-02,1928,2652671.14,4.4,1375.87
351380,2026-03,2430,3094778.37,4.5,1273.57
351380,2026-04,2068,2906086.35,5.0,1405.26
351380,2026-05,2047,2817405.24,4.6,1376.36
351380,2026-06,1975,3593322.98,5.7,1819.4
351390,2025-07,466,838140.05,9.1,1798.58
351390,2025-08,422,823710.46,9.7,1951.92
351390,2025-09,379,813452.46,10.7,2146.31
351390,2025-10,429,861731.48,9.7,2008.7
351390,2025-11,370,767676.12,10.6,2074.8
351390,2025-12,264,555275.8,15.6,2103.32
351390,2026-01,364,686670.23,11.4,1886.46
351390,2026-02,350,723355.06,11.1,2066.73
351390,2026-03,404,811250.66,10.5,2008.05
351390,2026-04,452,646870.62,8.7,1431.13
351390,2026-05,426,802020.73,10.1,1882.68
351390,2026-06,368,663621.83,11.1,1803.32
351410,2025-07,130,77289.07,4.4,594.53
351410,2025-08,125,83849.01,4.0,670.79
351410,2025-09,108,48902.13,4.4,452.8
351410,2025-10,79,35235.59,4.1,446.02
351410,2025-11,105,45774.81,4.3,435.95
351410,2025-12,119,59145.73,3.8,497.02
351410,2026-01,100,43167.9,3.8,431.68
351410,2026-02,95,40628.14,3.4,427.66
351410,2026-03,102,54212.11,3.7,531.49
351410,2026-04,99,41149.4,4.0,415.65
351410,2026-05,110,44380.55,2.8,403.46
351410,2026-06,112,60406.61,4.6,539.34
351440,2025-07,290,584377.39,5.7,2015.09
351440,2025-08,252,444571.1,5.1,1764.17
351440,2025-09,277,608539.08,5.9,2196.89
351440,2025-10,250,536121.14,5.4,2144.48
351440,2025-11,264,474112.88,5.1,1795.88
351440,2025-12,281,564462.47,5.0,2008.76
351440,2026-01,291,582284.22,5.2,2000.98
351440,2026-02,248,492258.06,5.1,1984.91
351440,2026-03,280,588725.83,5.4,2102.59
351440,2026-04,296,509398.29,5.1,1720.94
351440,2026-05,320,591030.64,5.1,1846.97
351440,2026-06,317,672377.69,5.9,2121.07
351450,2025-07,142,43714.42,1.9,307.85
351450,2025-08,152,44261.2,1.8,291.19
351450,2025-09,121,38837.74,1.5,320.97
351450,2025-10,136,36749.66,1.7,270.22
351450,2025-11,106,30923.97,1.8,291.74
351450,2025-12,133,30874.29,1.2,232.14
351450,2026-01,105,32192.13,2.2,306.59
351450,2026-02,75,25077.22,2.9,334.36
351450,2026-03,94,34104.35,2.3,362.81
351450,2026-04,108,32331.78,2.6,299.37
351450,2026-05,104,30984.32,2.4,297.93
351450,2026-06,99,33194.78,2.4,335.3
351500,2025-07,318,131936.82,6.0,414.9
351500,2025-08,431,191322.94,4.4,443.9
351500,2025-09,311,129422.98,5.3,416.15
351500,2025-10,275,137116.71,3.8,498.61
351500,2025-11,321,138198.91,4.9,430.53
351500,2025-12,216,99753.47,4.3,461.82
351500,2026-01,168,69615.08,3.2,414.38
351500,2026-02,315,138586.11,4.4,439.96
351500,2026-03,182,78014.81,4.3,428.65
351500,2026-04,293,132662.32,5.6,452.77
351500,2026-05,285,136229.12,5.2,478.0
351500,2026-06,345,159131.42,5.3,461.25
351510,2025-07,100,41079.62,0.9,410.8
351510,2025-08,104,41678.1,0.7,400.75
351510,2025-09,107,43209.74,0.8,403.83
351510,2025-10,100,42414.94,0.8,424.15
351510,2025-11,109,49043.98,0.5,449.94
351510,2025-12,107,46759.24,0.9,437.0
351510,2026-01,93,35409.37,1.0,380.75
351510,2026-02,77,31665.58,1.5,411.24
351510,2026-03,100,38035.49,0.9,380.35
351510,2026-04,86,33022.91,0.9,383.99
351510,2026-05,85,30220.51,0.8,355.54
351510,2026-06,89,40591.51,1.2,456.08
351518,2025-07,353,876543.09,26.5,2483.12
351518,2025-08,396,911320.17,24.2,2301.31
351518,2025-09,349,886484.06,26.3,2540.07
351518,2025-10,394,922091.78,24.4,2340.33
351518,2025-11,391,815898.91,23.1,2086.7
351518,2025-12,389,877400.38,24.3,2255.53
351518,2026-01,411,894283.23,23.2,2175.87
351518,2026-02,376,816490.02,22.4,2171.52
351518,2026-03,407,891808.69,23.3,2191.18
351518,2026-04,414,862297.98,20.9,2082.85
351518,2026-05,393,860329.08,22.2,2189.13
351518,2026-06,349,843947.72,24.3,2418.19
351520,2025-07,75,40375.89,4.4,538.35
351520,2025-08,57,29635.12,3.8,519.91
351520,2025-09,69,34103.68,3.8,494.26
351520,2025-10,68,32998.0,3.4,485.26
351520,2025-11,57,32911.17,3.5,577.39
351520,2025-12,43,24057.56,3.9,559.48
351520,2026-01,45,21528.21,3.5,478.4
351520,2026-02,45,24381.13,3.6,541.8
351520,2026-03,42,21910.13,3.1,521.67
351520,2026-04,45,25187.83,3.7,559.73
351520,2026-05,43,24855.31,3.7,578.03
351520,2026-06,35,19975.03,3.3,570.72
351540,2025-07,75,32098.43,3.5,427.98
351540,2025-08,81,36327.25,3.5,448.48
351540,2025-09,75,28814.44,3.2,384.19
351540,2025-10,110,49305.21,2.5,448.23
351540,2025-11,109,53376.42,3.5,489.69
351540,2025-12,107,44788.04,2.6,418.58
351540,2026-01,73,26210.8,3.3,359.05
351540,2026-02,52,19461.94,3.1,374.27
351540,2026-03,57,20050.28,2.5,351.76
351540,2026-04,64,27793.72,3.5,434.28
351540,2026-05,67,27478.22,3.5,410.12
351540,2026-06,60,27104.21,3.6,451.74
351550,2025-07,601,754521.06,3.6,1255.44
351550,2025-08,575,592217.11,3.1,1029.94
351550,2025-09,610,750325.44,3.5,1230.04
351550,2025-10,540,836372.39,3.8,1548.84
351550,2025-11,755,817701.67,2.8,1083.05
351550,2025-12,538,687892.66,3.3,1278.61
351550,2026-01,683,815912.44,3.2,1194.6
351550,2026-02,603,694495.62,3.3,1151.73
351550,2026-03,578,646402.26,3.3,1118.34
351550,2026-04,623,771591.1,3.4,1238.51
351550,2026-05,678,719710.44,3.0,1061.52
351550,2026-06,618,872783.18,3.3,1412.27
351570,2025-07,782,857046.51,5.5,1095.97
351570,2025-08,662,656857.81,6.0,992.23
351570,2025-09,674,607899.2,5.1,901.93
351570,2025-10,938,871403.88,5.4,929.0
351570,2025-11,807,755478.4,5.6,936.16
351570,2025-12,452,374296.26,5.4,828.09
351570,2026-01,377,337121.3,3.8,894.22
351570,2026-02,680,651921.66,4.6,958.71
351570,2026-03,535,398819.44,3.4,745.46
351570,2026-04,983,788779.61,5.2,802.42
351570,2026-05,1048,854624.97,4.9,815.48
351570,2026-06,959,701000.25,3.9,730.97
351600,2025-07,76,27168.91,2.4,357.49
351600,2025-08,82,27231.31,2.1,332.09
351600,2025-09,76,26902.89,2.7,353.99
351600,2025-10,82,25279.57,2.3,308.29
351600,2025-11,89,27247.36,2.3,306.15
351600,2025-12,89,35182.33,2.3,395.31
351600,2026-01,95,28716.71,2.2,302.28
351600,2026-02,87,26909.94,2.2,309.31
351600,2026-03,99,26977.69,2.0,272.5
351600,2026-04,85,25744.33,2.4,302.87
351600,2026-05,95,27903.06,2.2,293.72
351600,2026-06,87,29054.35,2.6,333.96
351620,2025-07,2053,5274274.92,5.6,2569.06
351620,2025-08,2134,5399129.25,5.3,2530.05
351620,2025-09,2167,5648470.11,5.3,2606.59
351620,2025-10,2223,5519065.23,5.2,2482.71
351620,2025-11,1998,4875791.3,5.2,2440.34
351620,2025-12,2044,5807636.25,6.0,2841.31
351620,2026-01,2016,5084575.92,5.5,2522.11
351620,2026-02,1938,4542370.51,5.1,2343.84
351620,2026-03,2057,5497428.79,5.7,2672.55
351620,2026-04,2126,5426018.19,5.4,2552.22
351620,2026-05,2257,5543888.88,5.3,2456.31
351620,2026-06,2112,4931824.27,5.4,2335.14
351630,2025-07,1009,1041533.58,4.0,1032.24
351630,2025-08,1296,1124513.9,3.7,867.68
351630,2025-09,914,596637.34,3.4,652.78
351630,2025-10,1358,1741439.81,4.8,1282.36
351630,2025-11,1138,907742.52,3.7,797.66
351630,2025-12,1246,1291429.76,4.5,1036.46
351630,2026-01,1092,1146108.02,4.1,1049.55
351630,2026-02,1025,1013773.6,4.2,989.05
351630,2026-03,1095,979722.4,4.2,894.72
351630,2026-04,1217,1154025.66,3.9,948.25
351630,2026-05,1266,1205070.46,4.0,951.87
351630,2026-06,1233,1046975.65,4.0,849.13
351640,2025-07,747,1001503.82,7.3,1340.7
351640,2025-08,745,1082201.46,8.0,1452.62
351640,2025-09,649,826565.58,7.9,1273.6
351640,2025-10,712,1006221.72,7.7,1413.23
351640,2025-11,746,1109737.48,8.0,1487.58
351640,2025-12,701,885349.44,7.2,1262.98
351640,2026-01,690,999298.54,8.8,1448.26
351640,2026-02,729,985283.07,7.1,1351.55
351640,2026-03,833,1081698.27,7.4,1298.56
351640,2026-04,686,1023103.32,8.5,1491.4
351640,2026-05,706,946906.8,8.0,1341.23
351640,2026-06,840,1174179.65,7.0,1397.83
351660,2025-07,19,12712.02,9.6,669.05
351660,2025-08,10,4531.53,2.8,453.15
351660,2025-09,13,4792.76,3.9,368.67
351660,2025-10,12,3859.0,4.3,321.58
351660,2025-11,15,6272.2,3.9,418.15
351660,2025-12,17,6622.91,4.5,389.58
351660,2026-01,16,8255.13,5.5,515.95
351660,2026-02,11,4444.8,4.2,404.07
351660,2026-03,10,5249.03,5.4,524.9
351660,2026-04,12,4800.76,7.8,400.06
351660,2026-05,9,2709.53,1.9,301.06
351660,2026-06,5,1747.39,3.8,349.48
351670,2025-07,265,600258.23,21.2,2265.13
351670,2025-08,276,611739.18,20.4,2216.45
351670,2025-09,223,542099.27,24.6,2430.94
351670,2025-10,233,482899.42,22.8,2072.53
351670,2025-11,211,444951.41,24.6,2108.77
351670,2025-12,207,510645.47,25.6,2466.89
351670,2026-01,244,625681.44,22.9,2564.27
351670,2026-02,199,463225.38,24.8,2327.77
351670,2026-03,239,490584.03,22.2,2052.65
351670,2026-04,209,504161.58,25.6,2412.26
351670,2026-05,165,428662.44,31.6,2597.95
351670,2026-06,213,528192.61,24.2,2479.78
351690,2025-07,44,23959.91,4.1,544.54
351690,2025-08,49,26977.2,4.2,550.56
351690,2025-09,32,16035.83,4.4,501.12
351690,2025-10,31,17225.21,4.2,555.65
351690,2025-11,27,16406.25,4.4,607.64
351690,2025-12,31,20547.15,4.8,662.81
351690,2026-01,42,20556.68,3.1,489.44
351690,2026-02,45,23779.89,3.7,528.44
351690,2026-03,34,16967.34,3.6,499.04
351690,2026-04,32,13751.36,3.3,429.73
351690,2026-05,45,22381.39,3.6,497.36
351690,2026-06,39,20675.62,4.2,530.14
351700,2025-07,39,14964.65,4.1,383.71
351700,2025-08,38,13112.69,3.1,345.07
351700,2025-09,39,15332.14,3.8,393.13
351700,2025-10,32,13171.74,3.7,411.62
351700,2025-11,25,10891.47,3.1,435.66
351700,2025-12,23,7775.09,3.7,338.05
351700,2026-01,30,9883.21,6.3,329.44
351700,2026-02,32,9697.25,3.8,303.04
351700,2026-03,32,8899.83,3.8,278.12
351700,2026-04,28,8163.56,4.3,291.56
351700,2026-05,18,7540.85,3.8,418.94
351700,2026-06,26,6028.07,3.9,231.85
351740,2025-07,308,445553.55,3.0,1446.6
351740,2025-08,301,468803.37,3.0,1557.49
351740,2025-09,306,510151.29,3.1,1667.16
351740,2025-10,274,411778.58,2.8,1502.84
351740,2025-11,285,488985.73,3.0,1715.74
351740,2025-12,321,442591.97,2.8,1378.79
351740,2026-01,215,383754.32,3.2,1784.9
351740,2026-02,241,317968.96,2.4,1319.37
351740,2026-03,311,493742.95,3.0,1587.6
351740,2026-04,271,457403.13,3.7,1687.83
351740,2026-05,273,474891.84,3.0,1739.53
351740,2026-06,303,575823.77,2.8,1900.41
351760,2025-07,19,10361.03,3.3,545.32
351760,2025-08,25,10397.31,4.5,415.89
351760,2025-09,25,9226.44,3.4,369.06
351760,2025-10,32,10994.13,3.5,343.57
351760,2025-11,29,13829.02,4.3,476.86
351760,2025-12,16,6727.45,3.6,420.47
351760,2026-01,27,9814.49,4.0,363.5
351760,2026-02,33,12310.53,3.7,373.05
351760,2026-03,23,9257.43,6.3,402.5
351760,2026-04,14,5200.86,4.7,371.49
351760,2026-05,22,7701.1,4.7,350.05
351760,2026-06,26,8821.0,2.6,339.27
351770,2025-07,79,48505.65,3.4,614.0
351770,2025-08,66,33898.92,3.0,513.62
351770,2025-09,74,37723.66,3.3,509.78
351770,2025-10,77,41729.71,2.7,541.94
351770,2025-11,62,32758.9,2.9,528.37
351770,2025-12,97,45461.3,3.3,468.67
351770,2026-01,51,23294.29,3.4,456.75
351770,2026-02,52,23923.13,3.3,460.06
351770,2026-03,52,20226.4,3.9,388.97
351770,2026-04,61,27430.44,2.4,449.68
351770,2026-05,59,24462.12,2.8,414.61
351770,2026-06,71,37872.53,3.1,533.42
351780,2025-07,49,26357.83,3.7,537.91
351780,2025-08,40,19091.73,2.9,477.29
351780,2025-09,53,23820.89,2.8,449.45
351780,2025-10,42,23443.8,2.8,558.19
351780,2025-11,41,22117.32,2.4,539.45
351780,2025-12,43,20062.1,5.0,466.56
351780,2026-01,27,10500.72,4.9,388.92
351780,2026-02,42,22700.02,3.1,540.48
351780,2026-03,51,22384.21,3.0,438.91
351780,2026-04,60,30326.97,3.1,505.45
351780,2026-05,44,20887.65,3.1,474.72
351780,2026-06,48,23875.61,3.9,497.41
351820,2025-07,141,68537.1,4.7,486.08
351820,2025-08,145,70936.01,4.5,489.21
351820,2025-09,129,65008.8,5.1,503.94
351820,2025-10,155,81375.53,3.9,525.0
351820,2025-11,121,61139.02,4.0,505.28
351820,2025-12,123,72443.54,4.1,588.97
351820,2026-01,135,80920.05,4.6,599.41
351820,2026-02,109,55467.83,3.6,508.88
351820,2026-03,113,65947.21,4.0,583.6
351820,2026-04,116,54800.78,4.5,472.42
351820,2026-05,130,62701.59,4.7,482.32
351820,2026-06,152,76148.7,4.3,500.98
351830,2025-07,116,46316.45,3.3,399.28
351830,2025-08,128,59459.64,2.6,464.53
351830,2025-09,134,54464.25,2.7,406.45
351830,2025-10,124,44713.35,3.3,360.59
351830,2025-11,104,40074.46,3.1,385.33
351830,2025-12,138,46953.8,2.7,340.24
351830,2026-01,123,48370.69,2.5,393.26
351830,2026-02,117,40914.92,2.8,349.7
351830,2026-03,130,48653.0,3.4,374.25
351830,2026-04,158,54827.53,3.2,347.01
351830,2026-05,151,58255.57,2.7,385.8
351830,2026-06,133,49046.06,3.4,368.77
351840,2025-07,631,1145465.82,4.8,1815.32
351840,2025-08,575,928680.2,4.4,1615.1
351840,2025-09,530,934571.59,5.0,1763.34
351840,2025-10,532,1061989.21,4.9,1996.22
351840,2025-11,526,1003040.36,5.0,1906.92
351840,2025-12,441,918773.55,5.9,2083.39
351840,2026-01,713,1284088.3,4.7,1800.97
351840,2026-02,1248,2301980.99,5.9,1844.54
351840,2026-03,1100,1553669.02,4.8,1412.43
351840,2026-04,1301,1821682.22,4.4,1400.22
351840,2026-05,1116,2144775.3,6.5,1921.84
351840,2026-06,1398,2237148.27,5.2,1600.25
351860,2025-07,116,63768.88,3.1,549.73
351860,2025-08,105,49976.25,3.2,475.96
351860,2025-09,115,52751.7,3.0,458.71
351860,2025-10,121,65963.97,2.7,545.16
351860,2025-11,107,61342.04,2.3,573.29
351860,2025-12,113,58745.47,3.1,519.87
351860,2026-01,124,53017.27,2.7,427.56
351860,2026-02,98,41351.16,3.1,421.95
351860,2026-03,145,64753.04,2.6,446.57
351860,2026-04,118,58489.38,2.2,495.67
351860,2026-05,140,73469.75,2.8,524.78
351860,2026-06,121,66206.93,2.8,547.16
351870,2025-07,1161,2363856.94,5.5,2036.05
351870,2025-08,1120,2529676.13,5.9,2258.64
351870,2025-09,1088,2333786.13,6.1,2145.02
351870,2025-10,1147,2582931.99,6.0,2251.9
351870,2025-11,1037,2004153.77,5.7,1932.65
351870,2025-12,1106,2544849.32,6.3,2300.95
351870,2026-01,1114,2404329.92,5.7,2158.29
351870,2026-02,1009,2215033.52,6.3,2195.28
351870,2026-03,1133,2273775.02,5.8,2006.86
351870,2026-04,1174,2389381.16,5.6,2035.25
351870,2026-05,905,2146729.65,6.5,2372.08
351870,2026-06,1063,2407194.33,5.9,2264.53
351880,2025-07,5118,8455631.97,8.2,1652.14
351880,2025-08,4697,7537167.25,7.4,1604.68
351880,2025-09,5011,8259596.72,8.8,1648.29
351880,2025-10,5297,9223667.5,7.8,1741.3
351880,2025-11,4353,7518890.41,8.5,1727.29
351880,2025-12,4370,7737836.84,8.6,1770.67
351880,2026-01,4852,8117010.64,8.0,1672.92
351880,2026-02,4304,7148672.25,8.0,1660.94
351880,2026-03,5163,8825186.74,7.7,1709.31
351880,2026-04,4637,7798422.39,8.1,1681.78
351880,2026-05,4927,8864451.48,8.1,1799.16
351880,2026-06,4259,7902716.82,8.7,1855.53
351900,2025-07,68,27263.19,3.6,400.93
351900,2025-08,80,31060.43,3.2,388.26
351900,2025-09,34,13082.61,4.4,384.78
351900,2025-10,62,23844.88,3.4,384.59
351900,2025-11,39,13888.14,3.3,356.11
351900,2025-12,61,20931.33,3.6,343.14
351900,2026-01,75,27926.07,3.5,372.35
351900,2026-02,71,25308.31,3.3,356.46
351900,2026-03,65,22245.58,3.6,342.24
351900,2026-04,67,22294.3,3.8,332.75
351900,2026-05,86,32266.11,3.5,375.19
351900,2026-06,57,20965.98,3.4,367.82
351907,2025-07,468,325227.74,3.5,694.93
351907,2025-08,610,531222.02,3.5,870.86
351907,2025-09,474,404017.29,3.7,852.36
351907,2025-10,460,538039.69,3.8,1169.65
351907,2025-11,443,443367.31,4.3,1000.83
351907,2025-12,485,420063.71,3.8,866.11
351907,2026-01,528,653953.01,4.7,1238.55
351907,2026-02,435,448906.48,3.5,1031.97
351907,2026-03,514,508546.36,3.8,989.39
351907,2026-04,432,412530.54,4.2,954.93
351907,2026-05,468,414833.12,3.7,886.4
351907,2026-06,422,374619.31,3.7,887.72
351910,2025-07,77,18247.53,2.6,236.98
351910,2025-08,73,16727.73,2.1,229.15
351910,2025-09,80,22221.52,2.8,277.77
351910,2025-10,47,11919.12,1.7,253.6
351910,2025-11,62,14714.82,2.2,237.34
351910,2025-12,38,9295.72,1.5,244.62
351910,2026-01,55,13364.2,2.1,242.99
351910,2026-02,67,19567.38,2.5,292.05
351910,2026-03,79,17484.75,2.3,221.33
351910,2026-04,88,19779.06,2.2,224.76
351910,2026-05,76,16690.7,2.3,219.61
351910,2026-06,46,12300.96,3.1,267.41
351930,2025-07,86,46635.49,1.8,542.27
351930,2025-08,81,59430.56,2.9,733.71
351930,2025-09,83,83469.64,2.8,1005.66
351930,2025-10,74,39657.29,2.4,535.91
351930,2025-11,78,51468.11,2.6,659.85
351930,2025-12,78,41645.11,3.6,533.91
351930,2026-01,70,52150.1,3.4,745.0
351930,2026-02,69,42759.62,3.0,619.7
351930,2026-03,66,48427.53,2.9,733.75
351930,2026-04,87,80881.28,2.7,929.67
351930,2026-05,94,92113.02,3.5,979.93
351930,2026-06,92,84714.64,3.1,920.81
351940,2025-07,34,14283.21,4.1,420.09
351940,2025-08,39,17051.29,4.0,437.21
351940,2025-09,33,18990.24,3.2,575.46
351940,2025-10,30,13014.24,4.9,433.81
351940,2025-11,34,18372.39,4.9,540.36
351940,2025-12,33,14475.74,4.8,438.66
351940,2026-01,36,16472.98,4.4,457.58
351940,2026-02,31,15701.43,4.4,506.5
351940,2026-03,36,14859.19,3.9,412.76
351940,2026-04,29,12959.84,3.8,446.89
351940,2026-05,44,22041.95,3.8,500.95
351940,2026-06,36,16825.3,4.6,467.37
351960,2025-07,478,487819.11,3.2,1020.54
351960,2025-08,498,515573.33,2.7,1035.29
351960,2025-09,377,485314.11,3.1,1287.31
351960,2025-10,389,517833.66,2.7,1331.19
351960,2025-11,358,567491.36,2.7,1585.17
351960,2025-12,392,481575.42,2.5,1228.51
351960,2026-01,414,470663.31,2.5,1136.87
351960,2026-02,441,536876.26,2.5,1217.41
351960,2026-03,451,555299.79,2.6,1231.26
351960,2026-04,408,610500.83,2.9,1496.33
351960,2026-05,417,624802.93,2.6,1498.33
351960,2026-06,427,618713.39,3.0,1448.98
351970,2025-07,349,174722.29,2.7,500.64
351970,2025-08,385,203095.67,3.3,527.52
351970,2025-09,404,203172.58,3.2,502.9
351970,2025-10,401,202326.75,3.2,504.56
351970,2025-11,334,179010.22,3.1,535.96
351970,2025-12,285,147692.06,4.7,518.22
351970,2026-01,350,184416.96,3.1,526.91
351970,2026-02,330,175860.41,2.9,532.91
351970,2026-03,407,221921.68,3.6,545.26
351970,2026-04,369,198909.26,3.2,539.05
351970,2026-05,330,183774.46,3.5,556.89
351970,2026-06,357,195303.46,3.3,547.07
351990,2025-07,76,33496.25,2.7,440.74
351990,2025-08,67,27267.84,3.4,406.98
351990,2025-09,62,22359.71,2.5,360.64
351990,2025-10,63,19418.19,3.1,308.23
351990,2025-11,46,17887.02,4.1,388.85
351990,2025-12,55,22113.53,3.8,402.06
351990,2026-01,53,18187.91,3.4,343.17
351990,2026-02,48,17298.51,4.1,360.39
351990,2026-03,50,16908.46,4.3,338.17
351990,2026-04,80,24871.18,3.1,310.89
351990,2026-05,53,18509.01,3.1,349.23
351990,2026-06,63,22630.86,3.0,359.22
352010,2025-07,129,85332.18,4.5,661.49
352010,2025-08,133,96120.79,5.0,722.71
352010,2025-09,132,79508.75,4.5,602.34
352010,2025-10,138,74866.82,5.8,542.51
352010,2025-11,111,59722.22,5.1,538.04
352010,2025-12,107,62599.99,5.6,585.05
352010,2026-01,85,47552.3,5.0,559.44
352010,2026-02,98,60317.8,4.5,615.49
352010,2026-03,102,74868.43,5.1,734.0
352010,2026-04,115,83747.45,4.6,728.24
352010,2026-05,122,88760.78,5.0,727.55
352010,2026-06,107,81021.02,4.6,757.21
352040,2025-07,296,240547.64,2.5,812.66
352040,2025-08,265,215016.69,2.7,811.38
352040,2025-09,279,220391.94,2.8,789.94
352040,2025-10,259,184802.25,2.7,713.52
352040,2025-11,222,149250.33,3.0,672.3
352040,2025-12,219,191040.41,2.8,872.33
352040,2026-01,327,229185.55,2.5,700.87
352040,2026-02,199,171259.25,3.1,860.6
352040,2026-03,209,152905.33,4.0,731.6
352040,2026-04,177,136323.7,3.2,770.19
352040,2026-05,160,145684.09,3.5,910.53
352040,2026-06,210,154253.46,3.6,734.54
352044,2025-07,264,306269.78,3.5,1160.11
352044,2025-08,250,264529.57,3.0,1058.12
352044,2025-09,262,285602.5,3.5,1090.09
352044,2025-10,281,306344.38,3.2,1090.19
352044,2025-11,203,216904.5,3.7,1068.5
352044,2025-12,218,273456.87,4.0,1254.39
352044,2026-01,197,246872.13,3.5,1253.16
352044,2026-02,196,297622.26,3.7,1518.48
352044,2026-03,191,273606.61,4.5,1432.5
352044,2026-04,259,337556.58,4.4,1303.31
352044,2026-05,209,283284.5,3.7,1355.43
352044,2026-06,225,322271.9,3.9,1432.32
352050,2025-07,1950,2448177.77,4.2,1255.48
352050,2025-08,1962,2222024.42,3.9,1132.53
352050,2025-09,1914,2241719.71,3.8,1171.22
352050,2025-10,1990,2273446.24,3.7,1142.44
352050,2025-11,1872,2397110.75,4.0,1280.51
352050,2025-12,1753,2084408.07,3.6,1189.05
352050,2026-01,1866,2424305.59,3.3,1299.2
352050,2026-02,1696,2110566.46,3.3,1244.44
352050,2026-03,2030,2395589.6,3.1,1180.09
352050,2026-04,1910,2369010.3,3.0,1240.32
352050,2026-05,1973,2681792.63,3.2,1359.25
352050,2026-06,1829,2027440.0,3.3,1108.5
352070,2025-07,33,15705.57,3.6,475.93
352070,2025-08,29,9846.46,3.8,339.53
352070,2025-09,24,9305.86,3.3,387.74
352070,2025-10,42,16768.26,2.6,399.24
352070,2025-11,28,9862.65,3.0,352.24
352070,2025-12,27,11441.02,4.1,423.74
352070,2026-01,27,7339.97,3.2,271.85
352070,2026-02,28,9334.58,2.7,333.38
352070,2026-03,44,18123.03,2.9,411.89
352070,2026-04,29,10107.31,3.4,348.53
352070,2026-05,42,16331.69,2.8,388.85
352070,2026-06,31,11794.61,3.0,380.47
352090,2025-07,62,28187.8,3.7,454.64
352090,2025-08,83,48808.25,2.6,588.05
352090,2025-09,96,49493.63,3.2,515.56
352090,2025-10,61,28717.92,2.5,470.79
352090,2025-11,44,20669.86,4.0,469.77
352090,2025-12,59,33433.09,3.4,566.66
352090,2026-01,56,30454.68,3.0,543.83
352090,2026-02,71,32098.19,2.8,452.09
352090,2026-03,82,50171.03,2.9,611.84
352090,2026-04,72,35306.85,3.1,490.37
352090,2026-05,68,27789.2,3.6,408.66
352090,2026-06,88,44114.57,2.4,501.3
352130,2025-07,104,49393.15,2.0,474.93
352130,2025-08,91,47272.86,3.5,519.48
352130,2025-09,107,48856.41,1.4,456.6
352130,2025-10,89,40089.58,2.7,450.44
352130,2025-11,89,44061.76,2.4,495.08
352130,2025-12,85,45702.34,4.5,537.67
352130,2026-01,87,48856.42,3.4,561.57
352130,2026-02,87,41472.73,3.2,476.7
352130,2026-03,98,55935.28,3.5,570.77
352130,2026-04,93,45162.78,2.2,485.62
352130,2026-05,80,38582.77,3.0,482.28
352130,2026-06,79,39281.24,2.2,497.23
352170,2025-07,102,46396.05,2.2,454.86
352170,2025-08,73,40859.67,1.7,559.72
352170,2025-09,103,48408.4,2.6,469.98
352170,2025-10,118,64440.24,2.8,546.1
352170,2025-11,105,53929.58,2.2,513.62
352170,2025-12,89,45056.0,1.8,506.25
352170,2026-01,98,50331.48,2.1,513.59
352170,2026-02,88,45149.28,1.9,513.06
352170,2026-03,97,50758.55,2.2,523.28
352170,2026-04,74,38972.66,2.0,526.66
352170,2026-05,102,61429.45,2.2,602.25
352180,2025-07,84,36558.17,2.6,435.22
352180,2025-08,75,28849.77,3.4,384.66
352180,2025-09,103,37639.08,3.2,365.43
352180,2025-10,89,31041.8,3.0,348.78
352180,2025-11,69,28298.04,2.1,410.12
352180,2025-12,100,41520.04,2.6,415.2
352180,2026-01,73,30225.46,2.5,414.05
352180,2026-02,59,23927.43,2.4,405.55
352180,2026-03,96,33416.59,2.7,348.09
352180,2026-04,94,31621.25,2.6,336.4
352180,2026-05,104,41514.17,2.7,399.17
352180,2026-06,78,32094.44,3.0,411.47
352190,2025-07,73,29545.81,6.3,404.74
352190,2025-08,82,33394.3,6.6,407.25
352190,2025-09,64,26391.29,6.4,412.36
352190,2025-10,48,16042.28,7.5,334.21
352190,2025-11,48,16121.01,9.3,335.85
352190,2025-12,47,14192.95,7.7,301.98
352190,2026-01,44,12349.58,7.8,280.67
352190,2026-02,52,14123.4,6.6,271.6
352190,2026-03,70,25282.73,7.6,361.18
352190,2026-04,71,21206.07,7.4,298.68
352190,2026-05,77,24452.65,7.5,317.57
352190,2026-06,75,25647.45,7.5,341.97
352210,2025-07,877,1059648.75,3.9,1208.27
352210,2025-08,1116,1520359.75,4.6,1362.33
352210,2025-09,1008,1410368.21,4.4,1399.17
352210,2025-10,1019,1249254.64,4.2,1225.96
352210,2025-11,956,1211562.38,4.2,1267.32
352210,2025-12,1008,1305090.04,4.4,1294.73
352210,2026-01,983,1212769.27,4.4,1233.74
352210,2026-02,957,1266711.93,4.4,1323.63
352210,2026-03,962,1340180.96,4.5,1393.12
352210,2026-04,1098,1348659.96,4.3,1228.29
352210,2026-05,1026,1265292.81,4.6,1233.23
352210,2026-06,1001,1355092.16,4.5,1353.74
352220,2025-07,1516,1808814.97,4.0,1193.15
352220,2025-08,848,646951.92,2.1,762.92
352220,2025-09,1466,1475917.54,3.0,1006.77
352220,2025-10,2175,2877590.96,4.6,1323.03
352220,2025-11,1356,1800558.21,4.3,1327.85
352220,2025-12,1412,1666073.67,4.0,1179.94
352220,2026-01,1307,1478274.02,3.7,1131.04
352220,2026-02,1271,1518263.95,4.3,1194.54
352220,2026-03,1649,1806409.98,3.6,1095.46
352220,2026-04,1391,1393834.55,3.6,1002.04
352220,2026-05,1353,1656170.1,4.2,1224.07
352220,2026-06,1417,1471740.57,3.7,1038.63
352230,2025-07,945,1027228.71,6.0,1087.01
352230,2025-08,885,1030892.95,6.0,1164.85
352230,2025-09,857,943156.4,5.9,1100.53
352230,2025-10,859,928368.9,6.0,1080.76
352230,2025-11,830,823364.82,5.9,992.01
352230,2025-12,819,886543.83,6.0,1082.47
352230,2026-01,855,1006573.52,6.1,1177.28
352230,2026-02,808,984812.22,5.6,1218.83
352230,2026-03,899,1094437.68,5.6,1217.39
352230,2026-04,918,1069181.82,5.6,1164.69
352230,2026-05,896,1116434.69,5.8,1246.02
352230,2026-06,890,1112493.46,6.0,1249.99
352240,2025-07,874,1279957.04,3.8,1464.48
352240,2025-08,789,1297305.27,3.9,1644.24
352240,2025-09,728,1324701.97,4.1,1819.65
352240,2025-10,907,1317821.5,3.5,1452.95
352240,2025-11,919,1329360.05,4.0,1446.53
352240,2025-12,788,1224447.23,3.8,1553.87
352240,2026-01,607,1394547.1,4.8,2297.44
352240,2026-02,767,1360935.57,3.9,1774.36
352240,2026-03,644,1316996.48,3.9,2045.03
352240,2026-04,812,1294580.94,3.6,1594.31
352240,2026-05,823,1415160.99,4.0,1719.52
352240,2026-06,849,1389072.83,3.9,1636.13
352250,2025-07,1463,1543950.52,4.0,1055.33
352250,2025-08,1393,1447148.48,4.6,1038.87
352250,2025-09,1360,1215427.89,3.9,893.7
352250,2025-10,1337,1356570.15,4.2,1014.64
352250,2025-11,1236,1114405.5,3.8,901.62
352250,2025-12,1245,1137051.92,3.9,913.29
352250,2026-01,1254,1423494.38,4.4,1135.16
352250,2026-02,1210,1090404.67,3.8,901.16
352250,2026-03,1402,1232663.13,3.7,879.22
352250,2026-04,1335,1258667.78,3.9,942.82
352250,2026-05,1293,1321192.19,4.3,1021.8
352250,2026-06,1290,1363284.99,4.5,1056.81
352260,2025-07,553,1165436.07,23.5,2107.48
352260,2025-08,569,1187860.6,23.6,2087.63
352260,2025-09,493,1123078.28,26.8,2278.05
352260,2025-10,517,1102287.71,25.9,2132.08
352260,2025-11,472,1069776.65,28.1,2266.48
352260,2025-12,523,1357299.95,26.3,2595.22
352260,2026-01,573,1135647.84,23.8,1981.93
352260,2026-02,472,1047917.6,26.1,2220.16
352260,2026-03,421,1030438.01,29.8,2447.6
352260,2026-04,409,899634.51,23.2,2199.6
352260,2026-05,413,1084835.49,24.1,2626.72
352260,2026-06,447,978853.46,20.9,2189.83
352270,2025-07,288,353659.02,3.2,1227.98
352270,2025-08,293,314777.45,3.3,1074.33
352270,2025-09,297,353783.29,3.5,1191.19
352270,2025-10,284,330507.65,3.2,1163.76
352270,2025-11,296,342517.05,3.2,1157.15
352270,2025-12,246,289153.88,3.5,1175.42
352270,2026-01,252,287473.98,3.9,1140.77
352270,2026-02,254,318667.5,3.4,1254.6
352270,2026-03,320,391571.54,3.3,1223.66
352270,2026-04,359,396566.19,3.2,1104.64
352270,2026-05,386,404475.75,3.0,1047.86
352270,2026-06,416,397451.53,3.0,955.41
352280,2025-07,111,45091.55,2.5,406.23
352280,2025-08,85,35240.19,2.1,414.59
352280,2025-09,98,40117.2,2.6,409.36
352280,2025-10,97,35800.71,2.0,369.08
352280,2025-11,79,37439.94,2.0,473.92
352280,2025-12,106,40244.01,2.0,379.66
352280,2026-01,86,36509.0,2.2,424.52
352280,2026-02,85,33418.89,2.6,393.16
352280,2026-03,83,37859.66,1.7,456.14
352280,2026-04,74,30489.93,2.0,412.03
352280,2026-05,96,37173.54,1.9,387.22
352280,2026-06,91,40459.24,2.6,444.61
352290,2025-07,12,4064.97,4.8,338.75
352310,2025-07,1278,1576242.08,6.6,1233.37
352310,2025-08,1208,1367467.28,5.6,1132.01
352310,2025-09,1322,1480742.18,6.2,1120.08
352310,2025-10,1213,1455947.6,5.9,1200.29
352310,2025-11,1229,1438847.13,6.3,1170.75
352310,2025-12,1234,1299207.96,5.9,1052.84
352310,2026-01,1180,1322737.58,6.3,1120.96
352310,2026-02,1219,1532656.27,6.2,1257.31
352310,2026-03,1381,1707954.02,5.7,1236.75
352310,2026-04,1232,1389039.8,5.8,1127.47
352310,2026-05,1324,1594413.26,5.7,1204.24
352310,2026-06,1321,1592266.61,6.0,1205.35
352320,2025-07,366,257516.23,2.0,703.6
352320,2025-08,331,262762.77,2.0,793.85
352320,2025-09,328,247389.87,2.2,754.24
352320,2025-10,348,228990.09,1.8,658.02
352320,2025-11,330,233061.11,1.9,706.25
352320,2025-12,357,263260.56,2.0,737.42
352320,2026-01,389,257509.09,1.9,661.98
352320,2026-02,341,227208.49,1.9,666.3
352320,2026-03,374,271421.63,2.1,725.73
352320,2026-04,351,234025.35,2.1,666.74
352320,2026-05,314,226311.56,2.2,720.74
352320,2026-06,341,230987.4,2.2,677.38
352340,2025-07,553,713076.29,3.9,1289.47
352340,2025-08,618,860897.47,3.4,1393.04
352340,2025-09,552,702904.23,3.0,1273.38
352340,2025-10,581,871922.26,3.2,1500.73
352340,2025-11,557,839689.51,3.4,1507.52
352340,2025-12,716,1038405.86,3.1,1450.29
352340,2026-01,702,889390.07,3.3,1266.94
352340,2026-02,599,905631.1,3.3,1511.91
352340,2026-03,576,753924.32,3.4,1308.9
352340,2026-04,645,914969.29,3.0,1418.56
352340,2026-05,466,985291.54,3.7,2114.36
352340,2026-06,472,739375.84,3.3,1566.47
352350,2025-07,27,11921.55,4.4,441.54
352350,2025-08,36,12227.26,2.4,339.65
352350,2025-09,27,9287.89,3.2,344.0
352350,2025-10,27,11281.78,3.9,417.84
352350,2025-11,14,7159.4,4.4,511.39
352350,2025-12,20,8068.54,4.8,403.43
352350,2026-01,31,12675.65,5.6,408.89
352350,2026-02,16,6169.64,4.6,385.6
352350,2026-03,26,9400.89,4.0,361.57
352350,2026-04,29,11080.66,4.7,382.09
352350,2026-05,28,13181.4,5.2,470.76
352350,2026-06,21,8725.06,4.9,415.48
352360,2025-07,13,6918.51,4.6,532.19
352360,2025-08,8,4989.4,4.5,623.67
352360,2025-09,10,5711.38,7.3,571.14
352360,2025-10,12,5176.01,4.3,431.33
352360,2025-11,8,4468.02,5.3,558.5
352360,2025-12,7,2960.56,2.9,422.94
352360,2026-01,3,1427.41,3.3,475.8
352360,2026-02,7,2659.51,5.0,379.93
352360,2026-03,7,3222.69,3.9,460.38
352360,2026-04,21,9281.12,6.2,441.96
352360,2026-05,12,4700.65,4.2,391.72
352360,2026-06,15,7526.78,3.6,501.79
352390,2025-07,764,1507774.13,10.6,1973.53
352390,2025-08,776,1578917.42,10.2,2034.69
352390,2025-09,718,1380537.79,10.3,1922.75
352390,2025-10,694,1299313.65,10.7,1872.21
352390,2025-11,670,1342864.99,11.0,2004.28
352390,2025-12,630,1475819.88,12.0,2342.57
352390,2026-01,651,1479183.71,11.9,2272.17
352390,2026-02,654,1273626.11,10.8,1947.44
352390,2026-03,694,1405088.06,11.3,2024.62
352390,2026-04,676,1527661.24,11.4,2259.85
352390,2026-05,713,1554065.24,11.0,2179.61
352390,2026-06,809,1590458.14,9.7,1965.96
352400,2025-07,204,83926.54,4.0,411.4
352400,2025-08,180,72636.32,4.0,403.54
352400,2025-09,179,77968.2,3.3,435.58
352400,2025-10,181,71285.04,3.4,393.84
352400,2025-11,187,79079.8,3.2,422.89
352400,2025-12,100,44313.63,3.7,443.14
352400,2026-01,250,106288.82,3.0,425.16
352400,2026-02,178,69037.62,3.6,387.85
352400,2026-03,187,71485.38,3.0,382.27
352400,2026-04,168,67601.72,3.8,402.39
352400,2026-05,201,82037.53,3.5,408.15
352400,2026-06,188,76337.61,3.1,406.05
352410,2025-07,342,595501.96,3.8,1741.23
352410,2025-08,392,661058.53,4.4,1686.37
352410,2025-09,345,533325.74,3.5,1545.87
352410,2025-10,355,481950.48,3.6,1357.61
352410,2025-11,278,480484.9,4.1,1728.36
352410,2025-12,276,605210.38,4.1,2192.79
352410,2026-01,255,374495.15,3.8,1468.61
352410,2026-02,269,298051.66,3.6,1108.0
352410,2026-03,291,392516.68,3.5,1348.85
352410,2026-04,289,542149.37,3.5,1875.95
352410,2026-05,307,609455.52,3.7,1985.2
352410,2026-06,287,500390.31,3.4,1743.52
352420,2025-07,3,900.54,6.7,300.18
352420,2025-08,3,682.31,3.3,227.44
352420,2025-09,7,3492.02,3.4,498.86
352420,2025-10,7,3399.77,4.1,485.68
352420,2025-11,2,373.33,3.5,186.66
352420,2025-12,6,3213.38,6.8,535.56
352420,2026-01,4,1809.83,5.0,452.46
352420,2026-02,5,1988.54,2.6,397.71
352420,2026-03,7,3048.23,4.6,435.46
352420,2026-04,3,858.78,2.7,286.26
352420,2026-05,5,2289.11,2.6,457.82
352420,2026-06,4,1483.85,3.3,370.96
352430,2025-07,181,183875.72,4.6,1015.89
352430,2025-08,156,129367.78,3.8,829.28
352430,2025-09,194,200888.84,4.4,1035.51
352430,2025-10,182,183942.4,4.8,1010.67
352430,2025-11,184,194359.51,5.1,1056.3
352430,2025-12,154,158541.54,5.1,1029.49
352430,2026-01,197,167775.75,3.3,851.65
352430,2026-02,157,165902.18,4.4,1056.7
352430,2026-03,213,220505.14,4.7,1035.24
352430,2026-04,205,184912.01,4.4,902.01
352430,2026-05,215,214365.33,4.4,997.05
352430,2026-06,211,161190.61,3.8,763.94
352440,2025-07,1206,2113831.47,4.1,1752.76
352440,2025-08,1332,2318400.88,4.0,1740.54
352440,2025-09,1215,1951142.38,4.0,1605.88
352440,2025-10,1311,2207356.61,4.1,1683.72
352440,2025-11,1149,1851526.95,4.3,1611.42
352440,2025-12,1161,1725606.61,4.3,1486.31
352440,2026-01,1156,1845119.76,4.4,1596.12
352440,2026-02,1182,1893541.74,3.9,1601.98
352440,2026-03,1390,1866436.81,3.8,1342.76
352440,2026-04,1326,1969957.03,3.8,1485.64
352440,2026-05,1463,2110188.02,3.6,1442.37
352440,2026-06,1275,2127853.6,4.1,1668.9
352450,2025-07,64,412168.09,84.7,6440.13
352450,2025-08,59,413495.83,88.6,7008.4
352450,2025-09,58,396687.94,86.7,6839.45
352450,2025-10,59,413847.68,91.2,7014.37
352450,2025-11,54,392114.66,94.3,7261.38
352450,2025-12,43,411660.95,120.3,9573.51
352450,2026-01,47,412565.05,113.2,8777.98
352450,2026-02,132,391679.14,35.2,2967.27
352450,2026-03,48,421158.69,107.0,8774.14
352450,2026-04,32,398767.65,156.1,12461.49
352450,2026-05,54,425090.03,97.4,7872.04
352450,2026-06,51,413607.07,101.2,8109.94
352470,2025-07,390,521882.45,3.9,1338.16
352470,2025-08,333,340294.76,3.5,1021.91
352470,2025-09,319,310940.67,3.1,974.74
352470,2025-10,330,526121.92,3.9,1594.31
352470,2025-11,331,431348.11,3.1,1303.17
352470,2025-12,288,269717.27,3.0,936.52
352470,2026-01,367,451845.62,3.5,1231.19
352470,2026-02,318,398701.77,3.6,1253.78
352470,2026-03,334,341110.35,3.5,1021.29
352470,2026-04,293,364521.35,3.2,1244.1
352470,2026-05,299,334328.25,3.3,1118.15
352470,2026-06,323,337801.79,3.1,1045.83
352480,2025-07,801,1348533.54,3.2,1683.56
352480,2025-08,704,1254780.42,3.3,1782.36
352480,2025-09,719,1240504.38,3.0,1725.32
352480,2025-10,735,1260832.03,3.1,1715.42
352480,2025-11,579,974332.96,2.9,1682.79
352480,2025-12,806,1249449.35,3.4,1550.19
352480,2026-01,715,1306925.54,3.5,1827.87
352480,2026-02,747,1360089.54,3.2,1820.74
352480,2026-03,790,1414382.12,3.1,1790.36
352480,2026-04,677,1227454.22,3.3,1813.08
352480,2026-05,691,1384044.04,3.4,2002.96
352480,2026-06,747,1328103.02,3.2,1777.92
352520,2025-07,56,12863.39,3.3,229.7
352520,2025-08,59,14363.54,5.2,243.45
352520,2025-09,55,10702.31,2.9,194.59
352520,2025-10,49,11050.49,2.7,225.52
352520,2025-11,43,9806.83,3.8,228.07
352520,2025-12,51,11209.75,3.0,219.8
352520,2026-01,41,5676.34,3.3,138.45
352520,2026-02,38,4899.47,4.0,128.93
352520,2026-03,30,4259.62,3.5,141.99
352520,2026-04,44,6757.11,3.0,153.57
352520,2026-05,40,4534.66,2.5,113.37
352520,2026-06,59,19064.67,3.1,323.13
352530,2025-07,2299,6827822.04,5.7,2969.91
352530,2025-08,2167,5836105.37,6.1,2693.17
352530,2025-09,2361,6257821.64,5.1,2650.5
352530,2025-10,2481,5955969.94,5.1,2400.63
352530,2025-11,2222,6091853.07,5.6,2741.61
352530,2025-12,2190,6269979.62,5.6,2863.0
352530,2026-01,1820,4625149.05,4.8,2541.29
352530,2026-02,1975,6377640.84,5.5,3229.19
352530,2026-03,2746,6681450.92,5.7,2433.16
352530,2026-04,2383,5979822.15,5.1,2509.37
352530,2026-05,2279,6531473.29,5.4,2865.94
352530,2026-06,2319,6388947.78,5.3,2755.04
352550,2025-07,12,3589.52,4.4,299.13
352550,2025-08,14,4379.34,3.4,312.81
352550,2025-09,16,3969.41,3.8,248.09
352550,2025-10,16,5074.2,3.4,317.14
352550,2025-11,23,10869.96,4.3,472.61
352550,2025-12,23,9547.39,4.2,415.1
352550,2026-01,29,11239.02,3.7,387.55
352550,2026-02,21,9058.58,4.1,431.36
352550,2026-03,18,9648.06,4.3,536.0
352550,2026-04,21,8561.07,5.1,407.67
352550,2026-05,23,8841.26,4.2,384.4
352570,2025-07,184,110795.79,5.2,602.15
352570,2025-08,191,115740.77,5.0,605.97
352570,2025-09,193,119401.75,4.6,618.66
352570,2025-10,201,117020.63,4.7,582.19
352570,2025-11,200,145519.15,4.7,727.6
352570,2025-12,195,105409.83,4.3,540.56
352570,2026-01,199,120477.04,3.9,605.41
352570,2026-02,222,173107.45,4.5,779.76
352570,2026-03,209,132667.68,4.5,634.77
352570,2026-04,237,150397.69,3.5,634.59
352570,2026-05,235,141189.88,4.0,600.81
352570,2026-06,205,148050.75,4.5,722.2
352590,2025-07,3689,5134663.25,4.1,1391.88
352590,2025-08,3430,4897102.03,4.0,1427.73
352590,2025-09,3582,5543521.29,3.9,1547.61
352590,2025-10,3468,4999942.88,3.9,1441.74
352590,2025-11,3151,4637593.21,4.0,1471.78
352590,2025-12,2887,4460181.8,4.4,1544.92
352590,2026-01,4121,5895605.76,3.9,1430.63
352590,2026-02,4145,4761657.4,3.1,1148.77
352590,2026-03,3978,5434754.59,3.9,1366.2
352590,2026-04,3794,5148509.88,3.5,1357.01
352590,2026-05,4048,5368215.95,3.7,1326.14
352590,2026-06,3698,5211371.48,3.9,1409.24
352600,2025-07,98,52267.95,6.1,533.35
352600,2025-08,101,47221.68,6.6,467.54
352600,2025-09,119,59353.53,5.5,498.77
352600,2025-10,116,52094.02,6.3,449.09
352600,2025-11,84,41181.02,7.0,490.25
352600,2025-12,102,49117.29,7.2,481.54
352600,2026-01,85,32987.29,5.3,388.09
352600,2026-02,84,47032.56,6.4,559.91
352600,2026-03,88,37326.63,6.7,424.17
352600,2026-04,88,38948.94,7.2,442.6
352600,2026-05,103,48319.44,5.8,469.12
352600,2026-06,77,37934.8,7.3,492.66
352640,2025-07,136,71790.53,4.4,527.87
352640,2025-08,129,61996.46,4.1,480.59
352640,2025-09,115,53178.23,3.7,462.42
352640,2025-10,119,65987.48,3.3,554.52
352640,2025-11,135,67554.55,3.1,500.4
352640,2025-12,142,72309.89,3.3,509.22
352640,2026-01,137,63528.1,4.3,463.71
352640,2026-02,120,62063.14,3.5,517.19
352640,2026-03,150,71165.38,3.5,474.44
352640,2026-04,158,70793.32,3.3,448.06
352640,2026-05,147,67779.58,3.7,461.09
352640,2026-06,143,68210.33,3.2,477.0
352670,2025-07,456,438368.38,3.6,961.33
352670,2025-08,475,538580.12,3.4,1133.85
352670,2025-09,442,477107.42,3.6,1079.43
352670,2025-10,471,462913.67,3.1,982.83
352670,2025-11,449,429954.55,3.5,957.58
352670,2025-12,472,432353.13,3.4,916.0
352670,2026-01,441,399839.63,3.4,906.67
352670,2026-02,417,374486.59,3.3,898.05
352670,2026-03,487,444873.72,3.2,913.5
352670,2026-04,486,512466.98,3.7,1054.46
352670,2026-05,412,433099.5,3.8,1051.21
352670,2026-06,424,466362.53,4.1,1099.91
352680,2025-07,235,298792.91,3.2,1271.46
352680,2025-08,240,340877.26,3.5,1420.32
352680,2025-09,231,281952.4,3.5,1220.57
352680,2025-10,274,278808.77,3.0,1017.55
352680,2025-11,270,291369.4,3.1,1079.15
352680,2025-12,260,338567.06,3.3,1302.18
352680,2026-01,284,317469.08,2.9,1117.85
352680,2026-02,241,266188.66,2.9,1104.52
352680,2026-03,280,286990.15,3.0,1024.96
352680,2026-04,233,259793.93,3.2,1115.0
352680,2026-05,259,290606.65,3.3,1122.03
352680,2026-06,306,414241.03,3.4,1353.73
352690,2025-07,1454,4482837.38,4.3,3083.11
352690,2025-08,1373,4341170.55,4.6,3161.81
352690,2025-09,1331,3646975.3,4.3,2740.03
352690,2025-10,1469,3944073.16,3.5,2684.87
352690,2025-11,1287,3747757.48,4.5,2912.01
352690,2025-12,1277,3723954.42,4.3,2916.17
352690,2026-01,1262,3664130.68,4.3,2903.43
352690,2026-02,1231,3184534.72,4.5,2586.95
352690,2026-03,1389,3805118.44,4.2,2739.47
352690,2026-04,1369,3659774.2,4.2,2673.32
352690,2026-05,1568,4233388.76,4.2,2699.87
352690,2026-06,1388,3660443.24,4.4,2637.21
352710,2025-07,663,877151.57,9.4,1323.0
352710,2025-08,608,853166.12,9.8,1403.23
352710,2025-09,689,831518.41,8.9,1206.85
352710,2025-10,724,911833.89,8.7,1259.44
352710,2025-11,636,820858.24,9.1,1290.66
352710,2025-12,667,824714.63,9.0,1236.45
352710,2026-01,636,843011.4,9.0,1325.49
352710,2026-02,654,850376.18,8.4,1300.27
352710,2026-03,666,714712.51,8.5,1073.14
352710,2026-04,723,874829.84,8.2,1210.0
352710,2026-05,676,944939.79,9.0,1397.84
352710,2026-06,705,876458.73,8.2,1243.2
352720,2025-07,431,632904.52,4.7,1468.46
352720,2025-08,429,692478.53,4.7,1614.17
352720,2025-09,402,727545.97,4.8,1809.82
352720,2025-10,386,645570.96,5.2,1672.46
352720,2025-11,313,612222.7,5.1,1955.98
352720,2025-12,405,667367.02,4.7,1647.82
352720,2026-01,349,615532.02,5.0,1763.7
352720,2026-02,317,533619.98,4.9,1683.34
352720,2026-03,381,706050.99,5.0,1853.15
352720,2026-04,397,726379.76,5.3,1829.67
352720,2026-05,473,699639.72,4.8,1479.15
352720,2026-06,416,619641.18,4.7,1489.52
352730,2025-07,222,156523.11,2.9,705.06
352730,2025-08,239,134516.39,2.1,562.83
352730,2025-09,205,118091.9,2.6,576.06
352730,2025-10,208,131548.39,2.3,632.44
352730,2025-11,204,116569.95,2.5,571.42
352730,2025-12,232,166984.02,2.3,719.76
352730,2026-01,217,128506.24,2.4,592.19
352730,2026-02,177,110018.46,2.2,621.57
352730,2026-03,214,150761.14,2.4,704.49
352730,2026-04,215,151146.35,3.0,703.01
352730,2026-05,196,140633.74,2.7,717.52
352730,2026-06,217,129916.3,2.7,598.69
352740,2025-07,57,19944.25,4.7,349.9
352740,2025-08,63,27399.03,5.1,434.91
352740,2025-09,59,15861.7,4.5,268.84
352740,2025-10,47,15930.71,4.9,338.95
352740,2025-11,57,23846.5,3.9,418.36
352740,2025-12,51,13336.59,3.5,261.5
352740,2026-01,52,24615.52,3.8,473.38
352740,2026-02,48,15401.41,3.1,320.86
352740,2026-03,52,17731.43,5.3,340.99
352740,2026-04,37,11495.92,4.9,310.7
352740,2026-05,66,20681.3,4.0,313.35
352740,2026-06,54,20699.72,5.1,383.33
352800,2025-07,65,24742.17,2.3,380.65
352800,2025-08,68,25892.46,3.1,380.77
352800,2025-09,91,36952.33,2.6,406.07
352800,2025-10,76,32593.98,3.8,428.87
352800,2025-11,42,17267.37,2.1,411.13
352800,2025-12,60,24881.53,2.5,414.69
352800,2026-01,49,14218.43,1.6,290.17
352800,2026-02,58,21648.16,3.1,373.24
352800,2026-03,63,22525.0,2.7,357.54
352800,2026-04,65,30202.67,2.8,464.66
352800,2026-05,64,28515.41,3.2,445.55
352800,2026-06,58,27971.17,3.3,482.26
352810,2025-07,11,5839.49,3.0,530.86
352810,2025-08,8,3112.83,3.9,389.1
352810,2025-09,6,1979.95,3.2,329.99
352810,2025-10,8,3687.31,2.8,460.91
352810,2025-11,6,2240.76,2.2,373.46
352810,2025-12,3,1180.25,2.3,393.42
352810,2026-01,4,1225.63,1.8,306.41
352810,2026-02,4,1670.23,1.8,417.56
352810,2026-03,4,1213.8,3.8,303.45
352810,2026-04,5,1319.55,1.6,263.91
352810,2026-05,8,3239.73,2.1,404.97
352810,2026-06,14,4761.79,1.9,340.13
352850,2025-07,222,72607.96,3.0,327.06
352850,2025-08,231,88663.42,2.9,383.82
352850,2025-09,230,75133.38,2.9,326.67
352850,2025-10,251,81285.7,2.8,323.85
352850,2025-11,224,82142.51,3.5,366.71
352850,2025-12,241,83330.77,2.8,345.77
352850,2026-01,221,65243.62,2.7,295.22
352850,2026-02,213,61641.32,2.5,289.4
352850,2026-03,236,74197.78,2.7,314.4
352850,2026-04,275,89903.3,3.3,326.92
352850,2026-05,258,87312.68,3.3,338.42
352850,2026-06,256,87841.31,3.4,343.13
352880,2025-07,105,47965.98,3.1,456.82
352880,2025-08,71,36589.67,4.0,515.35
352880,2025-09,81,51459.52,3.2,635.3
352880,2025-10,73,47567.39,3.0,651.61
352880,2025-11,70,34252.61,2.4,489.32
352880,2025-12,56,32444.87,2.9,579.37
352880,2026-01,65,38287.84,3.4,589.04
352880,2026-02,67,46208.03,3.7,689.67
352880,2026-03,83,57223.86,2.3,689.44
352880,2026-04,69,47526.21,3.2,688.79
352880,2026-05,78,52970.97,2.3,679.12
352880,2026-06,81,49421.87,3.0,610.15
352900,2025-07,2641,7053531.11,5.7,2670.78
352900,2025-08,2608,6841157.76,5.6,2623.14
352900,2025-09,2772,7638678.95,5.4,2755.66
352900,2025-10,2742,6942911.5,5.2,2532.06
352900,2025-11,2517,7109901.43,5.7,2824.75
352900,2025-12,2578,7061173.28,6.0,2739.01
352900,2026-01,2447,6716780.15,5.5,2744.9
352900,2026-02,2399,6046925.82,5.5,2520.6
352900,2026-03,2679,7039215.65,5.6,2627.55
352900,2026-04,2523,6317481.97,5.6,2503.96
352900,2026-05,2688,7573459.71,5.9,2817.51
352900,2026-06,2608,7710741.68,5.9,2956.57
352920,2025-07,253,144279.43,2.3,570.27
352920,2025-08,238,105207.09,2.4,442.05
352920,2025-09,267,107424.79,1.8,402.34
352920,2025-10,246,103454.89,2.0,420.55
352920,2025-11,268,107858.39,1.4,402.46
352920,2025-12,277,127084.72,2.1,458.79
352920,2026-01,224,78656.14,1.6,351.14
352920,2026-02,229,89698.12,1.9,391.69
352920,2026-03,251,93697.54,1.8,373.3
352920,2026-04,265,104982.12,2.0,396.16
352920,2026-05,266,100339.79,1.7,377.22
352920,2026-06,263,127087.88,2.0,483.22
352930,2025-07,530,1447453.81,3.8,2731.04
352930,2025-08,515,1841735.4,4.4,3576.19
352930,2025-09,612,1765825.63,4.2,2885.34
352930,2025-10,519,1949756.84,4.7,3756.76
352930,2025-11,548,1793898.27,4.1,3273.54
352930,2025-12,481,1390112.0,4.6,2890.05
352930,2026-01,530,1608625.43,4.7,3035.14
352930,2026-02,473,1731641.56,4.2,3660.98
352930,2026-03,565,1915204.24,4.5,3389.74
352930,2026-04,588,2100998.86,4.2,3573.13
352930,2026-05,595,1791993.44,4.0,3011.75
352930,2026-06,564,1859695.27,4.1,3297.33
352940,2025-07,1193,1354070.64,5.6,1135.01
352940,2025-08,1177,1309404.67,5.2,1112.49
352940,2025-09,1153,1432010.04,5.0,1241.99
352940,2025-10,1112,1270602.36,5.1,1142.63
352940,2025-11,1026,1071635.65,5.1,1044.48
352940,2025-12,1140,1307720.14,5.0,1147.12
352940,2026-01,1213,1321023.9,5.3,1089.06
352940,2026-02,1201,1297650.86,4.7,1080.48
352940,2026-03,1177,1303924.6,4.6,1107.84
352940,2026-04,1149,1417261.78,4.9,1233.47
352940,2026-05,1172,1334657.62,5.2,1138.79
352940,2026-06,1184,1387772.76,4.9,1172.11
352970,2025-07,126,74552.62,3.3,591.69
352970,2025-08,123,60926.6,3.9,495.34
352970,2025-09,102,45575.94,2.9,446.82
352970,2025-10,104,41119.0,3.0,395.38
352970,2025-11,71,29528.6,2.5,415.9
352970,2025-12,89,43359.2,3.0,487.18
352970,2026-01,44,26393.82,4.2,599.86
352970,2026-02,43,24921.15,3.5,579.56
352970,2026-03,80,40402.41,3.4,505.03
352970,2026-04,77,48114.86,2.4,624.87
352970,2026-05,110,70034.37,3.2,636.68
352970,2026-06,72,46659.38,3.0,648.05
353010,2025-07,219,186243.39,4.1,850.43
353010,2025-08,366,405796.41,4.5,1108.73
353010,2025-09,281,283142.79,4.3,1007.63
353010,2025-10,318,335614.82,4.4,1055.39
353010,2025-11,236,183245.02,3.8,776.46
353010,2025-12,265,344008.71,5.2,1298.15
353010,2026-01,333,279145.11,4.6,838.27
353010,2026-02,276,307078.22,4.5,1112.6
353010,2026-03,271,294651.37,4.3,1087.27
353010,2026-04,320,315898.94,4.3,987.18
353010,2026-05,329,325475.13,4.5,989.29
353010,2026-06,291,253036.9,4.0,869.54
353030,2025-07,189,92004.35,2.3,486.8
353030,2025-08,182,95620.08,2.3,525.39
353030,2025-09,180,92024.53,1.9,511.25
353030,2025-10,59,31206.88,2.5,528.93
353050,2025-07,456,514302.68,3.7,1127.86
353050,2025-08,451,523463.54,3.3,1160.67
353050,2025-09,444,500626.45,3.6,1127.54
353050,2025-10,447,404082.29,2.8,903.99
353050,2025-11,443,396862.68,3.0,895.85
353050,2025-12,417,447056.57,3.2,1072.08
353050,2026-01,396,383592.59,3.1,968.67
353050,2026-02,389,453715.74,3.3,1166.36
353050,2026-03,387,453898.74,3.5,1172.86
353050,2026-04,377,283790.73,3.0,752.76
353050,2026-05,426,547573.53,3.9,1285.38
353050,2026-06,407,585388.02,4.0,1438.3
353060,2025-07,3505,5974793.12,5.2,1704.65
353060,2025-08,3254,5711458.74,5.2,1755.21
353060,2025-09,3099,5457197.19,5.1,1760.95
353060,2025-10,2855,4811871.6,5.0,1685.42
353060,2025-11,2924,5063032.82,5.0,1731.54
353060,2025-12,2588,5014176.92,5.5,1937.47
353060,2026-01,3359,6247162.1,5.3,1859.83
353060,2026-02,2538,3893167.32,5.2,1533.95
353060,2026-03,2886,5179707.74,5.1,1794.77
353060,2026-04,3111,5754380.47,5.1,1849.69
353060,2026-05,2972,5001124.48,4.9,1682.75
353060,2026-06,3028,5571113.9,5.0,1839.87
353070,2025-07,875,1602183.19,4.5,1831.07
353070,2025-08,847,1384934.08,4.5,1635.11
353070,2025-09,938,1757398.95,5.1,1873.56
353070,2025-10,835,1505078.69,4.8,1802.49
353070,2025-11,755,1426843.52,5.1,1889.86
353070,2025-12,751,1373824.44,4.7,1829.33
353070,2026-01,725,1308512.37,4.7,1804.84
353070,2026-02,789,1435825.12,4.5,1819.8
353070,2026-03,800,1713134.46,5.1,2141.42
353070,2026-04,797,1718820.28,4.8,2156.61
353070,2026-05,823,1854157.27,5.2,2252.92
353070,2026-06,838,1730032.23,4.6,2064.48
353080,2025-07,469,1023502.78,6.6,2182.31
353080,2025-08,426,891477.09,7.0,2092.67
353080,2025-09,389,957244.4,8.4,2460.78
353080,2025-10,423,860594.22,6.8,2034.5
353080,2025-11,427,1019494.54,6.9,2387.58
353080,2025-12,436,1043070.07,7.5,2392.36
353080,2026-01,419,899356.09,6.7,2146.43
353080,2026-02,409,805311.12,6.3,1968.98
353080,2026-03,445,1028572.48,6.6,2311.4
353080,2026-04,532,1013750.96,5.5,1905.55
353080,2026-05,456,971734.58,6.3,2131.0
353080,2026-06,430,1195052.19,7.2,2779.19
353110,2025-07,104,24256.35,4.2,233.23
353110,2025-08,92,21376.21,4.7,232.35
353110,2025-09,72,19497.83,4.8,270.8
353110,2025-10,81,19248.86,3.9,237.64
353110,2025-11,78,18258.21,3.3,234.08
353110,2025-12,82,18761.03,3.7,228.79
353110,2026-01,73,16731.66,4.3,229.2
353110,2026-02,56,13101.14,4.7,233.95
353110,2026-03,63,14532.6,4.6,230.68
353110,2026-04,62,16613.69,3.7,267.96
353110,2026-05,104,30665.87,4.1,294.86
353110,2026-06,73,21613.05,3.7,296.07
353130,2025-07,225,415631.82,4.4,1847.25
353130,2025-08,232,376253.46,4.4,1621.78
353130,2025-09,259,500561.9,5.0,1932.67
353130,2025-10,215,460709.46,4.8,2142.83
353130,2025-11,177,317920.44,4.3,1796.16
353130,2025-12,226,340545.36,3.9,1506.84
353130,2026-01,210,338890.81,4.0,1613.77
353130,2026-02,177,352426.88,4.6,1991.11
353130,2026-03,223,402627.67,4.5,1805.51
353130,2026-04,207,394972.97,4.7,1908.08
353130,2026-05,197,386704.81,4.3,1962.97
353130,2026-06,195,352301.82,4.6,1806.68
353140,2025-07,229,113096.57,2.1,493.87
353140,2025-08,297,139708.7,2.0,470.4
353140,2025-09,344,167411.14,2.1,486.66
353140,2025-10,308,154719.4,2.1,502.34
353140,2025-11,308,154556.37,2.1,501.81
353140,2025-12,275,133757.02,2.2,486.39
353140,2026-01,255,149600.73,2.1,586.67
353140,2026-02,241,143587.55,1.9,595.8
353140,2026-03,302,166724.94,1.7,552.07
353140,2026-04,280,109616.95,2.0,391.49
353140,2026-05,294,137552.9,2.0,467.87
353140,2026-06,224,90162.39,2.0,402.51
353150,2025-07,133,219318.81,1.7,1649.01
353150,2025-08,151,188788.4,2.1,1250.25
353150,2025-09,147,286786.7,2.0,1950.93
353150,2025-10,130,236136.46,2.0,1816.43
353150,2025-11,123,221795.33,2.0,1803.21
353150,2025-12,141,235624.94,1.9,1671.1
353150,2026-01,147,289126.31,1.9,1966.85
353150,2026-02,103,157708.75,1.6,1531.15
353150,2026-03,142,298690.91,1.9,2103.46
353150,2026-04,125,154128.88,1.9,1233.03
353150,2026-05,179,435012.75,1.7,2430.24
353150,2026-06,137,260741.73,1.6,1903.22
353180,2025-07,118,55784.1,3.4,472.75
353180,2025-08,109,51988.79,2.9,476.96
353180,2025-09,90,40509.52,3.7,450.11
353180,2025-10,84,40579.0,3.8,483.08
353180,2025-11,107,47811.2,3.3,446.83
353180,2025-12,91,38931.47,3.6,427.82
353180,2026-01,74,38966.11,3.5,526.57
353180,2026-02,85,37033.05,3.4,435.68
353180,2026-03,77,37748.52,3.1,490.24
353180,2026-04,90,44737.96,3.4,497.09
353180,2026-05,81,41490.25,2.8,512.23
353180,2026-06,84,42746.78,3.7,508.89
353190,2025-07,149,132769.28,2.4,891.07
353190,2025-08,155,208615.42,3.4,1345.91
353190,2025-09,141,123553.53,2.5,876.27
353190,2025-10,144,187597.99,3.1,1302.76
353190,2025-11,134,123320.66,2.8,920.3
353190,2025-12,164,148703.46,2.4,906.73
353190,2026-01,172,176834.05,2.6,1028.1
353190,2026-02,149,215916.55,2.6,1449.1
353190,2026-03,172,270798.93,2.8,1574.41
353190,2026-04,145,146641.47,3.0,1011.32
353190,2026-05,122,148506.83,2.8,1217.27
353190,2026-06,133,261232.45,3.4,1964.15
353200,2025-07,32,14298.87,2.3,446.84
353200,2025-08,15,6116.6,2.9,407.77
353200,2025-09,27,9943.76,3.3,368.29
353200,2025-10,19,7723.04,3.4,406.48
353200,2025-11,25,11468.6,3.1,458.74
353200,2025-12,18,7176.43,2.8,398.69
353200,2026-01,16,7218.09,2.1,451.13
353200,2026-02,7,3138.75,2.4,448.39
353200,2026-03,13,7084.98,3.1,545.0
353200,2026-04,14,6175.41,2.1,441.1
353200,2026-05,17,6885.27,3.6,405.02
353200,2026-06,27,13369.95,2.7,495.18
353240,2025-07,43,16580.36,5.1,385.59
353240,2025-08,48,19001.42,4.9,395.86
353240,2025-09,36,15812.64,6.9,439.24
353240,2025-10,38,13618.88,4.8,358.39
353240,2025-11,30,8472.48,2.7,282.42
353240,2025-12,34,10599.58,4.4,311.75
353240,2026-01,39,11123.16,3.9,285.21
353240,2026-02,32,13774.13,6.1,430.44
353240,2026-03,32,13002.23,5.8,406.32
353250,2025-07,5,2340.92,6.0,468.18
353250,2025-08,5,1982.46,3.4,396.49
353250,2025-09,5,1909.53,1.8,381.91
353250,2025-10,6,3394.97,3.3,565.83
353250,2025-11,6,2077.91,2.2,346.32
353250,2025-12,7,1632.81,4.0,233.26
353250,2026-01,2,1252.84,5.5,626.42
353250,2026-02,5,1750.42,2.8,350.08
353250,2026-03,10,3045.37,3.3,304.54
353250,2026-04,1,407.44,5.0,407.44
353250,2026-05,1,359.91,7.0,359.91
353250,2026-06,1,889.91,3.0,889.91
353260,2025-07,213,176006.81,3.9,826.32
353260,2025-08,234,192228.54,3.6,821.49
353260,2025-09,221,185296.72,3.8,838.45
353260,2025-10,235,203451.38,3.7,865.75
353260,2025-11,208,203090.15,3.7,976.39
353260,2025-12,248,250998.67,3.7,1012.09
353260,2026-01,216,209959.66,3.7,972.04
353260,2026-02,228,202966.25,3.4,890.2
353260,2026-03,217,185979.39,3.9,857.05
353260,2026-04,209,194152.01,3.9,928.96
353260,2026-05,304,406054.52,3.1,1335.71
353260,2026-06,256,253968.71,3.7,992.07
353290,2025-07,12,4360.49,4.3,363.37
353290,2025-08,34,14341.89,3.5,421.82
353290,2025-09,33,22061.88,3.7,668.54
353290,2025-10,28,8141.72,3.8,290.78
353290,2025-11,24,11653.84,4.3,485.58
353290,2025-12,37,19718.69,3.4,532.94
353290,2026-01,29,12974.99,4.0,447.41
353290,2026-02,21,12381.39,4.2,589.59
353290,2026-03,27,15736.41,4.4,582.83
353290,2026-04,34,17585.61,3.9,517.22
353290,2026-05,28,16002.18,3.6,571.51
353290,2026-06,29,13030.52,3.9,449.33
353300,2025-07,168,67980.83,2.7,404.65
353300,2025-08,163,70275.4,2.7,431.14
353300,2025-09,163,67058.21,3.3,411.4
353300,2025-10,178,67175.11,2.8,377.39
353300,2025-11,177,67945.26,2.8,383.87
353300,2025-12,160,58256.55,2.5,364.1
353300,2026-01,152,56210.14,3.0,369.8
353300,2026-02,127,39896.93,3.0,314.15
353300,2026-03,141,50924.96,2.9,361.17
353300,2026-04,194,74355.49,3.1,383.28
353300,2026-05,169,64502.57,3.0,381.67
353300,2026-06,174,73823.58,3.5,424.27
353340,2025-07,134,59520.21,4.1,444.18
353340,2025-08,158,96598.84,5.9,611.39
353340,2025-09,128,68299.47,6.0,533.59
353340,2025-10,128,65820.42,4.9,514.22
353340,2025-11,128,78275.27,5.9,611.53
353340,2025-12,133,70374.02,4.1,529.13
353340,2026-01,133,64217.63,6.5,482.84
353340,2026-02,125,63315.56,4.7,506.52
353340,2026-03,136,68231.33,4.7,501.7
353340,2026-04,126,77918.68,5.1,618.4
353340,2026-05,157,85473.93,4.8,544.42
353340,2026-06,138,68768.99,4.6,498.33
353350,2025-07,203,275257.24,3.5,1355.95
353350,2025-08,215,313162.09,3.5,1456.57
353350,2025-09,212,378939.79,3.4,1787.45
353350,2025-10,170,261515.44,2.6,1538.33
353350,2025-11,184,254678.12,2.9,1384.12
353350,2025-12,170,240808.43,3.5,1416.52
353350,2026-01,199,278260.38,2.9,1398.29
353350,2026-02,167,245782.64,3.0,1471.75
353350,2026-03,201,273751.01,2.9,1361.95
353350,2026-04,200,256591.68,2.7,1282.96
353350,2026-05,204,292783.65,3.3,1435.21
353350,2026-06,222,296791.93,3.4,1336.9
353390,2025-07,337,375042.98,4.5,1112.89
353390,2025-08,336,333582.75,4.5,992.81
353390,2025-09,296,339257.22,4.9,1146.14
353390,2025-10,303,281504.23,4.4,929.06
353390,2025-11,248,307378.42,4.4,1239.43
353390,2025-12,295,343016.39,4.6,1162.77
353390,2026-01,309,286347.71,4.4,926.69
353390,2026-02,274,268642.17,4.0,980.45
353390,2026-03,351,325285.26,4.2,926.74
353390,2026-04,338,360231.81,4.3,1065.77
353390,2026-05,325,308931.88,3.7,950.56
353390,2026-06,306,347107.15,4.2,1134.34
353430,2025-07,195,94246.58,1.6,483.32
353430,2025-08,146,61778.03,1.7,423.14
353430,2025-09,266,128656.18,1.5,483.67
353430,2025-10,293,130455.64,1.4,445.24
353430,2025-11,222,106632.32,1.6,480.33
353430,2025-12,248,137971.27,1.6,556.34
353430,2026-01,249,115966.78,1.5,465.73
353430,2026-02,241,134860.38,1.5,559.59
353430,2026-03,173,79464.31,1.8,459.33
353430,2026-04,264,174426.3,1.5,660.71
353430,2026-05,232,106549.55,1.6,459.27
353430,2026-06,226,110332.44,1.5,488.2
353440,2025-07,2459,3395205.12,5.8,1380.73
353440,2025-08,2347,3397761.3,5.6,1447.7
353440,2025-09,2242,3125068.16,5.5,1393.88
353440,2025-10,2330,3231174.49,5.5,1386.77
353440,2025-11,2135,3047183.71,5.9,1427.25
353440,2025-12,1996,2960476.46,5.5,1483.2
353440,2026-01,2388,3657777.94,6.0,1531.73
353440,2026-02,2052,3261741.1,5.6,1589.54
353440,2026-03,2168,2417489.13,5.2,1115.08
353440,2026-04,2364,3884103.91,5.9,1643.02
353440,2026-05,2276,3225199.38,5.6,1417.05
353440,2026-06,2443,3718402.56,6.1,1522.06
353460,2025-07,226,149016.07,3.7,659.36
353460,2025-08,208,112235.54,2.8,539.59
353460,2025-09,222,123817.35,3.6,557.74
353460,2025-10,232,120737.29,3.2,520.42
353460,2025-11,184,102161.03,3.0,555.22
353460,2025-12,203,108145.32,3.2,532.74
353460,2026-01,218,122999.13,3.2,564.22
353460,2026-02,205,115503.87,3.2,563.43
353460,2026-03,245,152524.29,4.0,622.55
353460,2026-04,237,141025.55,3.5,595.04
353460,2026-05,218,141101.39,3.1,647.25
353460,2026-06,221,144123.5,3.5,652.14
353470,2025-07,850,1621422.53,3.9,1907.56
353470,2025-08,938,1716559.79,4.1,1830.02
353470,2025-09,916,1691821.15,3.9,1846.97
353470,2025-10,894,1756760.96,4.4,1965.06
353470,2025-11,940,1946558.87,3.8,2070.81
353470,2025-12,922,1750050.41,3.8,1898.1
353470,2026-01,872,1686764.98,4.1,1934.36
353470,2026-02,798,1474609.54,4.2,1847.88
353470,2026-03,902,1592585.47,4.3,1765.62
353470,2026-04,860,1669534.45,4.2,1941.32
353470,2026-05,862,1843538.66,4.0,2138.68
353470,2026-06,804,1924450.06,4.3,2393.59
353475,2025-07,52,23607.21,3.3,453.98
353475,2025-08,50,39066.26,3.0,781.33
353475,2025-09,41,25924.63,2.2,632.31
353475,2025-10,57,26402.3,3.8,463.2
353475,2025-11,41,26331.97,3.4,642.24
353475,2025-12,44,18745.21,3.2,426.03
353475,2026-01,34,13984.29,3.2,411.3
353475,2026-02,40,23271.84,3.0,581.8
353475,2026-03,48,27815.66,4.0,579.49
353475,2026-04,56,24326.06,3.9,434.39
353475,2026-05,61,24690.32,3.6,404.76
353475,2026-06,50,31621.2,3.9,632.42
353520,2025-07,52,17568.78,3.2,337.86
353520,2025-08,57,19255.91,2.7,337.82
353520,2025-09,71,26078.74,3.0,367.31
353520,2025-10,83,24399.98,2.9,293.98
353520,2025-11,72,21295.74,2.8,295.77
353520,2025-12,40,13648.45,3.0,341.21
353520,2026-01,49,14269.07,2.7,291.21
353520,2026-02,53,17569.86,2.9,331.51
353520,2026-03,70,19783.46,2.6,282.62
353520,2026-04,72,21745.5,2.7,302.02
353520,2026-05,46,13429.43,3.6,291.94
353520,2026-06,49,18140.09,3.1,370.21
353530,2025-07,163,129709.78,2.2,795.77
353530,2025-08,188,121901.74,2.2,648.41
353530,2025-09,188,117649.36,2.1,625.79
353530,2025-10,152,114583.62,2.0,753.84
353530,2025-11,183,163894.56,2.1,895.6
353530,2025-12,169,121236.1,2.0,717.37
353530,2026-01,194,127625.33,2.0,657.86
353530,2026-02,178,133768.84,2.1,751.51
353530,2026-03,233,185072.15,1.7,794.3
353530,2026-04,256,236945.24,1.8,925.57
353530,2026-05,213,118661.01,1.9,557.09
353530,2026-06,234,128349.76,2.0,548.5
353550,2025-07,449,618685.59,3.3,1377.92
353550,2025-08,436,601030.53,3.7,1378.51
353550,2025-09,422,560002.75,3.1,1327.02
353550,2025-10,667,619764.85,1.8,929.18
353550,2025-11,338,495450.76,3.4,1465.83
353550,2025-12,359,575901.88,3.3,1604.18
353550,2026-01,604,642716.17,2.2,1064.1
353550,2026-02,330,506881.74,3.8,1536.01
353550,2026-03,509,666107.29,2.3,1308.66
353550,2026-04,376,519823.27,3.6,1382.51
353550,2026-05,349,568659.48,4.0,1629.4
353550,2026-06,487,592536.43,2.3,1216.71
353580,2025-07,75,33544.36,3.4,447.26
353580,2025-08,75,29241.24,2.7,389.88
353580,2025-09,71,29437.85,2.6,414.62
353580,2025-10,67,26501.44,3.4,395.54
353580,2025-11,64,24820.19,3.6,387.82
353580,2025-12,51,22066.93,2.8,432.68
353580,2026-01,78,30149.95,2.6,386.54
353580,2026-02,43,15288.51,3.5,355.55
353580,2026-03,68,24963.74,3.1,367.11
353580,2026-04,68,26946.61,1.9,396.27
353580,2026-05,77,30083.56,2.5,390.7
353580,2026-06,60,26916.64,3.2,448.61
353600,2025-10,42,16114.68,5.2,383.68
353600,2025-11,19,6267.67,5.1,329.88
353600,2025-12,46,15759.35,3.6,342.59
353600,2026-01,39,10180.79,4.4,261.05
353600,2026-02,38,8433.15,3.9,221.92
353620,2025-07,756,1136613.53,4.0,1503.46
353620,2025-08,821,1151610.09,4.2,1402.69
353620,2025-09,822,991855.35,4.4,1206.64
353620,2025-10,754,1131388.24,4.2,1500.51
353620,2025-11,782,978771.15,4.2,1251.63
353620,2025-12,754,956601.21,4.1,1268.7
353620,2026-01,870,1014042.9,4.2,1165.57
353620,2026-02,790,999522.91,4.2,1265.22
353620,2026-03,784,1097058.63,4.3,1399.31
353620,2026-04,722,863290.45,4.3,1195.69
353620,2026-05,847,1022782.03,4.1,1207.53
353620,2026-06,816,1001964.32,4.6,1227.9
353630,2025-07,68,39072.06,4.2,574.59
353630,2025-08,81,41472.64,4.0,512.01
353630,2025-09,68,48532.82,3.6,713.72
353630,2025-10,104,58017.25,3.3,557.86
353630,2025-11,78,37733.21,2.2,483.76
353630,2025-12,67,31538.69,2.9,470.73
353630,2026-01,63,31776.96,3.0,504.4
353630,2026-02,77,37591.94,2.9,488.21
353630,2026-03,88,47823.62,3.4,543.45
353630,2026-04,104,53308.98,2.8,512.59
353630,2026-05,105,54201.99,3.0,516.21
353630,2026-06,80,47103.78,2.4,588.8
353650,2025-07,317,267914.88,3.4,845.16
353650,2025-08,397,370917.19,3.9,934.3
353650,2025-09,566,511574.11,4.8,903.84
353650,2025-10,374,335502.04,3.5,897.06
353650,2025-11,658,655131.67,3.5,995.64
353650,2025-12,767,807291.53,3.6,1052.53
353650,2026-01,738,650012.7,3.3,880.78
353650,2026-02,916,887037.3,4.1,968.38
353650,2026-03,560,493392.43,3.7,881.06
353660,2025-07,8,3000.38,3.9,375.05
353660,2025-08,11,5202.4,3.7,472.95
353660,2025-09,10,5077.38,6.4,507.74
353660,2025-10,4,1553.76,4.8,388.44
353660,2025-11,13,3770.36,2.9,290.03
353660,2025-12,17,6430.42,3.8,378.26
353660,2026-01,7,1903.04,5.0,271.86
353660,2026-02,15,5674.67,2.4,378.31
353660,2026-03,16,5721.79,2.7,357.61
353660,2026-04,14,4887.27,5.1,349.09
353660,2026-05,15,4319.56,3.5,287.97
353660,2026-06,10,4290.72,3.9,429.07
353670,2025-07,156,233199.67,5.2,1494.87
353670,2025-08,190,205245.47,3.8,1080.24
353670,2025-09,188,216841.54,4.4,1153.41
353670,2025-10,93,99500.86,5.5,1069.9
353670,2025-11,163,107685.38,4.3,660.65
353670,2025-12,130,81031.48,3.1,623.32
353670,2026-01,181,186716.49,3.5,1031.58
353670,2026-02,191,309167.99,4.9,1618.68
353670,2026-03,201,222405.16,3.9,1106.49
353670,2026-04,179,162948.43,3.7,910.33
353670,2026-05,193,184972.11,3.9,958.4
353670,2026-06,179,172927.93,4.0,966.08
353700,2025-07,82,45315.41,2.7,552.63
353700,2025-08,106,41524.64,2.5,391.74
353700,2025-09,98,48425.85,2.4,494.14
353700,2025-10,88,38966.61,2.0,442.8
353700,2025-11,92,40132.78,2.9,436.23
353700,2025-12,100,34053.2,1.4,340.53
353700,2026-01,92,38814.25,2.5,421.89
353700,2026-02,99,46688.85,2.4,471.6
353700,2026-03,80,35903.07,2.4,448.79
353700,2026-04,84,34659.14,3.3,412.61
353700,2026-05,71,31554.49,2.2,444.43
353700,2026-06,76,34900.34,3.6,459.22
353710,2025-07,88,52740.33,2.9,599.32
353710,2025-08,100,62081.09,3.8,620.81
353710,2025-09,103,69338.82,3.2,673.19
353710,2025-10,89,69216.67,3.1,777.72
353710,2025-11,102,63873.48,3.5,626.21
353710,2025-12,101,60732.02,3.1,601.31
353710,2026-01,99,62163.95,5.5,627.92
353710,2026-02,94,48119.84,3.3,511.91
353710,2026-03,122,72608.66,3.6,595.15
353710,2026-04,103,99431.13,4.6,965.35
353710,2026-05,107,141926.47,5.2,1326.42
353710,2026-06,97,193974.6,6.1,1999.74
353730,2025-07,499,634642.44,6.7,1271.83
353730,2025-08,480,625710.39,7.3,1303.56
353730,2025-09,495,550505.43,6.6,1112.13
353730,2025-10,505,541395.3,6.4,1072.07
353730,2025-11,432,511325.37,7.1,1183.62
353730,2025-12,555,576521.33,5.9,1038.78
353730,2026-01,509,468549.32,3.5,920.53
353730,2026-02,512,519441.7,4.6,1014.53
353730,2026-03,519,496413.94,5.5,956.48
353730,2026-04,540,504528.07,5.5,934.31
353730,2026-05,516,527986.54,6.5,1023.23
353730,2026-06,471,544577.52,6.8,1156.22
353740,2025-07,75,27716.52,2.1,369.55
353740,2025-08,62,28124.8,3.2,453.63
353740,2025-09,74,29525.75,3.0,399.0
353740,2025-10,77,28343.72,2.7,368.1
353740,2025-11,88,37416.95,2.6,425.19
353740,2025-12,112,65753.25,2.7,587.08
353740,2026-01,73,29216.76,3.0,400.23
353740,2026-02,68,34284.64,2.8,504.19
353740,2026-03,77,62539.42,3.1,812.2
353740,2026-04,88,43363.43,2.4,492.77
353740,2026-05,75,29839.02,3.0,397.85
353780,2025-07,216,105891.98,3.4,490.24
353780,2025-08,284,123469.71,3.5,434.75
353780,2025-09,246,122862.59,3.5,499.44
353780,2025-10,254,110307.54,3.3,434.28
353780,2025-11,231,110532.12,3.3,478.49
353780,2025-12,250,113846.69,2.9,455.39
353780,2026-01,275,125742.45,2.9,457.25
353780,2026-02,227,151580.67,3.1,667.76
353780,2026-03,311,163401.61,3.1,525.41
353780,2026-04,230,119338.61,2.9,518.86
353780,2026-05,264,142452.54,2.9,539.59
353780,2026-06,300,158451.15,3.5,528.17
353790,2025-07,78,41306.87,2.6,529.58
353790,2025-08,89,45388.61,2.9,509.98
353790,2025-09,97,49518.21,2.6,510.5
353790,2025-10,90,35500.59,2.3,394.45
353790,2025-11,70,35673.62,2.2,509.62
353790,2025-12,70,33962.98,2.2,485.19
353790,2026-01,68,30228.44,2.9,444.54
353790,2026-02,102,39054.89,2.3,382.89
353790,2026-03,102,40732.82,2.5,399.34
353790,2026-04,114,47322.15,2.3,415.11
353790,2026-05,98,31649.72,2.3,322.96
353790,2026-06,111,45443.95,2.9,409.4
353800,2025-07,444,665263.64,5.5,1498.34
353800,2025-08,512,499909.38,4.7,976.39
353800,2025-09,554,682652.31,4.9,1232.22
353800,2025-10,725,805697.86,4.3,1111.31
353800,2025-11,561,668182.8,4.3,1191.06
353800,2025-12,625,691717.33,4.5,1106.75
353800,2026-01,894,1272213.71,5.6,1423.06
353800,2026-02,683,1017123.03,5.5,1489.2
353800,2026-03,1004,1573877.0,5.2,1567.61
353800,2026-04,621,907548.38,5.4,1461.43
353800,2026-05,605,921166.41,5.5,1522.59
353800,2026-06,659,994156.27,5.0,1508.58
353860,2025-07,41,15640.9,3.9,381.49
353860,2025-08,40,12718.63,3.3,317.97
353860,2025-09,40,12176.22,3.6,304.41
353860,2025-10,37,12921.14,4.7,349.22
353860,2025-11,31,10385.51,4.2,335.02
353860,2025-12,43,16198.25,4.9,376.7
353860,2026-01,44,16524.89,4.0,375.57
353860,2026-02,49,13173.83,4.7,268.85
353860,2026-03,42,16028.74,4.8,381.64
353860,2026-04,42,13743.78,3.9,327.23
353860,2026-05,44,19170.62,4.4,435.7
353860,2026-06,44,18650.96,4.3,423.89
353870,2025-07,2991,6590168.02,3.6,2203.33
353870,2025-08,3070,6847088.89,3.4,2230.32
353870,2025-09,3161,6846577.95,3.2,2165.95
353870,2025-10,3189,7104829.61,3.0,2227.92
353870,2025-11,3076,6137293.63,2.9,1995.22
353870,2025-12,2451,5838888.37,3.7,2382.25
353870,2026-01,2898,5857110.76,3.0,2021.09
353870,2026-02,2830,6102754.94,3.2,2156.45
353870,2026-03,3230,7148775.41,3.2,2213.24
353870,2026-04,3140,6166981.37,2.9,1964.01
353870,2026-05,3183,6102346.05,3.0,1917.17
353870,2026-06,3114,7087802.41,3.3,2276.11
353880,2025-07,179,95680.8,3.6,534.53
353880,2025-08,170,88540.4,2.9,520.83
353880,2025-09,153,76410.33,2.9,499.41
353880,2025-10,164,70973.66,2.8,432.77
353880,2025-11,144,64032.73,2.9,444.67
353880,2025-12,197,93360.88,3.1,473.91
353880,2026-01,149,63851.53,2.9,428.53
353880,2026-02,131,58935.98,2.9,449.89
353880,2026-03,130,52547.56,2.8,404.21
353880,2026-04,179,71703.71,3.0,400.58
353880,2026-05,218,85134.86,2.8,390.53
353880,2026-06,176,76504.0,3.1,434.68
353890,2025-07,158,173270.72,9.5,1096.65
353890,2025-08,138,169434.6,11.0,1227.79
353890,2025-09,99,153607.49,14.1,1551.59
353890,2025-10,85,144057.32,16.0,1694.79
353890,2025-11,93,151030.23,14.6,1623.98
353890,2025-12,87,146163.13,16.4,1680.04
353890,2026-01,106,155794.17,13.4,1469.76
353890,2026-02,133,152151.78,9.7,1144.0
353890,2026-03,120,162564.67,12.2,1354.71
353890,2026-04,109,157843.46,12.4,1448.11
353890,2026-05,123,158857.2,11.2,1291.52
353890,2026-06,97,150654.32,14.4,1553.14
353900,2025-07,102,85972.51,2.6,842.87
353900,2025-08,128,118861.06,2.1,928.6
353900,2025-09,116,92933.84,2.3,801.15
353900,2025-10,149,163311.8,1.4,1096.05
353900,2025-11,175,240869.11,1.3,1376.39
353900,2025-12,115,124159.59,1.5,1079.65
353900,2026-01,151,192127.26,1.5,1272.37
353900,2026-02,162,294587.09,1.3,1818.44
353900,2026-03,131,160018.18,1.6,1221.51
353900,2026-04,114,182624.14,2.0,1601.97
353900,2026-05,117,206690.4,1.8,1766.58
353900,2026-06,126,227738.49,1.2,1807.45
353930,2025-07,238,298448.69,4.8,1253.99
353930,2025-08,207,297754.23,5.2,1438.43
353930,2025-09,230,309081.7,4.8,1343.83
353930,2025-10,234,255631.12,4.4,1092.44
353930,2025-11,222,270380.94,4.0,1217.93
353930,2025-12,221,294163.18,4.2,1331.06
353930,2026-01,222,316738.13,4.9,1426.75
353930,2026-02,189,242060.24,4.8,1280.74
353930,2026-03,239,392219.05,4.3,1641.08
353930,2026-04,233,291700.36,4.2,1251.93
353930,2026-05,214,190060.47,3.3,888.13
353930,2026-06,226,301512.8,4.2,1334.13
353940,2025-07,42,10466.5,4.1,249.2
353940,2025-08,24,6673.21,5.2,278.05
353940,2025-09,19,4541.02,7.5,239.0
353940,2025-10,21,6962.31,6.0,331.54
353940,2025-11,20,8189.41,5.8,409.47
353940,2025-12,22,8459.93,8.0,384.54
353940,2026-01,29,8144.58,5.4,280.85
353940,2026-02,18,5357.35,8.8,297.63
353940,2026-03,27,9508.87,5.6,352.18
353940,2026-04,19,7033.56,6.8,370.19
353940,2026-05,28,7235.84,5.5,258.42
353940,2026-06,23,10782.12,6.1,468.79
353950,2025-07,118,86447.87,2.8,732.61
353950,2025-08,131,89817.34,2.3,685.63
353950,2025-09,117,106504.06,2.2,910.29
353950,2025-10,114,92552.19,2.2,811.86
353950,2025-11,98,51460.0,2.2,525.1
353950,2025-12,120,48872.78,2.2,407.27
353950,2026-01,108,45620.95,1.8,422.42
353950,2026-02,124,51268.04,2.0,413.45
353950,2026-03,140,64756.61,3.1,462.55
353950,2026-04,139,59298.07,2.3,426.6
353950,2026-05,140,60897.29,2.4,434.98
353950,2026-06,114,48143.96,2.2,422.32
354000,2025-07,74,33892.38,2.6,458.01
354000,2025-08,72,31541.81,2.8,438.08
354000,2025-09,83,37113.23,3.0,447.15
354000,2025-10,66,30109.98,3.4,456.21
354000,2025-11,88,40779.89,1.8,463.41
354000,2025-12,27,11011.68,3.0,407.84
354000,2026-01,70,30365.22,3.7,433.79
354000,2026-02,73,31489.8,3.3,431.37
354000,2026-03,71,32997.06,3.7,464.75
354000,2026-04,58,22436.0,2.7,386.83
354000,2026-05,79,32501.01,2.6,411.41
354000,2026-06,75,34014.46,3.3,453.53
354020,2025-07,123,66494.51,1.5,540.61
354020,2025-08,111,55028.56,1.9,495.75
354020,2025-09,99,45908.06,1.9,463.72
354020,2025-10,77,36279.66,1.8,471.16
354020,2025-11,175,115852.55,0.6,662.01
354020,2025-12,132,65327.96,1.2,494.91
354020,2026-01,87,54308.53,1.2,624.24
354020,2026-02,127,69995.74,1.5,551.15
354020,2026-03,158,91512.24,1.0,579.19
354020,2026-04,151,82054.61,1.7,543.41
354020,2026-05,87,45428.29,1.5,522.16
354020,2026-06,87,39311.39,2.1,451.86
354040,2025-07,18,8076.41,2.8,448.69
354040,2025-08,10,5221.35,4.7,522.14
354040,2025-09,10,3641.56,3.4,364.16
354040,2025-10,12,4014.89,4.8,334.57
354040,2025-11,11,3554.5,3.9,323.14
354040,2025-12,13,3335.95,3.2,256.61
354040,2026-01,19,5909.99,3.7,311.05
354040,2026-02,22,6209.12,3.5,282.23
354040,2026-03,12,3404.54,4.7,283.71
354040,2026-04,9,3493.6,4.1,388.18
354040,2026-05,9,2611.64,3.3,290.18
354040,2026-06,14,5061.18,3.5,361.51
354060,2025-07,472,432858.02,3.5,917.07
354060,2025-08,472,381162.06,2.0,807.55
354060,2025-09,407,325790.0,2.4,800.47
354060,2025-10,375,306657.78,2.4,817.75
354060,2025-11,323,262687.94,2.2,813.28
354060,2025-12,287,263772.11,2.8,919.07
354060,2026-01,342,314953.0,3.6,920.92
354060,2026-02,329,283918.7,2.4,862.97
354060,2026-03,395,318764.04,2.2,807.0
354060,2026-04,327,233062.52,2.4,712.73
354060,2026-05,354,273623.5,2.6,772.95
354060,2026-06,340,237163.3,2.2,697.54
354070,2025-07,169,219823.9,3.9,1300.73
354070,2025-08,189,256838.27,3.9,1358.93
354070,2025-09,235,227171.77,3.2,966.69
354070,2025-10,257,242272.02,3.6,942.69
354070,2025-11,197,207487.56,3.4,1053.24
354070,2025-12,197,159216.52,3.5,808.21
354070,2026-01,179,193295.83,2.8,1079.86
354070,2026-02,177,186698.73,3.1,1054.8
354070,2026-03,225,199548.27,3.3,886.88
354070,2026-04,194,202290.02,3.5,1042.73
354070,2026-05,217,184589.65,3.3,850.64
354070,2026-06,222,208170.8,3.7,937.71
354080,2025-07,70,27398.69,2.3,391.41
354080,2025-08,110,40054.23,2.5,364.13
354080,2025-09,62,28503.64,2.4,459.74
354080,2025-10,65,22907.41,2.5,352.42
354080,2025-11,52,17686.76,2.6,340.13
354080,2025-12,56,19185.32,2.4,342.6
354080,2026-01,60,22508.55,2.2,375.14
354080,2026-02,46,19804.04,2.8,430.52
354080,2026-03,75,28389.28,2.3,378.52
354080,2026-04,78,27900.97,2.6,357.7
354080,2026-05,92,35666.07,2.3,387.67
354080,2026-06,110,39773.88,2.6,361.58
354100,2025-07,772,891711.05,5.0,1155.07
354100,2025-08,769,879012.58,5.3,1143.06
354100,2025-09,961,1125949.46,5.7,1171.64
354100,2025-10,1034,1500952.58,5.8,1451.6
354100,2025-11,943,1441700.99,5.7,1528.85
354100,2025-12,978,1274519.82,5.6,1303.19
354100,2026-01,897,1442941.11,6.6,1608.63
354100,2026-02,847,1227956.68,6.2,1449.77
354100,2026-03,957,1528016.04,5.8,1596.67
354100,2026-04,982,1519121.79,5.8,1546.97
354100,2026-05,1028,1526190.8,5.5,1484.62
354100,2026-06,1012,1458025.77,5.4,1440.74
354120,2025-07,121,46966.6,3.7,388.15
354120,2025-08,92,32978.53,3.3,358.46
354120,2025-09,104,38795.99,2.8,373.04
354120,2025-10,96,37216.56,3.5,387.67
354120,2025-11,101,35115.26,2.3,347.68
354120,2025-12,106,41989.2,3.0,396.12
354120,2026-01,99,36103.67,2.5,364.68
354120,2026-02,93,34755.34,2.9,373.71
354120,2026-03,96,33703.78,3.4,351.08
354120,2026-04,90,31604.84,2.8,351.16
354120,2026-05,126,46326.18,2.8,367.67
354120,2026-06,121,48251.51,2.5,398.77
354130,2025-07,298,179609.32,3.0,602.72
354130,2025-08,268,141651.04,3.3,528.55
354130,2025-09,232,128237.31,3.8,552.75
354130,2025-10,213,143057.6,3.3,671.63
354130,2025-11,226,156834.47,3.3,693.96
354130,2025-12,279,185430.71,3.0,664.63
354130,2026-01,246,108211.4,3.4,439.88
354130,2026-02,205,85233.3,3.2,415.77
354130,2026-03,268,115322.88,3.4,430.31
354130,2026-04,264,121348.91,3.4,459.65
354130,2026-05,255,130188.98,3.6,510.55
354130,2026-06,214,100691.03,3.6,470.52
354140,2025-07,3676,7202310.66,5.7,1959.28
354140,2025-08,3802,7850979.25,5.5,2064.96
354140,2025-09,3816,7994061.33,5.9,2094.88
354140,2025-10,3777,7912934.14,5.2,2095.03
354140,2025-11,3522,7331232.09,5.9,2081.55
354140,2025-12,3290,7434464.23,6.2,2259.72
354140,2026-01,3635,7301726.62,6.0,2008.73
354140,2026-02,3365,6820288.93,5.7,2026.83
354140,2026-03,4081,7933996.67,5.5,1944.13
354140,2026-04,3551,7047354.51,5.3,1984.61
354140,2026-05,3947,7999821.64,5.7,2026.81
354140,2026-06,3670,7692089.7,5.5,2095.94
354150,2025-07,189,244294.37,4.6,1292.56
354150,2025-08,164,216694.75,4.1,1321.31
354150,2025-09,194,222870.74,3.9,1148.82
354150,2025-10,184,192048.7,3.9,1043.74
354150,2025-11,209,267800.59,3.3,1281.34
354150,2025-12,192,282289.29,4.3,1470.26
354150,2026-01,168,175308.9,4.4,1043.51
354150,2026-02,189,254177.1,4.2,1344.85
354150,2026-03,208,219279.01,3.7,1054.23
354150,2026-04,150,146767.28,3.8,978.45
354150,2026-05,138,185574.5,4.9,1344.74
354150,2026-06,193,262495.98,4.4,1360.08
354160,2025-07,278,313124.7,3.6,1126.35
354160,2025-08,408,485836.8,4.3,1190.78
354160,2025-09,315,368977.18,3.3,1171.36
354160,2025-10,333,338535.08,4.2,1016.62
354160,2025-11,361,443587.99,3.6,1228.78
354160,2025-12,320,340385.52,3.5,1063.7
354160,2026-01,322,380564.79,3.6,1181.88
354160,2026-02,308,321254.3,2.7,1043.03
354160,2026-03,479,460634.17,3.0,961.66
354160,2026-04,383,363112.77,3.1,948.08
354160,2026-05,374,390194.88,3.4,1043.3
354160,2026-06,353,376317.51,3.7,1066.06
354190,2025-07,11,4402.35,5.6,400.21
354190,2025-08,22,9325.55,4.5,423.89
354190,2025-09,20,9221.13,5.3,461.06
354190,2025-10,16,4897.23,4.2,306.08
354190,2025-11,10,4412.79,5.5,441.28
354190,2025-12,13,5808.41,5.7,446.8
354190,2026-01,19,8297.77,5.2,436.72
354190,2026-02,17,7050.77,3.5,414.75
354190,2026-03,17,9731.51,9.3,572.44
354190,2026-04,17,11626.39,8.4,683.91
354220,2025-07,377,407622.73,2.3,1081.23
354220,2025-08,375,438882.09,2.5,1170.35
354220,2025-09,371,452732.64,2.6,1220.3
354220,2025-10,402,427107.67,2.4,1062.46
354220,2025-11,349,392316.82,2.5,1124.12
354220,2025-12,279,336313.08,2.8,1205.42
354220,2026-01,371,422851.08,2.3,1139.76
354220,2026-02,357,409063.33,2.5,1145.84
354220,2026-03,399,456976.37,2.6,1145.3
354220,2026-04,405,428530.94,2.3,1058.1
354220,2026-05,404,427842.63,2.6,1059.02
354220,2026-06,382,432561.79,2.6,1132.36
354240,2025-07,79,27669.35,3.4,350.24
354240,2025-08,76,22593.42,3.0,297.28
354240,2025-09,79,25725.99,2.8,325.65
354240,2025-10,111,38412.69,3.0,346.06
354240,2025-11,58,20279.82,3.3,349.65
354240,2025-12,32,10472.78,3.4,327.27
354240,2026-01,101,32213.07,3.1,318.94
354240,2026-02,124,40246.57,3.3,324.57
354240,2026-03,92,29098.07,3.3,316.28
354240,2026-04,74,26508.46,3.2,358.22
354240,2026-05,83,28454.44,3.5,342.82
354240,2026-06,91,31459.73,2.9,345.71
354260,2025-07,915,1019683.75,4.1,1114.41
354260,2025-08,843,884553.98,3.5,1049.29
354260,2025-09,751,905564.84,3.6,1205.81
354260,2025-10,812,954748.45,4.1,1175.8
354260,2025-11,505,737035.89,4.6,1459.48
354260,2025-12,485,608563.33,4.2,1254.77
354260,2026-01,555,729917.01,4.0,1315.17
354260,2026-02,581,655084.31,3.9,1127.51
354260,2026-03,943,962186.22,3.1,1020.35
354260,2026-04,900,1006920.86,3.3,1118.8
354260,2026-05,917,938779.83,3.1,1023.75
354260,2026-06,855,902901.63,3.5,1056.03
354290,2025-07,31,21634.92,2.5,697.9
354290,2025-08,28,17571.52,2.4,627.55
354290,2025-09,29,22598.42,0.7,779.26
354290,2025-10,37,35247.4,1.6,952.63
354290,2025-11,49,53083.17,2.1,1083.33
354290,2025-12,35,33790.87,1.8,965.45
354290,2026-01,28,40758.73,1.7,1455.67
354290,2026-02,43,46683.63,0.9,1085.67
354290,2026-03,51,45477.43,2.6,891.71
354290,2026-04,46,54671.22,1.9,1188.5
354290,2026-05,39,26581.49,1.1,681.58
354290,2026-06,33,25087.15,2.6,760.22
354300,2025-07,117,49706.14,3.1,424.84
354300,2025-08,24,8064.04,3.6,336.0
354300,2025-09,20,7048.48,3.7,352.42
354300,2025-10,5,1739.09,4.2,347.82
354300,2025-11,44,14978.68,2.7,340.42
354300,2025-12,26,11054.81,4.8,425.18
354300,2026-01,22,6644.51,3.0,302.02
354300,2026-02,24,11126.06,5.3,463.59
354300,2026-03,34,13680.16,3.8,402.36
354300,2026-04,28,10291.23,3.6,367.54
354300,2026-05,39,16934.21,3.8,434.21
354300,2026-06,29,12391.39,4.6,427.29
354330,2025-07,134,99991.43,6.1,746.2
354330,2025-08,132,109748.07,7.2,831.42
354330,2025-09,186,115093.71,4.5,618.78
354330,2025-10,160,107879.54,6.3,674.25
354330,2025-11,177,108172.5,4.8,611.14
354330,2025-12,149,98067.8,5.4,658.17
354330,2026-01,165,103173.16,5.0,625.29
354330,2026-02,152,99223.67,5.3,652.79
354330,2026-03,146,106636.75,6.2,730.39
354330,2026-04,161,108839.9,7.5,676.02
354330,2026-05,163,97344.92,5.5,597.21
354330,2026-06,154,99131.42,5.0,643.71
354340,2025-07,7874,17993626.68,4.5,2285.2
354340,2025-08,8159,20763189.79,4.8,2544.82
354340,2025-09,8314,18489046.84,4.4,2223.84
354340,2025-10,8448,20533746.83,4.4,2430.6
354340,2025-11,8068,20424108.35,4.5,2531.5
354340,2025-12,7973,17476536.06,4.3,2191.96
354340,2026-01,7447,18467388.16,4.3,2479.84
354340,2026-02,6886,16200798.07,4.5,2352.72
354340,2026-03,7950,18648151.66,4.4,2345.68
354340,2026-04,7756,18462863.58,4.7,2380.46
354340,2026-05,7739,17977486.56,4.5,2322.97
354340,2026-06,7647,17998410.88,4.6,2353.66
354380,2025-07,22,10405.96,5.7,473.0
354380,2025-08,28,11982.2,6.2,427.94
354380,2025-09,31,13388.58,4.6,431.89
354380,2025-10,19,9263.46,6.9,487.55
354380,2025-11,22,7784.65,4.3,353.85
354380,2025-12,28,10179.14,4.8,363.54
354380,2026-01,24,10636.11,5.6,443.17
354380,2026-02,21,7309.97,5.0,348.09
354380,2026-03,21,8925.22,5.6,425.01
354380,2026-04,22,7186.41,5.0,326.65
354380,2026-05,23,9404.33,5.4,408.88
354380,2026-06,21,8359.96,4.9,398.09
354390,2025-07,879,1682895.64,6.7,1914.56
354390,2025-08,1049,1890308.85,6.1,1802.01
354390,2025-09,989,1824768.45,6.3,1845.06
354390,2025-10,978,1675679.82,6.4,1713.37
354390,2025-11,929,1597895.61,6.8,1720.02
354390,2025-12,1078,1735098.22,6.4,1609.55
354390,2026-01,902,1366343.31,6.6,1514.79
354390,2026-02,933,1418448.9,6.4,1520.31
354390,2026-03,1160,1646321.04,5.7,1419.24
354390,2026-04,1030,1586214.75,6.1,1540.01
354390,2026-05,1169,1979500.36,6.2,1693.33
354390,2026-06,1059,1796883.22,6.0,1696.77
354400,2025-07,78,24076.05,2.3,308.67
354400,2025-08,84,21689.73,1.8,258.21
354400,2025-09,81,18204.71,1.7,224.75
354400,2025-10,78,21571.76,1.5,276.56
354400,2025-11,77,12809.99,1.4,166.36
354400,2025-12,25,6128.19,1.0,245.13
354400,2026-01,112,27219.41,2.0,243.03
354400,2026-02,73,14168.81,1.2,194.09
354400,2026-03,82,18870.35,1.3,230.13
354400,2026-04,84,18921.28,1.4,225.25
354400,2026-05,79,16276.67,1.5,206.03
354400,2026-06,77,15524.36,1.7,201.62
354420,2025-07,21,7779.59,4.5,370.46
354420,2025-08,30,8080.26,2.7,269.34
354420,2025-09,16,4344.32,3.3,271.52
354420,2025-10,19,6674.87,3.6,351.31
354420,2025-11,19,6576.09,5.1,346.11
354420,2025-12,7,1988.72,2.3,284.1
354420,2026-01,15,7990.22,4.1,532.68
354420,2026-02,3,1276.09,6.0,425.36
354420,2026-03,11,3079.79,2.9,279.98
354420,2026-04,25,9029.24,3.0,361.17
354420,2026-05,27,10704.49,3.0,396.46
354420,2026-06,14,5285.82,2.9,377.56
354425,2025-07,255,129166.57,3.3,506.54
354425,2025-08,255,129750.1,3.5,508.82
354425,2025-09,321,211068.47,10.6,657.53
354425,2025-10,249,122656.09,3.3,492.59
354425,2025-11,258,120039.3,3.1,465.27
354425,2025-12,267,184145.8,12.1,689.68
354425,2026-01,228,114469.2,3.4,502.06
354425,2026-02,214,95519.69,3.4,446.35
354425,2026-03,303,190639.91,10.5,629.17
354425,2026-04,253,110623.34,3.2,437.25
354425,2026-05,264,128016.99,3.1,484.91
354425,2026-06,262,170988.8,11.6,652.63
354490,2025-07,28,11245.38,2.0,401.62
354490,2025-08,29,12082.74,1.6,416.65
354490,2025-09,25,11317.25,2.8,452.69
354490,2025-10,19,7647.42,1.7,402.5
354490,2025-11,13,4946.23,1.6,380.48
354490,2025-12,22,10377.49,2.0,471.7
354490,2026-01,17,5702.75,1.8,335.46
354490,2026-02,19,8899.99,1.6,468.42
354490,2026-03,18,9857.06,1.3,547.61
354490,2026-04,25,9309.12,2.2,372.36
354490,2026-05,17,7853.6,2.2,461.98
354500,2025-07,31,12271.68,3.0,395.86
354500,2025-08,23,6262.01,1.5,272.26
354500,2025-09,34,13082.74,3.2,384.79
354500,2025-10,41,15233.5,2.7,371.55
354500,2025-11,40,13829.62,3.5,345.74
354500,2025-12,46,12184.02,2.3,264.87
354500,2026-01,35,9079.9,2.5,259.43
354500,2026-02,48,13068.32,2.6,272.26
354500,2026-03,35,9794.87,2.6,279.85
354500,2026-04,15,3984.81,1.5,265.65
354500,2026-05,46,19820.19,3.1,430.87
354500,2026-06,44,13164.52,2.8,299.19
354520,2025-07,580,493626.8,2.8,851.08
354520,2025-08,586,542566.89,3.0,925.88
354520,2025-09,603,467467.79,2.6,775.24
354520,2025-10,600,559831.08,3.0,933.05
354520,2025-11,548,427627.96,2.9,780.34
354520,2025-12,548,374177.4,2.2,682.81
354520,2026-01,565,486635.42,2.7,861.3
354520,2026-02,610,467272.09,2.2,766.02
354520,2026-03,603,459341.28,2.3,761.76
354520,2026-04,597,530861.47,2.8,889.22
354520,2026-05,626,520335.68,2.8,831.21
354520,2026-06,590,465102.16,2.7,788.31
354530,2025-07,237,236289.55,2.0,997.0
354530,2025-08,255,248621.52,1.8,974.99
354530,2025-09,271,318207.94,1.6,1174.2
354530,2025-10,269,332105.7,1.7,1234.59
354530,2025-11,240,123695.28,1.7,515.4
354530,2025-12,206,107982.13,2.1,524.19
354530,2026-01,138,60905.45,2.1,441.34
354530,2026-02,226,122726.88,1.9,543.04
354530,2026-03,244,137443.76,1.9,563.29
354530,2026-04,243,121016.49,1.8,498.01
354530,2026-05,238,130433.58,1.8,548.04
354530,2026-06,196,101317.4,1.9,516.93
354540,2025-07,50,19607.52,2.7,392.15
354540,2025-08,66,24533.46,2.4,371.72
354540,2025-09,69,20914.01,1.9,303.1
354540,2025-10,63,21060.04,2.1,334.29
354540,2025-11,62,18305.31,3.2,295.25
354540,2025-12,57,18454.23,2.7,323.76
354540,2026-01,47,13916.73,2.3,296.1
354540,2026-02,56,20832.55,2.2,372.01
354540,2026-03,49,20671.01,3.2,421.86
354540,2026-04,68,23819.61,2.3,350.29
354540,2026-05,79,28748.9,2.8,363.91
354540,2026-06,96,40799.82,1.9,425.0
354560,2025-07,93,121479.56,4.0,1306.23
354560,2025-08,81,133742.02,3.4,1651.14
354560,2025-09,98,130620.82,3.3,1332.87
354560,2025-10,104,131392.59,2.7,1263.39
354560,2025-11,85,123739.46,2.6,1455.76
354560,2025-12,62,42866.14,2.7,691.39
354560,2026-01,84,56608.76,2.3,673.91
354560,2026-02,79,64997.41,3.0,822.75
354560,2026-03,104,82215.08,2.6,790.53
354560,2026-04,94,77690.43,4.1,826.49
354560,2026-05,104,80604.05,2.8,775.04
354560,2026-06,108,103818.95,3.3,961.29
354580,2025-07,825,1036138.85,2.6,1255.93
354580,2025-08,813,915330.87,2.3,1125.87
354580,2025-09,744,909769.17,2.4,1222.81
354580,2025-10,823,989631.34,2.4,1202.47
354580,2025-11,674,750640.21,2.3,1113.71
354580,2025-12,633,873983.38,3.2,1380.7
354580,2026-01,713,890663.62,2.5,1249.18
354580,2026-02,674,849358.32,2.5,1260.18
354580,2026-03,772,967639.86,2.0,1253.42
354580,2026-04,705,943748.1,2.6,1338.65
354580,2026-05,843,951006.75,2.0,1128.12
354580,2026-06,815,1020174.1,2.3,1251.75
354630,2025-07,112,58818.07,2.8,525.16
354630,2025-08,99,55976.29,2.9,565.42
354630,2025-09,94,46085.36,2.5,490.27
354630,2025-10,117,58688.43,2.1,501.61
354630,2025-11,93,42667.85,2.1,458.79
354630,2025-12,85,45568.21,2.0,536.1
354630,2026-01,117,69626.8,2.0,595.1
354630,2026-02,99,44802.14,2.2,452.55
354630,2026-03,96,49770.01,2.0,518.44
354630,2026-04,106,60709.53,2.2,572.73
354630,2026-05,121,68698.96,2.4,567.76
354630,2026-06,100,49431.25,2.5,494.31
354640,2025-07,421,490535.1,3.3,1165.17
354640,2025-08,352,508517.72,3.5,1444.65
354640,2025-09,375,538998.49,3.8,1437.33
354640,2025-10,350,433820.83,3.3,1239.49
354640,2025-11,335,441632.24,3.3,1318.31
354640,2025-12,331,498532.71,4.0,1506.14
354640,2026-01,283,495520.04,4.7,1750.95
354640,2026-02,312,477535.86,3.6,1530.56
354640,2026-03,339,471842.9,4.0,1391.87
354640,2026-04,330,575848.11,4.1,1744.99
354640,2026-05,356,561406.21,3.9,1576.98
354640,2026-06,363,483165.71,3.6,1331.04
354660,2025-07,294,333169.91,4.3,1133.23
354660,2025-08,336,379543.03,4.3,1129.59
354660,2025-09,293,398541.89,4.3,1360.21
354660,2025-10,287,331463.81,4.4,1154.93
354660,2025-11,278,305445.8,4.6,1098.73
354660,2025-12,282,306998.04,3.8,1088.65
354660,2026-01,301,316880.92,4.2,1052.76
354660,2026-02,273,278761.95,4.2,1021.11
354660,2026-03,303,343239.61,4.4,1132.8
354660,2026-04,310,359460.08,3.7,1159.55
354660,2026-05,300,292138.83,4.1,973.8
354660,2026-06,295,336311.16,4.5,1140.04
354680,2025-07,155,214907.6,6.3,1386.5
354680,2025-08,199,261135.09,5.8,1312.24
354680,2025-09,178,198858.25,5.3,1117.18
354680,2025-10,172,231564.72,6.1,1346.31
354680,2025-11,168,200582.69,4.8,1193.94
354680,2025-12,184,193239.07,5.7,1050.21
354680,2026-01,168,246455.27,5.2,1467.0
354680,2026-02,156,235536.39,5.8,1509.85
354680,2026-03,186,197321.48,5.1,1060.87
354680,2026-04,137,248595.99,6.0,1814.57
354680,2026-05,177,227785.21,5.0,1286.92
354680,2026-06,179,257026.05,5.6,1435.9
354730,2025-07,370,112890.51,3.5,305.11
354730,2025-08,405,144388.18,4.3,356.51
354730,2025-09,343,113218.14,4.5,330.08
354730,2025-10,324,112733.83,5.1,347.94
354730,2025-11,314,136460.19,5.8,434.59
354730,2025-12,190,71798.02,4.8,377.88
354730,2026-01,398,152557.56,3.8,383.31
354730,2026-02,330,136806.87,4.1,414.57
354730,2026-03,77,39894.77,5.2,518.11
354730,2026-04,536,227199.74,4.5,423.88
354730,2026-05,462,235205.04,4.9,509.1
354730,2026-06,232,115035.91,4.5,495.84
354750,2025-07,154,222599.8,20.7,1445.45
354750,2025-08,140,192636.95,22.2,1375.98
354750,2025-09,126,163483.89,20.2,1297.49
354750,2025-10,150,192022.33,17.2,1280.15
354750,2025-11,143,175403.87,17.0,1226.6
354750,2025-12,107,166173.61,23.9,1553.02
354750,2026-01,144,177851.87,17.6,1235.08
354750,2026-02,109,159615.2,20.9,1464.36
354750,2026-03,175,191798.9,15.0,1095.99
354750,2026-04,135,173167.78,18.2,1282.72
354750,2026-05,148,173347.58,17.4,1171.27
354750,2026-06,196,202952.52,13.5,1035.47
354760,2025-07,60,19774.82,3.6,329.58
354760,2025-08,93,33645.48,4.5,361.78
354760,2025-09,88,26297.18,5.0,298.83
354760,2025-10,73,24734.03,6.0,338.82
354760,2025-11,84,20986.05,3.0,249.83
354760,2025-12,93,23443.09,3.8,252.08
354760,2026-01,85,18424.7,4.1,216.76
354760,2026-02,92,20035.52,3.5,217.78
354760,2026-03,123,34440.93,4.0,280.01
354760,2026-04,99,23096.74,3.3,233.3
354760,2026-05,111,30824.92,4.4,277.7
354760,2026-06,113,37469.58,4.4,331.59
354770,2025-07,178,75267.84,3.4,422.85
354770,2025-08,144,53503.83,3.4,371.55
354770,2025-09,185,134950.07,3.1,729.46
354770,2025-10,171,62846.34,3.1,367.52
354770,2025-11,167,69250.83,2.7,414.68
354770,2025-12,179,57227.05,3.5,319.7
354770,2026-01,184,48734.45,2.7,264.86
354770,2026-02,181,48495.47,3.6,267.93
354770,2026-03,186,51863.01,4.0,278.83
354770,2026-04,194,56779.45,3.8,292.68
354770,2026-05,169,49682.22,3.5,293.98
354770,2026-06,201,53425.06,3.6,265.8
354780,2025-07,4102,7820883.36,4.5,1906.6
354780,2025-08,3872,7758539.23,4.2,2003.75
354780,2025-09,3918,7559676.18,4.5,1929.47
354780,2025-10,3614,6808746.78,4.7,1883.99
354780,2025-11,3580,7043648.78,4.8,1967.5
354780,2025-12,2976,5535198.63,5.2,1859.95
354780,2026-01,3404,6716763.94,5.3,1973.2
354780,2026-02,2955,5825284.21,5.2,1971.33
354780,2026-03,3542,6602501.69,5.1,1864.06
354780,2026-04,4079,6881490.26,4.3,1687.05
354780,2026-05,3616,7091520.69,4.8,1961.15
354780,2026-06,4021,7775139.61,4.8,1933.63
354790,2025-07,9,4027.71,2.3,447.52
354790,2025-08,16,6551.05,2.9,409.44
354790,2025-09,13,5797.63,2.4,445.97
354790,2025-10,18,6064.93,3.1,336.94
354790,2025-11,11,3041.77,4.3,276.52
354790,2025-12,9,2345.87,3.0,260.65
354790,2026-01,13,5213.3,3.2,401.02
354790,2026-02,10,3566.22,4.2,356.62
354790,2026-03,18,7645.9,3.9,424.77
354790,2026-04,24,8531.94,3.8,355.5
354790,2026-05,11,3075.96,2.1,279.63
354790,2026-06,9,1797.99,2.9,199.78
354850,2025-07,3046,6379797.14,5.8,2094.48
354850,2025-08,2694,6389018.19,5.9,2371.57
354850,2025-09,3047,6640946.93,5.9,2179.5
354850,2025-10,2846,5935841.15,5.2,2085.68
354850,2025-11,2688,5820972.2,5.7,2165.54
354850,2025-12,2708,5230575.76,5.6,1931.53
354850,2026-01,2659,5607976.92,6.0,2109.05
354850,2026-02,2591,5332249.42,5.8,2057.99
354850,2026-03,2785,5899359.3,5.5,2118.26
354850,2026-04,2729,5598086.86,5.6,2051.33
354850,2026-05,3106,6335600.78,5.3,2039.79
354850,2026-06,3191,6828721.24,5.9,2139.99
354860,2025-07,63,28437.79,3.9,451.39
354860,2025-08,53,21538.28,4.1,406.38
354860,2025-09,43,19217.3,4.1,446.91
354860,2025-10,44,17548.92,3.8,398.84
354860,2025-11,40,17309.62,3.6,432.74
354860,2025-12,37,15524.47,4.3,419.58
354860,2026-01,44,18656.12,3.3,424.0
354860,2026-02,29,13874.12,3.7,478.42
354860,2026-03,27,11037.56,4.0,408.8
354860,2026-04,22,7425.79,3.2,337.54
354860,2026-05,57,21816.78,3.6,382.75
354860,2026-06,35,14199.11,3.6,405.69
354870,2025-07,3673,9172226.18,6.3,2497.2
354870,2025-08,3210,7296464.83,5.8,2273.04
354870,2025-09,3597,9489441.84,6.3,2638.15
354870,2025-10,3560,9466155.52,6.4,2659.03
354870,2025-11,3478,9887332.49,6.6,2842.82
354870,2025-12,2993,8544232.04,6.7,2854.74
354870,2026-01,3386,8509498.39,6.2,2513.14
354870,2026-02,3289,8911519.08,6.1,2709.49
354870,2026-03,3447,9812560.22,6.4,2846.7
354870,2026-04,3550,10214516.75,6.0,2877.33
354870,2026-05,3486,9315526.68,5.9,2672.27
354870,2026-06,3493,8628218.34,5.9,2470.15
354880,2025-07,1240,1905109.91,4.9,1536.38
354880,2025-08,1232,1654460.7,3.9,1342.91
354880,2025-09,1369,2028579.14,4.2,1481.8
354880,2025-10,1255,1877171.46,4.2,1495.75
354880,2025-11,1251,1900644.84,4.2,1519.3
354880,2025-12,1052,1540462.68,3.9,1464.32
354880,2026-01,1050,1479767.11,3.9,1409.3
354880,2026-02,1029,1492440.0,4.2,1450.38
354880,2026-03,1470,2031761.76,3.7,1382.15
354880,2026-04,1539,2320531.53,4.2,1507.82
354880,2026-05,1320,2263258.19,3.9,1714.59
354890,2025-07,1859,3510359.77,4.1,1888.31
354890,2025-08,1688,3567125.57,4.1,2113.23
354890,2025-09,1669,3323441.15,3.6,1991.28
354890,2025-10,1864,3411449.16,3.7,1830.18
354890,2025-11,1802,3254981.89,4.0,1806.32
354890,2025-12,2010,3168792.08,3.3,1576.51
354890,2026-01,1822,3352876.82,4.0,1840.22
354890,2026-02,1694,3133426.61,3.9,1849.72
354890,2026-03,1786,3289937.3,3.3,1842.07
354890,2026-04,1763,3239419.17,3.8,1837.45
354890,2026-05,1782,3368846.14,3.4,1890.49
354890,2026-06,1889,3555387.88,3.4,1882.15
354910,2025-07,608,1044808.55,4.2,1718.44
354910,2025-08,566,1046616.32,4.2,1849.15
354910,2025-09,553,1024226.88,4.6,1852.13
354910,2025-10,546,1137458.02,4.0,2083.26
354910,2025-11,522,1038174.68,4.2,1988.84
354910,2025-12,504,1078894.71,3.7,2140.66
354910,2026-01,587,1103645.88,4.0,1880.15
354910,2026-02,625,1229819.3,4.4,1967.71
354910,2026-03,589,1225331.78,4.1,2080.36
354910,2026-04,572,1162826.23,4.1,2032.91
354910,2026-05,592,1177315.75,4.0,1988.71
354910,2026-06,545,1122498.08,3.9,2059.63
354940,2025-07,375,600017.47,3.8,1600.05
354940,2025-08,368,696518.15,3.3,1892.71
354940,2025-09,340,465469.22,3.1,1369.03
354940,2025-10,323,438674.08,3.3,1358.12
354940,2025-11,308,482143.02,3.4,1565.4
354940,2025-12,283,350993.84,3.6,1240.26
354940,2026-01,308,394483.74,3.5,1280.79
354940,2026-02,258,318354.62,3.5,1233.93
354940,2026-03,338,485891.68,3.6,1437.55
354940,2026-04,366,542007.63,3.4,1480.9
354940,2026-05,394,495797.96,3.1,1258.37
354940,2026-06,361,526710.4,3.3,1459.03
354970,2025-07,386,400106.27,3.5,1036.54
354970,2025-08,357,512667.7,3.3,1436.04
354970,2025-09,342,592407.46,3.2,1732.19
354970,2025-10,419,550886.43,3.2,1314.76
354970,2025-11,344,426540.81,3.1,1239.94
354970,2025-12,342,340642.59,2.7,996.03
354970,2026-01,330,391993.66,3.5,1187.86
354970,2026-02,328,383501.65,3.2,1169.21
354970,2026-03,348,439418.63,2.6,1262.7
354970,2026-04,363,498005.94,3.4,1371.92
354970,2026-05,405,591891.64,3.3,1461.46
354970,2026-06,370,533887.56,3.6,1442.94
354980,2025-07,7694,24634551.91,4.7,3201.79
354980,2025-08,8154,26985869.44,4.6,3309.53
354980,2025-09,8448,25572673.62,4.3,3027.07
354980,2025-10,8163,27541787.59,4.5,3373.98
354980,2025-11,8185,24030261.53,4.2,2935.89
354980,2025-12,7479,24784175.77,4.6,3313.84
354980,2026-01,7690,24595842.23,4.6,3198.42
354980,2026-02,7553,23821822.07,4.5,3153.95
354980,2026-03,8085,25247190.97,4.6,3122.72
354980,2026-04,8051,25819323.45,4.5,3206.97
354980,2026-05,8338,27954761.09,4.5,3352.69
354980,2026-06,8128,27193444.46,4.5,3345.65
354990,2025-07,5340,11400959.56,4.6,2135.01
354990,2025-08,5162,11449680.2,4.6,2218.07
354990,2025-09,4992,10911588.71,4.4,2185.82
354990,2025-10,5000,11552333.37,4.5,2310.47
354990,2025-11,4554,9865825.97,4.5,2166.41
354990,2025-12,4444,10452316.1,4.7,2352.01
354990,2026-01,5063,10696310.85,4.5,2112.64
354990,2026-02,4682,10414801.85,4.6,2224.43
354990,2026-03,5047,11415028.05,4.6,2261.75
354990,2026-04,4701,10187834.68,4.6,2167.16
354990,2026-05,5454,12061562.85,4.4,2211.51
354990,2026-06,5355,11461301.95,4.4,2140.3
355000,2025-07,19,7292.33,4.4,383.81
355000,2025-08,16,5244.52,5.0,327.78
355000,2025-09,16,5852.89,6.9,365.81
355000,2025-10,18,3234.57,3.4,179.7
355000,2025-11,16,6526.17,6.1,407.89
355000,2025-12,12,4735.17,6.2,394.6
355000,2026-01,18,5559.5,5.6,308.86
355000,2026-02,18,5743.01,6.4,319.06
355000,2026-03,7,2077.3,16.4,296.76
355010,2025-07,172,180021.82,3.4,1046.64
355010,2025-08,152,168416.07,3.4,1108.0
355010,2025-09,153,194490.82,3.2,1271.18
355010,2025-10,154,202306.01,3.3,1313.68
355010,2025-11,144,123238.17,2.8,855.82
355010,2025-12,131,123114.53,2.7,939.81
355010,2026-01,86,173064.11,4.9,2012.37
355010,2026-02,108,126599.85,3.6,1172.22
355010,2026-03,112,164180.84,4.3,1465.9
355010,2026-04,119,115211.61,3.6,968.16
355010,2026-05,158,158241.73,2.7,1001.53
355010,2026-06,156,163525.12,3.4,1048.24
355020,2025-07,133,75131.06,14.5,564.9
355020,2025-08,111,65291.87,11.2,588.22
355020,2025-09,98,57546.47,12.0,587.21
355020,2025-10,92,58027.21,12.8,630.73
355020,2025-11,127,150540.49,9.7,1185.36
355020,2025-12,86,90887.56,11.3,1056.83
355020,2026-01,101,122069.31,3.8,1208.61
355020,2026-02,110,141211.54,12.9,1283.74
355020,2026-03,126,102124.1,9.1,810.51
355020,2026-04,136,133394.05,10.5,980.84
355020,2026-05,110,200212.85,10.2,1820.12
355020,2026-06,150,245746.24,14.0,1638.31
355030,2025-07,65416,160083728.15,5.6,2447.16
355030,2025-08,64992,157332624.42,5.4,2420.8
355030,2025-09,63706,161396338.82,5.4,2533.46
355030,2025-10,65478,158010366.11,5.4,2413.18
355030,2025-11,60993,148924119.17,5.4,2441.66
355030,2025-12,57005,137209824.79,5.6,2406.98
355030,2026-01,59211,140057274.86,5.7,2365.39
355030,2026-02,58426,141336296.47,5.6,2419.07
355030,2026-03,64714,150844918.75,5.4,2330.95
355030,2026-04,63368,153783704.2,5.4,2426.84
355030,2026-05,65419,162707465.48,5.3,2487.16
355030,2026-06,62724,151230343.78,5.4,2411.04
355040,2025-07,379,738121.8,1.8,1947.55
355040,2025-08,452,676793.38,1.6,1497.33
355040,2025-09,373,525588.22,1.6,1409.08
355040,2025-10,386,542858.09,1.4,1406.37
355040,2025-11,377,639557.25,1.8,1696.44
355040,2025-12,353,393166.21,1.9,1113.79
355040,2026-01,347,372965.17,1.6,1074.83
355040,2026-02,302,363328.25,1.7,1203.07
355040,2026-03,370,454937.5,1.9,1229.56
355040,2026-04,329,371927.51,1.9,1130.48
355040,2026-05,428,463877.61,1.4,1083.83
355040,2026-06,354,466587.48,1.8,1318.04
355060,2025-07,302,355706.64,3.9,1177.84
355060,2025-08,496,524864.88,4.4,1058.2
355060,2025-09,481,407599.61,3.2,847.4
355060,2025-10,443,405063.61,4.0,914.36
355060,2025-11,402,372197.79,4.1,925.87
355060,2025-12,485,478283.35,3.9,986.15
355060,2026-01,442,388074.36,3.4,878.0
355060,2026-02,464,473361.57,4.0,1020.18
355060,2026-03,270,317159.27,2.8,1174.66
355060,2026-04,510,491504.37,3.6,963.73
355060,2026-05,503,488785.72,3.5,971.74
355060,2026-06,490,609519.72,3.3,1243.92
355070,2025-07,543,526025.18,3.8,968.74
355070,2025-08,546,519804.46,3.6,952.02
355070,2025-09,499,397731.43,3.5,797.06
355070,2025-10,520,467294.48,3.5,898.64
355070,2025-11,481,455564.75,3.8,947.12
355070,2025-12,567,501948.7,3.5,885.27
355070,2026-01,495,469062.45,3.8,947.6
355070,2026-02,551,466981.36,3.6,847.52
355070,2026-03,550,448206.14,3.5,814.92
355070,2026-04,491,416974.97,3.7,849.24
355070,2026-05,607,493211.5,3.5,812.54
355070,2026-06,529,439027.42,3.4,829.92
355080,2025-07,66,26295.96,2.5,398.42
355080,2025-08,47,19682.55,3.7,418.78
355080,2025-09,44,18317.54,2.8,416.31
355080,2025-10,47,22448.66,2.4,477.63
355080,2025-11,55,23339.7,2.4,424.36
355080,2025-12,40,19203.97,2.8,480.1
355080,2026-01,42,19583.0,3.5,466.26
355080,2026-02,39,27787.83,3.2,712.51
355080,2026-03,53,18152.36,2.4,342.5
355080,2026-04,61,25378.29,2.5,416.04
355080,2026-05,40,25678.58,4.2,641.96
355080,2026-06,45,35791.02,4.1,795.36
355090,2025-07,38,21530.09,5.5,566.58
355090,2025-08,25,16368.26,7.6,654.73
355090,2025-09,23,12477.59,6.1,542.5
355090,2025-10,23,11949.57,6.0,519.55
355090,2025-11,27,16830.26,7.1,623.34
355090,2025-12,27,12863.17,5.6,476.41
355090,2026-01,25,12361.76,8.1,494.47
355090,2026-02,24,11608.23,7.0,483.68
355090,2026-03,20,14176.76,7.3,708.84
355090,2026-04,25,18317.58,6.7,732.7
355090,2026-05,26,14066.33,6.3,541.01
355090,2026-06,27,11862.82,4.7,439.36
355100,2025-07,1055,1079767.88,4.4,1023.48
355100,2025-08,962,1071764.9,4.1,1114.1
355100,2025-09,911,1131424.67,4.1,1241.96
355100,2025-10,719,929348.18,4.7,1292.56
355100,2025-11,708,882069.24,4.5,1245.86
355100,2025-12,672,956161.31,5.3,1422.86
355100,2026-01,643,992408.65,4.5,1543.4
355100,2026-02,716,1022010.23,4.4,1427.39
355100,2026-03,851,1168507.82,3.7,1373.1
355100,2026-04,761,934599.87,4.2,1228.12
355100,2026-05,817,1154444.46,4.3,1413.03
355100,2026-06,753,985737.82,4.3,1309.08
355150,2025-07,313,439963.12,5.5,1405.63
355150,2025-08,347,389862.81,4.7,1123.52
355150,2025-09,301,356354.73,5.2,1183.9
355150,2025-10,356,408181.69,4.5,1146.58
355150,2025-11,281,317200.67,4.7,1128.83
355150,2025-12,218,301443.96,5.8,1382.77
355150,2026-01,268,326543.2,4.8,1218.44
355150,2026-02,253,389924.25,5.7,1541.2
355150,2026-03,301,429867.81,4.9,1428.13
355150,2026-04,279,452239.99,5.9,1620.93
355150,2026-05,291,399276.27,5.2,1372.08
355150,2026-06,285,394192.25,5.6,1383.13
355160,2025-07,197,120718.23,2.9,612.78
355160,2025-08,204,164015.79,2.3,804.0
355160,2025-09,225,164693.51,2.6,731.97
355160,2025-10,252,246904.14,2.5,979.78
355160,2025-11,190,219875.6,3.0,1157.24
355160,2025-12,170,184381.89,3.1,1084.6
355160,2026-01,184,214933.23,2.8,1168.12
355160,2026-02,242,260326.24,2.8,1075.73
355160,2026-03,231,197917.6,2.8,856.79
355160,2026-04,267,313157.16,2.6,1172.87
355160,2026-05,248,289825.19,2.4,1168.65
355160,2026-06,225,241029.33,2.8,1071.24
355170,2025-07,598,764630.57,3.5,1278.65
355170,2025-08,563,899665.44,3.5,1597.98
355170,2025-09,549,1092626.59,3.6,1990.21
355170,2025-10,620,1223110.56,3.2,1972.76
355170,2025-11,527,1043048.38,3.5,1979.22
355170,2025-12,464,834213.49,3.6,1797.87
355170,2026-01,564,1238476.61,3.6,2195.88
355170,2026-02,520,911618.0,3.4,1753.11
355170,2026-03,666,1130417.81,3.4,1697.32
355170,2026-04,571,952673.45,3.5,1668.43
355170,2026-05,667,1203853.87,3.6,1804.88
355170,2026-06,602,960763.89,3.4,1595.95
355200,2025-07,3,1383.52,4.7,461.17
355200,2025-08,1,582.42,1.0,582.42
355200,2025-10,2,626.64,7.5,313.32
355200,2025-11,4,1427.74,5.3,356.94
355200,2025-12,3,347.24,13.0,115.75
355200,2026-03,2,343.14,6.5,171.57
355200,2026-04,4,491.4,9.0,122.85
355200,2026-05,4,1965.94,3.0,491.48
355200,2026-06,3,1209.06,3.0,403.02
355210,2025-07,315,239398.51,2.0,760.0
355210,2025-08,384,364873.44,2.0,950.19
355210,2025-09,294,281449.96,2.3,957.31
355210,2025-10,243,249206.63,2.5,1025.54
355210,2025-11,276,270604.23,2.6,980.45
355210,2025-12,386,338939.52,2.4,878.08
355210,2026-01,338,314798.95,2.7,931.36
355210,2026-02,231,197209.92,2.5,853.72
355210,2026-03,194,184396.84,2.7,950.5
355210,2026-04,309,272656.16,2.3,882.38
355210,2026-05,344,283466.51,2.7,824.03
355210,2026-06,283,269690.34,2.8,952.97
355220,2025-07,5286,11349705.05,5.2,2147.13
355220,2025-08,5324,10703328.32,5.0,2010.39
355220,2025-09,5456,12953653.66,5.2,2374.2
355220,2025-10,5267,11087108.18,5.1,2105.01
355220,2025-11,5015,10406262.68,5.0,2075.03
355220,2025-12,5166,11202544.67,5.2,2168.51
355220,2026-01,5008,9847729.81,4.8,1966.4
355220,2026-02,4736,9460016.7,5.0,1997.47
355220,2026-03,5095,10158134.83,5.0,1993.75
355220,2026-04,5157,9568826.11,5.0,1855.5
355220,2026-05,5441,10700998.73,5.0,1966.73
355220,2026-06,5306,11023852.4,5.1,2077.62
355230,2025-07,31,13989.78,3.9,451.28
355230,2025-08,21,11755.17,3.3,559.77
355230,2025-09,16,7979.82,4.4,498.74
355230,2025-10,12,6485.23,3.0,540.44
355230,2025-11,13,5401.79,4.8,415.52
355230,2025-12,18,7617.85,3.7,423.21
355230,2026-01,20,8556.66,4.0,427.83
355230,2026-02,11,4857.86,2.8,441.62
355230,2026-03,18,7512.7,3.0,417.37
355230,2026-04,16,4887.35,2.5,305.46
355230,2026-05,11,5427.5,4.7,493.41
355230,2026-06,7,3349.46,5.7,478.49
355240,2025-07,1097,2190744.16,4.5,1997.03
355240,2025-08,1169,2271596.78,4.3,1943.2
355240,2025-09,1135,2341647.45,4.4,2063.13
355240,2025-10,1062,2330956.09,4.9,2194.87
355240,2025-11,1075,2243753.44,4.5,2087.21
355240,2025-12,1008,2293199.14,5.2,2275.0
355240,2026-01,1005,2076829.87,4.4,2066.5
355240,2026-02,979,1646909.78,4.1,1682.24
355240,2026-03,1040,2292187.65,4.8,2204.03
355240,2026-04,1087,2196765.24,4.4,2020.94
355240,2026-05,1150,2640073.64,5.0,2295.72
355240,2026-06,997,2260878.69,4.7,2267.68
355250,2025-07,808,1022206.15,7.0,1265.11
355250,2025-08,750,1049470.11,6.8,1399.29
355250,2025-09,747,962996.16,6.1,1289.15
355250,2025-10,773,942337.17,5.6,1219.06
355250,2025-11,769,944970.16,6.5,1228.83
355250,2025-12,710,995317.54,7.0,1401.86
355250,2026-01,763,993156.05,7.9,1301.65
355250,2026-02,691,868803.62,7.2,1257.31
355250,2026-03,760,949552.11,6.1,1249.41
355250,2026-04,230,285265.42,11.1,1240.28
355250,2026-05,764,975807.87,6.5,1277.24
355250,2026-06,661,1012121.76,7.3,1531.2
355260,2025-07,77,62145.13,3.6,807.08
355260,2025-08,62,53833.25,2.9,868.28
355260,2025-09,82,76412.03,3.1,931.85
355260,2025-10,73,70755.76,4.3,969.26
355260,2025-11,67,60007.96,4.7,895.64
355260,2025-12,86,56235.24,3.3,653.9
355260,2026-01,88,59610.06,3.4,677.39
355260,2026-02,83,58635.58,3.4,706.45
355260,2026-03,84,58209.03,3.4,692.96
355260,2026-04,116,123544.11,3.2,1065.04
355260,2026-05,106,104982.0,3.2,990.4
355260,2026-06,95,113400.98,3.4,1193.69
355270,2025-07,71,53401.5,2.3,752.13
355270,2025-08,118,84115.23,3.7,712.84
355270,2025-09,62,31928.4,3.4,514.97
355270,2025-10,74,38325.12,3.3,517.91
355270,2025-11,60,44878.03,3.8,747.97
355270,2025-12,81,58094.34,4.0,717.21
355270,2026-01,52,23024.8,2.9,442.78
355270,2026-02,77,51562.71,4.0,669.65
355270,2026-03,75,42834.23,4.0,571.12
355270,2026-04,88,55584.93,3.4,631.65
355270,2026-05,77,54584.83,2.8,708.89
355270,2026-06,70,47774.62,3.8,682.49
355280,2025-07,1868,3108849.52,4.4,1664.27
355280,2025-08,1731,2785575.04,4.3,1609.23
355280,2025-09,1932,3237071.52,4.2,1675.5
355280,2025-10,1733,2964209.53,4.6,1710.45
355280,2025-11,1481,2484316.09,4.7,1677.46
355280,2025-12,1436,2378743.94,4.5,1656.51
355280,2026-01,1549,2575482.88,5.3,1662.67
355280,2026-02,1461,2206293.71,4.9,1510.13
355280,2026-03,1736,3294449.8,4.6,1897.72
355280,2026-04,1718,2783327.65,4.6,1620.1
355280,2026-05,1758,2742113.5,4.4,1559.79
355280,2026-06,1882,2956526.7,3.9,1570.95
355300,2025-07,60,26428.34,3.5,440.47
355300,2025-08,61,25811.73,2.9,423.14
355300,2025-09,49,23217.12,2.7,473.82
355300,2025-10,49,20585.39,2.5,420.11
355300,2025-11,58,24970.0,2.6,430.52
355300,2025-12,42,18336.65,2.8,436.59
355300,2026-01,37,14594.28,2.4,394.44
355300,2026-02,43,16424.02,3.3,381.95
355300,2026-03,67,28727.81,3.0,428.77
355300,2026-04,62,28863.86,3.0,465.55
355300,2026-05,77,39555.6,2.1,513.71
355300,2026-06,66,37445.37,2.6,567.35
355330,2025-07,118,55529.33,3.9,470.59
355330,2025-08,119,58167.4,2.3,488.8
355330,2025-09,90,40428.86,2.2,449.21
355330,2025-10,91,38784.0,2.6,426.2
355330,2025-11,134,52232.81,3.2,389.8
355330,2025-12,111,51640.21,3.6,465.23
355330,2026-01,73,31077.46,2.6,425.72
355330,2026-02,58,24886.63,2.8,429.08
355330,2026-03,93,46244.37,2.9,497.25
355330,2026-04,90,56910.14,2.4,632.33
355330,2026-05,197,83795.66,3.3,425.36
355330,2026-06,102,44150.84,3.3,432.85
355340,2025-07,103,58670.59,5.3,569.62
355340,2025-08,98,54538.06,5.0,556.51
355340,2025-09,134,67979.95,5.2,507.31
355340,2025-10,144,91614.34,7.3,636.21
355340,2025-11,124,74364.02,6.9,599.71
355340,2025-12,123,80718.81,8.4,656.25
355340,2026-01,98,62368.05,7.6,636.41
355340,2026-02,115,74779.67,7.1,650.26
355340,2026-03,138,90829.23,7.0,658.18
355340,2026-04,153,94607.4,7.0,618.35
355340,2026-05,147,87544.95,6.0,595.54
355340,2026-06,112,76643.8,7.6,684.32
355360,2025-07,32,17390.79,3.5,543.46
355360,2025-08,29,17247.39,2.4,594.74
355360,2025-09,35,19432.1,3.3,555.2
355360,2025-10,28,15178.95,3.9,542.11
355360,2025-11,28,12448.16,2.9,444.58
355360,2025-12,37,18488.13,2.8,499.68
355360,2026-01,29,12811.59,2.9,441.78
355360,2026-02,29,14274.77,3.4,492.23
355360,2026-03,35,19045.23,3.5,544.15
355360,2026-04,34,18815.38,3.0,553.39
355360,2026-05,41,19914.81,2.9,485.73
355360,2026-06,38,21240.95,3.4,558.97
355370,2025-07,380,344001.13,3.9,905.27
355370,2025-08,384,283316.31,3.0,737.8
355370,2025-09,371,287898.7,3.2,776.01
355370,2025-10,351,309698.65,3.9,882.33
355370,2025-11,331,275248.81,3.2,831.57
355370,2025-12,340,224256.85,3.1,659.58
355370,2026-01,342,217209.27,3.5,635.11
355370,2026-02,282,185854.02,3.1,659.06
355370,2026-03,340,355147.38,3.1,1044.55
355370,2026-04,469,290114.07,2.5,618.58
355370,2026-05,428,317300.08,2.9,741.36
355370,2026-06,413,328358.5,2.9,795.06
355380,2025-07,184,66503.72,2.4,361.43
355380,2025-08,175,60633.82,2.5,346.48
355380,2025-09,150,49167.59,2.2,327.78
355380,2025-10,191,60749.45,2.5,318.06
355380,2025-11,170,61114.39,3.3,359.5
355380,2025-12,141,45089.61,2.1,319.78
355380,2026-01,138,46413.62,2.2,336.33
355380,2026-02,134,46548.69,2.0,347.38
355380,2026-03,160,61986.28,2.2,387.41
355380,2026-04,263,138865.85,2.4,528.01
355380,2026-05,216,86267.98,2.4,399.39
355380,2026-06,254,96533.36,1.9,380.05
355400,2025-07,446,408709.54,3.6,916.39
355400,2025-08,390,338943.3,3.3,869.09
355400,2025-09,407,427483.21,4.1,1050.33
355400,2025-10,436,516311.48,3.5,1184.2
355400,2025-11,355,403643.86,4.2,1137.02
355400,2025-12,362,333513.27,3.7,921.31
355400,2026-01,427,428506.42,4.8,1003.53
355400,2026-02,445,387869.75,4.0,871.62
355400,2026-03,415,361206.84,4.0,870.38
355400,2026-04,453,369696.98,3.9,816.11
355400,2026-05,379,353688.34,3.4,933.21
355400,2026-06,458,423224.73,3.7,924.07
355410,2025-07,2145,4870430.9,4.0,2270.6
355410,2025-08,1851,4344152.93,4.3,2346.92
355410,2025-09,1934,4923095.47,4.3,2545.55
355410,2025-10,2090,5094242.88,4.3,2437.44
355410,2025-11,1769,4270770.41,4.5,2414.23
355410,2025-12,2204,5639729.85,4.0,2558.86
355410,2026-01,2040,4568848.33,4.2,2239.63
355410,2026-02,1777,3756593.12,3.9,2114.01
355410,2026-03,2188,4983402.92,4.2,2277.61
355410,2026-04,2016,4578463.6,4.4,2271.06
355410,2026-05,2422,5815826.81,4.0,2401.25
355410,2026-06,2181,4802748.08,4.1,2202.09
355430,2025-07,91,29349.47,3.6,322.52
355430,2025-08,127,42901.84,3.7,337.81
355430,2025-09,104,34041.47,3.5,327.32
355430,2025-10,97,30619.8,3.8,315.67
355430,2025-11,86,28577.13,4.0,332.29
355430,2025-12,90,32256.0,3.4,358.4
355430,2026-01,82,28535.76,3.6,348.0
355430,2026-02,88,27135.64,3.4,308.36
355430,2026-03,104,39541.49,3.7,380.21
355430,2026-04,122,44509.15,3.6,364.83
355430,2026-05,82,28838.86,3.2,351.69
355430,2026-06,72,40469.88,3.0,562.08
355440,2025-08,7,3300.52,4.1,471.5
355440,2025-10,8,3274.51,5.0,409.31
355440,2025-11,5,1927.1,6.2,385.42
355440,2025-12,2,801.1,6.5,400.55
355440,2026-01,2,437.36,10.0,218.68
355440,2026-02,1,112.83,2.0,112.83
355440,2026-03,2,1164.84,4.5,582.42
355440,2026-04,2,401.25,8.5,200.62
355440,2026-05,4,1913.9,1.5,478.48
355440,2026-06,3,1398.69,3.3,466.23
355450,2025-07,175,83052.46,3.2,474.59
355450,2025-08,194,99640.56,2.9,513.61
355450,2025-09,191,79160.88,2.8,414.45
355450,2025-10,202,85330.3,2.7,422.43
355450,2025-11,186,78314.34,3.0,421.04
355450,2025-12,197,86696.81,2.8,440.09
355450,2026-01,174,76864.29,3.0,441.75
355450,2026-02,164,75593.17,2.6,460.93
355450,2026-03,166,83418.64,2.8,502.52
355450,2026-04,143,59747.18,2.9,417.81
355450,2026-05,154,73458.23,3.2,477.0
355450,2026-06,123,53971.69,3.0,438.79
355470,2025-07,6,2716.75,5.5,452.79
355470,2025-08,5,2454.39,3.2,490.88
355470,2025-09,4,1250.49,3.3,312.62
355470,2025-10,8,1592.48,2.5,199.06
355470,2025-11,8,3107.1,3.0,388.39
355470,2026-01,18,8219.45,4.3,456.64
355470,2026-02,4,1581.95,7.3,395.49
355470,2026-03,7,3144.07,4.1,449.15
355470,2026-04,6,1355.11,3.5,225.85
355470,2026-05,7,2670.57,4.1,381.51
355470,2026-06,12,4490.32,4.6,374.19
355500,2025-07,672,1421833.36,11.9,2115.82
355500,2025-08,688,1436079.73,11.6,2087.33
355500,2025-09,648,1383150.1,11.3,2134.49
355500,2025-10,709,1548588.13,10.9,2184.19
355500,2025-11,600,1307195.61,12.1,2178.66
355500,2025-12,618,1325397.35,12.3,2144.66
355500,2026-01,594,1348575.51,13.1,2270.33
355500,2026-02,638,1328452.89,11.3,2082.21
355500,2026-03,702,1505153.35,11.6,2144.09
355500,2026-04,706,1381226.34,11.0,1956.41
355500,2026-05,692,1399798.51,11.1,2022.83
355500,2026-06,633,1386473.39,12.2,2190.32
355510,2025-07,110,62034.69,4.5,563.95
355510,2025-08,116,66109.24,4.5,569.91
355510,2025-09,119,66727.24,4.0,560.73
355510,2025-10,109,60657.46,4.2,556.49
355510,2025-11,106,69147.15,4.4,652.33
355510,2025-12,103,65080.08,3.6,631.85
355510,2026-01,128,84746.19,3.8,662.08
355510,2026-02,107,62079.37,4.1,580.18
355510,2026-03,107,73617.88,4.9,688.02
355510,2026-04,120,69974.68,4.4,583.12
355510,2026-05,114,68146.66,4.9,597.78
355510,2026-06,119,71642.61,5.1,602.04
355540,2025-07,229,124127.85,2.9,542.04
355540,2025-08,495,269265.25,2.7,543.97
355540,2025-09,451,257846.21,2.8,571.72
355540,2025-10,446,235253.24,2.8,527.47
355540,2025-11,397,221630.79,2.8,558.26
355540,2025-12,256,146649.32,2.5,572.85
355540,2026-01,476,252719.11,2.9,530.92
355540,2026-02,494,287473.65,2.8,581.93
355540,2026-03,445,275590.65,3.0,619.3
355540,2026-04,275,187503.32,3.2,681.83
355540,2026-05,449,225900.35,3.4,503.12
355540,2026-06,398,234809.37,2.6,589.97
355580,2025-07,29,11762.76,3.6,405.61
355580,2025-08,29,9997.54,3.9,344.74
355580,2025-09,28,8980.33,4.1,320.73
355580,2025-10,24,7090.79,3.5,295.45
355580,2025-11,33,9858.35,4.1,298.74
355580,2025-12,23,7859.97,4.5,341.74
355580,2026-01,44,13093.51,3.8,297.58
355580,2026-02,49,15611.1,4.5,318.59
355580,2026-03,49,17714.34,4.0,361.52
355580,2026-04,47,17414.76,4.3,370.53
355580,2026-05,39,13326.17,3.7,341.7
355580,2026-06,42,16137.85,3.7,384.23
355600,2025-07,87,80142.51,2.6,921.18
355600,2025-08,90,59142.33,2.9,657.14
355600,2025-09,79,62382.0,3.2,789.65
355600,2025-10,90,83203.29,3.2,924.48
355600,2025-11,98,82401.46,2.4,840.83
355600,2025-12,115,111092.81,2.3,966.02
355600,2026-01,109,78256.29,2.8,717.95
355600,2026-02,120,82670.06,2.7,688.92
355600,2026-03,131,104995.26,2.6,801.49
355600,2026-04,110,95250.67,2.6,865.92
355600,2026-05,115,92231.39,2.5,802.01
355600,2026-06,119,80840.99,2.9,679.34
355620,2025-07,398,599647.18,5.1,1506.65
355620,2025-08,390,603574.42,5.3,1547.63
355620,2025-09,382,581885.69,4.7,1523.26
355620,2025-10,429,632893.15,4.9,1475.28
355620,2025-11,402,584880.97,4.9,1454.93
355620,2025-12,378,537359.99,4.7,1421.59
355620,2026-01,376,559732.68,5.1,1488.65
355620,2026-02,392,603566.88,5.1,1539.71
355620,2026-03,443,659281.08,4.4,1488.22
355620,2026-04,431,618207.66,4.4,1434.36
355620,2026-05,438,652442.2,4.8,1489.59
355620,2026-06,403,605765.96,5.1,1503.14
355630,2025-07,77,47038.24,3.2,610.89
355630,2025-08,72,43040.47,3.4,597.78
355630,2025-09,71,45849.15,3.3,645.76
355630,2025-10,72,47391.06,3.2,658.21
355630,2025-11,74,40823.7,2.5,551.67
355630,2025-12,76,37085.46,2.3,487.97
355630,2026-01,62,35483.97,3.0,572.32
355630,2026-02,82,58431.98,2.8,712.59
355630,2026-03,105,82718.42,2.5,787.79
355630,2026-04,100,76664.85,2.3,766.65
355630,2026-05,147,105672.52,1.7,718.86
355630,2026-06,155,118282.71,1.6,763.11
355640,2025-07,209,108627.87,3.7,519.75
355640,2025-08,196,122156.52,4.0,623.25
355640,2025-09,170,80334.66,3.4,472.56
355640,2025-10,174,109937.76,4.6,631.83
355640,2025-11,173,84471.94,3.7,488.28
355640,2025-12,212,84899.49,3.4,400.47
355640,2026-01,138,66762.54,2.7,483.79
355640,2026-02,164,86534.16,3.6,527.65
355640,2026-03,168,102872.78,3.3,612.34
355640,2026-04,150,94895.57,3.5,632.64
355640,2026-05,207,103126.85,3.4,498.2
355640,2026-06,216,130688.44,4.0,605.04
355650,2025-07,68,23966.17,4.0,352.44
355650,2025-08,66,21180.57,3.5,320.92
355650,2025-09,51,15990.08,3.7,313.53
355650,2025-10,57,19594.62,3.3,343.77
355650,2025-11,70,21488.3,3.9,306.98
355650,2025-12,55,14930.22,2.9,271.46
355650,2026-01,59,17303.99,3.0,293.29
355650,2026-02,47,12990.77,3.9,276.4
355650,2026-03,72,19834.6,3.2,275.48
355650,2026-04,50,14853.34,2.8,297.07
355650,2026-05,55,14863.81,2.7,270.25
355650,2026-06,67,20043.76,3.0,299.16
355670,2025-07,481,469913.42,3.3,976.95
355670,2025-08,473,512708.89,3.4,1083.95
355670,2025-09,505,576228.7,3.2,1141.05
355670,2025-10,507,537653.39,3.4,1060.46
355670,2025-11,449,454529.78,3.5,1012.32
355670,2025-12,416,442531.54,3.4,1063.78
355670,2026-01,434,484186.75,3.6,1115.64
355670,2026-02,442,508387.77,3.4,1150.2
355670,2026-03,475,540707.05,3.2,1138.33
355670,2026-04,444,489494.47,3.0,1102.47
355670,2026-05,486,505268.9,3.1,1039.65
355670,2026-06,479,514182.43,3.4,1073.45
355680,2025-07,39,17939.03,2.4,459.98
355680,2025-08,32,13430.92,3.2,419.72
355680,2025-09,33,13185.12,3.4,399.55
355680,2025-10,30,13895.46,2.8,463.18
355680,2025-11,38,14587.55,2.6,383.88
355680,2025-12,35,9996.95,2.6,285.63
355680,2026-01,33,10318.64,2.8,312.69
355680,2026-02,34,9665.78,2.2,284.29
355680,2026-03,34,11029.41,2.7,324.39
355680,2026-04,31,12159.94,3.1,392.26
355680,2026-05,42,13000.23,2.8,309.53
355680,2026-06,41,14969.1,3.0,365.1
355700,2025-07,328,363893.65,4.8,1109.43
355700,2025-08,318,323208.33,4.1,1016.38
355700,2025-09,300,321881.46,4.7,1072.94
355700,2025-10,469,385125.39,2.5,821.16
355700,2025-11,354,317709.65,3.7,897.48
355700,2025-12,346,307045.15,3.6,887.41
355700,2026-01,285,250950.51,4.1,880.53
355700,2026-02,263,242998.04,4.5,923.95
355700,2026-03,352,328436.23,3.7,933.06
355700,2026-04,270,256952.18,3.3,951.67
355700,2026-05,301,273291.01,4.2,907.94
355700,2026-06,301,323339.39,3.6,1074.22
355710,2025-07,983,1807483.57,3.5,1838.74
355710,2025-08,972,1594785.21,3.3,1640.73
355710,2025-09,1041,2014828.32,3.2,1935.47
355710,2025-10,1038,1842016.78,3.4,1774.58
355710,2025-11,945,1573479.27,3.3,1665.06
355710,2025-12,978,1992152.78,3.7,2036.97
355710,2026-01,1095,2334073.35,3.3,2131.57
355710,2026-02,914,1915476.73,3.7,2095.71
355710,2026-03,912,1830159.11,3.6,2006.75
355710,2026-04,937,2233226.63,3.6,2383.38
355710,2026-05,954,1999354.7,3.7,2095.76
355710,2026-06,893,2122448.05,3.9,2376.76
355720,2025-07,98,50277.79,2.5,513.04
355720,2025-08,103,48005.8,3.0,466.08
355720,2025-09,94,54076.29,3.1,575.28
355720,2025-10,100,55575.84,3.6,555.76
355720,2025-11,92,51016.66,3.1,554.53
355720,2025-12,91,44687.02,2.9,491.07
355720,2026-01,86,32686.78,3.1,380.08
355720,2026-02,108,35251.42,2.9,326.4
355720,2026-03,119,66517.29,2.4,558.97
355720,2026-04,139,147592.96,3.0,1061.82
355720,2026-05,108,65319.25,3.0,604.81
355720,2026-06,97,68055.3,3.0,701.6
