codigo,codigo_capitulo,capitulo_cid10,internacoes
350010,Cap 01,I. Doenças infecciosas e parasitárias,390
350010,Cap 02,II. Neoplasias (tumores),359
350010,Cap 03,III. Doenças do sangue e transtornos imunitários,63
350010,Cap 04,"IV. Doenças endócrinas, nutricionais e metabólicas",87
350010,Cap 05,V. Transtornos mentais e comportamentais,867
350010,Cap 06,VI. Doenças do sistema nervoso,60
350010,Cap 07,VII. Doenças do olho e anexos,1
350010,Cap 08,VIII. Doenças do ouvido e da apófise mastóide,5
350010,Cap 09,IX. Doenças do aparelho circulatório,596
350010,Cap 10,X. Doenças do aparelho respiratório,364
350010,Cap 11,XI. Doenças do aparelho digestivo,644
350010,Cap 12,XII. Doenças da pele e do tecido subcutâneo,124
350010,Cap 13,XIII. Doenças osteomusculares e do tecido conjuntivo,114
350010,Cap 14,XIV. Doenças do aparelho geniturinário,312
350010,Cap 15,"XV. Gravidez, parto e puerpério",573
350010,Cap 16,XVI. Afecções originadas no período perinatal,47
350010,Cap 17,XVII. Malformações congênitas e anomalias cromossômicas,10
350010,Cap 18,XVIII. Sintomas e achados anormais não classificados,59
350010,Cap 19,XIX. Lesões e envenenamentos por causas externas,547
350010,Cap 21,XXI. Contatos com serviços de saúde,138
350030,Cap 01,I. Doenças infecciosas e parasitárias,17
350030,Cap 02,II. Neoplasias (tumores),1
350030,Cap 03,III. Doenças do sangue e transtornos imunitários,2
350030,Cap 04,"IV. Doenças endócrinas, nutricionais e metabólicas",19
350030,Cap 05,V. Transtornos mentais e comportamentais,2
350030,Cap 06,VI. Doenças do sistema nervoso,4
350030,Cap 08,VIII. Doenças do ouvido e da apófise mastóide,1
350030,Cap 09,IX. Doenças do aparelho circulatório,59
350030,Cap 10,X. Doenças do aparelho respiratório,164
350030,Cap 11,XI. Doenças do aparelho digestivo,8
350030,Cap 12,XII. Doenças da pele e do tecido subcutâneo,19
350030,Cap 13,XIII. Doenças osteomusculares e do tecido conjuntivo,6
350030,Cap 14,XIV. Doenças do aparelho geniturinário,103
350030,Cap 18,XVIII. Sintomas e achados anormais não classificados,1
350030,Cap 21,XXI. Contatos com serviços de saúde,3
350050,Cap 01,I. Doenças infecciosas e parasitárias,105
350050,Cap 02,II. Neoplasias (tumores),29
350050,Cap 03,III. Doenças do sangue e transtornos imunitários,28
350050,Cap 04,"IV. Doenças endócrinas, nutricionais e metabólicas",10
350050,Cap 05,V. Transtornos mentais e comportamentais,62
350050,Cap 06,VI. Doenças do sistema nervoso,8
350050,Cap 07,VII. Doenças do olho e anexos,1
350050,Cap 08,VIII. Doenças do ouvido e da apófise mastóide,1
350050,Cap 09,IX. Doenças do aparelho circulatório,161
350050,Cap 10,X. Doenças do aparelho respiratório,212
350050,Cap 11,XI. Doenças do aparelho digestivo,126
350050,Cap 12,XII. Doenças da pele e do tecido subcutâneo,29
350050,Cap 13,XIII. Doenças osteomusculares e do tecido conjuntivo,8
350050,Cap 14,XIV. Doenças do aparelho geniturinário,84
350050,Cap 15,"XV. Gravidez, parto e puerpério",166
350050,Cap 16,XVI. Afecções originadas no período perinatal,13
350050,Cap 17,XVII. Malformações congênitas e anomalias cromossômicas,2
350050,Cap 18,XVIII. Sintomas e achados anormais não classificados,39
350050,Cap 19,XIX. Lesões e envenenamentos por causas externas,127
350050,Cap 21,XXI. Contatos com serviços de saúde,39
350070,Cap 01,I. Doenças infecciosas e parasitárias,16
350070,Cap 02,II. Neoplasias (tumores),8
350070,Cap 04,"IV. Doenças endócrinas, nutricionais e metabólicas",6
350070,Cap 06,VI. Doenças do sistema nervoso,28
350070,Cap 07,VII. Doenças do olho e anexos,1
350070,Cap 09,IX. Doenças do aparelho circulatório,70
350070,Cap 10,X. Doenças do aparelho respiratório,72
350070,Cap 11,XI. Doenças do aparelho digestivo,166
350070,Cap 12,XII. Doenças da pele e do tecido subcutâneo,15
350070,Cap 13,XIII. Doenças osteomusculares e do tecido conjuntivo,24
350070,Cap 14,XIV. Doenças do aparelho geniturinário,69
350070,Cap 15,"XV. Gravidez, parto e puerpério",260
350070,Cap 16,XVI. Afecções originadas no período perinatal,15
350070,Cap 18,XVIII. Sintomas e achados anormais não classificados,9
350070,Cap 19,XIX. Lesões e envenenamentos por causas externas,209
350070,Cap 21,XXI. Contatos com serviços de saúde,138
350100,Cap 01,I. Doenças infecciosas e parasitárias,26
350100,Cap 02,II. Neoplasias (tumores),15
350100,Cap 03,III. Doenças do sangue e transtornos imunitários,14
350100,Cap 04,"IV. Doenças endócrinas, nutricionais e metabólicas",51
350100,Cap 05,V. Transtornos mentais e comportamentais,109
350100,Cap 06,VI. Doenças do sistema nervoso,22
350100,Cap 07,VII. Doenças do olho e anexos,183
350100,Cap 08,VIII. Doenças do ouvido e da apófise mastóide,13
350100,Cap 09,IX. Doenças do aparelho circulatório,236
350100,Cap 10,X. Doenças do aparelho respiratório,164
350100,Cap 11,XI. Doenças do aparelho digestivo,175
350100,Cap 12,XII. Doenças da pele e do tecido subcutâneo,32
350100,Cap 13,XIII. Doenças osteomusculares e do tecido conjuntivo,28
350100,Cap 14,XIV. Doenças do aparelho geniturinário,136
350100,Cap 15,"XV. Gravidez, parto e puerpério",125
350100,Cap 16,XVI. Afecções originadas no período perinatal,9
350100,Cap 17,XVII. Malformações congênitas e anomalias cromossômicas,3
350100,Cap 18,XVIII. Sintomas e achados anormais não classificados,32
350100,Cap 19,XIX. Lesões e envenenamentos por causas externas,508
350110,Cap 02,II. Neoplasias (tumores),1
350110,Cap 04,"IV. Doenças endócrinas, nutricionais e metabólicas",5
350110,Cap 05,V. Transtornos mentais e comportamentais,4
350110,Cap 09,IX. Doenças do aparelho circulatório,3
350110,Cap 10,X. Doenças do aparelho respiratório,19
350110,Cap 11,XI. Doenças do aparelho digestivo,2
350110,Cap 12,XII. Doenças da pele e do tecido subcutâneo,2
350110,Cap 13,XIII. Doenças osteomusculares e do tecido conjuntivo,2
350110,Cap 14,XIV. Doenças do aparelho geniturinário,4
350110,Cap 18,XVIII. Sintomas e achados anormais não classificados,3
350130,Cap 01,I. Doenças infecciosas e parasitárias,38
350130,Cap 02,II. Neoplasias (tumores),6
350130,Cap 03,III. Doenças do sangue e transtornos imunitários,13
350130,Cap 04,"IV. Doenças endócrinas, nutricionais e metabólicas",38
350130,Cap 05,V. Transtornos mentais e comportamentais,58
350130,Cap 06,VI. Doenças do sistema nervoso,10
350130,Cap 08,VIII. Doenças do ouvido e da apófise mastóide,1
350130,Cap 09,IX. Doenças do aparelho circulatório,104
350130,Cap 10,X. Doenças do aparelho respiratório,108
350130,Cap 11,XI. Doenças do aparelho digestivo,64
350130,Cap 12,XII. Doenças da pele e do tecido subcutâneo,22
350130,Cap 13,XIII. Doenças osteomusculares e do tecido conjuntivo,8
350130,Cap 14,XIV. Doenças do aparelho geniturinário,156
350130,Cap 18,XVIII. Sintomas e achados anormais não classificados,51
350130,Cap 19,XIX. Lesões e envenenamentos por causas externas,55
350160,Cap 01,I. Doenças infecciosas e parasitárias,314
350160,Cap 02,II. Neoplasias (tumores),715
350160,Cap 03,III. Doenças do sangue e transtornos imunitários,54
350160,Cap 04,"IV. Doenças endócrinas, nutricionais e metabólicas",183
350160,Cap 05,V. Transtornos mentais e comportamentais,354
350160,Cap 06,VI. Doenças do sistema nervoso,87
350160,Cap 07,VII. Doenças do olho e anexos,103
350160,Cap 08,VIII. Doenças do ouvido e da apófise mastóide,15
350160,Cap 09,IX. Doenças do aparelho circulatório,1032
350160,Cap 10,X. Doenças do aparelho respiratório,826
350160,Cap 11,XI. Doenças do aparelho digestivo,1294
350160,Cap 12,XII. Doenças da pele e do tecido subcutâneo,265
350160,Cap 13,XIII. Doenças osteomusculares e do tecido conjuntivo,79
350160,Cap 14,XIV. Doenças do aparelho geniturinário,836
350160,Cap 15,"XV. Gravidez, parto e puerpério",1327
350160,Cap 16,XVI. Afecções originadas no período perinatal,210
350160,Cap 17,XVII. Malformações congênitas e anomalias cromossômicas,62
350160,Cap 18,XVIII. Sintomas e achados anormais não classificados,191
350160,Cap 19,XIX. Lesões e envenenamentos por causas externas,1185
350160,Cap 21,XXI. Contatos com serviços de saúde,243
350170,Cap 01,I. Doenças infecciosas e parasitárias,358
350170,Cap 02,II. Neoplasias (tumores),219
350170,Cap 03,III. Doenças do sangue e transtornos imunitários,91
350170,Cap 04,"IV. Doenças endócrinas, nutricionais e metabólicas",208
350170,Cap 05,V. Transtornos mentais e comportamentais,61
350170,Cap 06,VI. Doenças do sistema nervoso,118
350170,Cap 07,VII. Doenças do olho e anexos,1916
350170,Cap 08,VIII. Doenças do ouvido e da apófise mastóide,59
350170,Cap 09,IX. Doenças do aparelho circulatório,530
350170,Cap 10,X. Doenças do aparelho respiratório,868
350170,Cap 11,XI. Doenças do aparelho digestivo,1082
350170,Cap 12,XII. Doenças da pele e do tecido subcutâneo,114
350170,Cap 13,XIII. Doenças osteomusculares e do tecido conjuntivo,169
350170,Cap 14,XIV. Doenças do aparelho geniturinário,768
350170,Cap 15,"XV. Gravidez, parto e puerpério",1
350170,Cap 17,XVII. Malformações congênitas e anomalias cromossômicas,22
350170,Cap 18,XVIII. Sintomas e achados anormais não classificados,57
350170,Cap 19,XIX. Lesões e envenenamentos por causas externas,88
350170,Cap 21,XXI. Contatos com serviços de saúde,21
350190,Cap 01,I. Doenças infecciosas e parasitárias,150
350190,Cap 02,II. Neoplasias (tumores),95
350190,Cap 03,III. Doenças do sangue e transtornos imunitários,138
350190,Cap 04,"IV. Doenças endócrinas, nutricionais e metabólicas",104
350190,Cap 05,V. Transtornos mentais e comportamentais,1121
350190,Cap 06,VI. Doenças do sistema nervoso,79
350190,Cap 07,VII. Doenças do olho e anexos,177
350190,Cap 08,VIII. Doenças do ouvido e da apófise mastóide,4
350190,Cap 09,IX. Doenças do aparelho circulatório,351
350190,Cap 10,X. Doenças do aparelho respiratório,316
350190,Cap 11,XI. Doenças do aparelho digestivo,405
350190,Cap 12,XII. Doenças da pele e do tecido subcutâneo,60
350190,Cap 13,XIII. Doenças osteomusculares e do tecido conjuntivo,108
350190,Cap 14,XIV. Doenças do aparelho geniturinário,214
350190,Cap 15,"XV. Gravidez, parto e puerpério",591
350190,Cap 16,XVI. Afecções originadas no período perinatal,50
350190,Cap 17,XVII. Malformações congênitas e anomalias cromossômicas,4
350190,Cap 18,XVIII. Sintomas e achados anormais não classificados,60
350190,Cap 19,XIX. Lesões e envenenamentos por causas externas,543
350190,Cap 21,XXI. Contatos com serviços de saúde,33
350210,Cap 01,I. Doenças infecciosas e parasitárias,218
350210,Cap 02,II. Neoplasias (tumores),122
350210,Cap 03,III. Doenças do sangue e transtornos imunitários,83
350210,Cap 04,"IV. Doenças endócrinas, nutricionais e metabólicas",69
350210,Cap 05,V. Transtornos mentais e comportamentais,23
350210,Cap 06,VI. Doenças do sistema nervoso,170
350210,Cap 08,VIII. Doenças do ouvido e da apófise mastóide,2
350210,Cap 09,IX. Doenças do aparelho circulatório,407
350210,Cap 10,X. Doenças do aparelho respiratório,396
350210,Cap 11,XI. Doenças do aparelho digestivo,449
350210,Cap 12,XII. Doenças da pele e do tecido subcutâneo,72
350210,Cap 13,XIII. Doenças osteomusculares e do tecido conjuntivo,108
350210,Cap 14,XIV. Doenças do aparelho geniturinário,365
350210,Cap 15,"XV. Gravidez, parto e puerpério",455
350210,Cap 16,XVI. Afecções originadas no período perinatal,40
350210,Cap 17,XVII. Malformações congênitas e anomalias cromossômicas,2
350210,Cap 18,XVIII. Sintomas e achados anormais não classificados,102
350210,Cap 19,XIX. Lesões e envenenamentos por causas externas,123
350210,Cap 21,XXI. Contatos com serviços de saúde,146
350220,Cap 01,I. Doenças infecciosas e parasitárias,53
350220,Cap 02,II. Neoplasias (tumores),41
350220,Cap 03,III. Doenças do sangue e transtornos imunitários,50
350220,Cap 04,"IV. Doenças endócrinas, nutricionais e metabólicas",58
350220,Cap 05,V. Transtornos mentais e comportamentais,36
350220,Cap 06,VI. Doenças do sistema nervoso,22
350220,Cap 07,VII. Doenças do olho e anexos,2
350220,Cap 08,VIII. Doenças do ouvido e da apófise mastóide,3
350220,Cap 09,IX. Doenças do aparelho circulatório,189
350220,Cap 10,X. Doenças do aparelho respiratório,312
350220,Cap 11,XI. Doenças do aparelho digestivo,146
350220,Cap 12,XII. Doenças da pele e do tecido subcutâneo,52
350220,Cap 13,XIII. Doenças osteomusculares e do tecido conjuntivo,15
350220,Cap 14,XIV. Doenças do aparelho geniturinário,129
350220,Cap 15,"XV. Gravidez, parto e puerpério",329
350220,Cap 16,XVI. Afecções originadas no período perinatal,21
350220,Cap 17,XVII. Malformações congênitas e anomalias cromossômicas,1
350220,Cap 18,XVIII. Sintomas e achados anormais não classificados,88
350220,Cap 19,XIX. Lesões e envenenamentos por causas externas,172
350220,Cap 21,XXI. Contatos com serviços de saúde,83
350250,Cap 01,I. Doenças infecciosas e parasitárias,272
350250,Cap 02,II. Neoplasias (tumores),474
350250,Cap 03,III. Doenças do sangue e transtornos imunitários,48
350250,Cap 04,"IV. Doenças endócrinas, nutricionais e metabólicas",62
350250,Cap 05,V. Transtornos mentais e comportamentais,6
350250,Cap 06,VI. Doenças do sistema nervoso,125
350250,Cap 07,VII. Doenças do olho e anexos,542
350250,Cap 08,VIII. Doenças do ouvido e da apófise mastóide,2
350250,Cap 09,IX. Doenças do aparelho circulatório,695
350250,Cap 10,X. Doenças do aparelho respiratório,436
350250,Cap 11,XI. Doenças do aparelho digestivo,505
350250,Cap 12,XII. Doenças da pele e do tecido subcutâneo,198
350250,Cap 13,XIII. Doenças osteomusculares e do tecido conjuntivo,113
350250,Cap 14,XIV. Doenças do aparelho geniturinário,1091
350250,Cap 16,XVI. Afecções originadas no período perinatal,7
350250,Cap 17,XVII. Malformações congênitas e anomalias cromossômicas,4
350250,Cap 18,XVIII. Sintomas e achados anormais não classificados,17
350250,Cap 19,XIX. Lesões e envenenamentos por causas externas,412
350250,Cap 21,XXI. Contatos com serviços de saúde,136
350260,Cap 01,I. Doenças infecciosas e parasitárias,20
350260,Cap 03,III. Doenças do sangue e transtornos imunitários,5
350260,Cap 04,"IV. Doenças endócrinas, nutricionais e metabólicas",9
350260,Cap 05,V. Transtornos mentais e comportamentais,1
350260,Cap 06,VI. Doenças do sistema nervoso,1
350260,Cap 09,IX. Doenças do aparelho circulatório,4
350260,Cap 10,X. Doenças do aparelho respiratório,31
350260,Cap 12,XII. Doenças da pele e do tecido subcutâneo,2
350260,Cap 13,XIII. Doenças osteomusculares e do tecido conjuntivo,4
350260,Cap 14,XIV. Doenças do aparelho geniturinário,9
350260,Cap 18,XVIII. Sintomas e achados anormais não classificados,3
350270,Cap 01,I. Doenças infecciosas e parasitárias,95
350270,Cap 02,II. Neoplasias (tumores),40
350270,Cap 03,III. Doenças do sangue e transtornos imunitários,78
350270,Cap 04,"IV. Doenças endócrinas, nutricionais e metabólicas",65
350270,Cap 05,V. Transtornos mentais e comportamentais,59
350270,Cap 06,VI. Doenças do sistema nervoso,55
350270,Cap 08,VIII. Doenças do ouvido e da apófise mastóide,4
350270,Cap 09,IX. Doenças do aparelho circulatório,390
350270,Cap 10,X. Doenças do aparelho respiratório,527
350270,Cap 11,XI. Doenças do aparelho digestivo,558
350270,Cap 12,XII. Doenças da pele e do tecido subcutâneo,283
350270,Cap 13,XIII. Doenças osteomusculares e do tecido conjuntivo,33
350270,Cap 14,XIV. Doenças do aparelho geniturinário,375
350270,Cap 15,"XV. Gravidez, parto e puerpério",587
350270,Cap 16,XVI. Afecções originadas no período perinatal,48
350270,Cap 17,XVII. Malformações congênitas e anomalias cromossômicas,14
350270,Cap 18,XVIII. Sintomas e achados anormais não classificados,22
350270,Cap 19,XIX. Lesões e envenenamentos por causas externas,104
350270,Cap 21,XXI. Contatos com serviços de saúde,402
350280,Cap 01,I. Doenças infecciosas e parasitárias,472
350280,Cap 02,II. Neoplasias (tumores),1552
350280,Cap 03,III. Doenças do sangue e transtornos imunitários,86
350280,Cap 04,"IV. Doenças endócrinas, nutricionais e metabólicas",176
350280,Cap 05,V. Transtornos mentais e comportamentais,8
350280,Cap 06,VI. Doenças do sistema nervoso,601
350280,Cap 07,VII. Doenças do olho e anexos,144
350280,Cap 08,VIII. Doenças do ouvido e da apófise mastóide,46
350280,Cap 09,IX. Doenças do aparelho circulatório,2143
350280,Cap 10,X. Doenças do aparelho respiratório,1391
350280,Cap 11,XI. Doenças do aparelho digestivo,1353
350280,Cap 12,XII. Doenças da pele e do tecido subcutâneo,377
350280,Cap 13,XIII. Doenças osteomusculares e do tecido conjuntivo,358
350280,Cap 14,XIV. Doenças do aparelho geniturinário,1063
350280,Cap 15,"XV. Gravidez, parto e puerpério",1342
350280,Cap 16,XVI. Afecções originadas no período perinatal,537
350280,Cap 17,XVII. Malformações congênitas e anomalias cromossômicas,83
350280,Cap 18,XVIII. Sintomas e achados anormais não classificados,176
350280,Cap 19,XIX. Lesões e envenenamentos por causas externas,2085
350280,Cap 21,XXI. Contatos com serviços de saúde,38
350310,Cap 01,I. Doenças infecciosas e parasitárias,17
350310,Cap 03,III. Doenças do sangue e transtornos imunitários,4
350310,Cap 04,"IV. Doenças endócrinas, nutricionais e metabólicas",8
350310,Cap 09,IX. Doenças do aparelho circulatório,18
350310,Cap 10,X. Doenças do aparelho respiratório,33
350310,Cap 11,XI. Doenças do aparelho digestivo,1
350310,Cap 14,XIV. Doenças do aparelho geniturinário,12
350320,Cap 01,I. Doenças infecciosas e parasitárias,363
350320,Cap 02,II. Neoplasias (tumores),2723
350320,Cap 03,III. Doenças do sangue e transtornos imunitários,161
350320,Cap 04,"IV. Doenças endócrinas, nutricionais e metabólicas",260
350320,Cap 05,V. Transtornos mentais e comportamentais,586
350320,Cap 06,VI. Doenças do sistema nervoso,516
350320,Cap 07,VII. Doenças do olho e anexos,747
350320,Cap 08,VIII. Doenças do ouvido e da apófise mastóide,17
350320,Cap 09,IX. Doenças do aparelho circulatório,2962
350320,Cap 10,X. Doenças do aparelho respiratório,1022
350320,Cap 11,XI. Doenças do aparelho digestivo,1724
350320,Cap 12,XII. Doenças da pele e do tecido subcutâneo,206
350320,Cap 13,XIII. Doenças osteomusculares e do tecido conjuntivo,535
350320,Cap 14,XIV. Doenças do aparelho geniturinário,1010
350320,Cap 15,"XV. Gravidez, parto e puerpério",2672
350320,Cap 16,XVI. Afecções originadas no período perinatal,383
350320,Cap 17,XVII. Malformações congênitas e anomalias cromossômicas,64
350320,Cap 18,XVIII. Sintomas e achados anormais não classificados,2916
350320,Cap 19,XIX. Lesões e envenenamentos por causas externas,1891
350320,Cap 21,XXI. Contatos com serviços de saúde,623
350330,Cap 01,I. Doenças infecciosas e parasitárias,292
350330,Cap 02,II. Neoplasias (tumores),593
350330,Cap 03,III. Doenças do sangue e transtornos imunitários,28
350330,Cap 04,"IV. Doenças endócrinas, nutricionais e metabólicas",175
350330,Cap 05,V. Transtornos mentais e comportamentais,35
350330,Cap 06,VI. Doenças do sistema nervoso,81
350330,Cap 07,VII. Doenças do olho e anexos,23
350330,Cap 08,VIII. Doenças do ouvido e da apófise mastóide,11
350330,Cap 09,IX. Doenças do aparelho circulatório,1268
350330,Cap 10,X. Doenças do aparelho respiratório,850
350330,Cap 11,XI. Doenças do aparelho digestivo,1123
350330,Cap 12,XII. Doenças da pele e do tecido subcutâneo,150
350330,Cap 13,XIII. Doenças osteomusculares e do tecido conjuntivo,85
350330,Cap 14,XIV. Doenças do aparelho geniturinário,779
350330,Cap 15,"XV. Gravidez, parto e puerpério",1146
350330,Cap 16,XVI. Afecções originadas no período perinatal,277
350330,Cap 17,XVII. Malformações congênitas e anomalias cromossômicas,62
350330,Cap 18,XVIII. Sintomas e achados anormais não classificados,138
350330,Cap 19,XIX. Lesões e envenenamentos por causas externas,722
350330,Cap 21,XXI. Contatos com serviços de saúde,212
350340,Cap 01,I. Doenças infecciosas e parasitárias,5
350340,Cap 02,II. Neoplasias (tumores),10
350340,Cap 03,III. Doenças do sangue e transtornos imunitários,3
350340,Cap 04,"IV. Doenças endócrinas, nutricionais e metabólicas",3
350340,Cap 05,V. Transtornos mentais e comportamentais,21
350340,Cap 06,VI. Doenças do sistema nervoso,6
350340,Cap 08,VIII. Doenças do ouvido e da apófise mastóide,1
350340,Cap 09,IX. Doenças do aparelho circulatório,28
350340,Cap 10,X. Doenças do aparelho respiratório,29
350340,Cap 11,XI. Doenças do aparelho digestivo,22
350340,Cap 12,XII. Doenças da pele e do tecido subcutâneo,4
350340,Cap 13,XIII. Doenças osteomusculares e do tecido conjuntivo,3
350340,Cap 14,XIV. Doenças do aparelho geniturinário,36
350340,Cap 15,"XV. Gravidez, parto e puerpério",23
350340,Cap 18,XVIII. Sintomas e achados anormais não classificados,15
350340,Cap 19,XIX. Lesões e envenenamentos por causas externas,48
350340,Cap 21,XXI. Contatos com serviços de saúde,3
350400,Cap 01,I. Doenças infecciosas e parasitárias,495
350400,Cap 02,II. Neoplasias (tumores),944
350400,Cap 03,III. Doenças do sangue e transtornos imunitários,110
350400,Cap 04,"IV. Doenças endócrinas, nutricionais e metabólicas",115
350400,Cap 05,V. Transtornos mentais e comportamentais,341
350400,Cap 06,VI. Doenças do sistema nervoso,131
350400,Cap 07,VII. Doenças do olho e anexos,1
350400,Cap 08,VIII. Doenças do ouvido e da apófise mastóide,4
350400,Cap 09,IX. Doenças do aparelho circulatório,1477
350400,Cap 10,X. Doenças do aparelho respiratório,840
350400,Cap 11,XI. Doenças do aparelho digestivo,1541
350400,Cap 12,XII. Doenças da pele e do tecido subcutâneo,161
350400,Cap 13,XIII. Doenças osteomusculares e do tecido conjuntivo,205
350400,Cap 14,XIV. Doenças do aparelho geniturinário,1182
350400,Cap 15,"XV. Gravidez, parto e puerpério",1560
350400,Cap 16,XVI. Afecções originadas no período perinatal,260
350400,Cap 17,XVII. Malformações congênitas e anomalias cromossômicas,48
350400,Cap 18,XVIII. Sintomas e achados anormais não classificados,206
350400,Cap 19,XIX. Lesões e envenenamentos por causas externas,1088
350400,Cap 21,XXI. Contatos com serviços de saúde,310
350410,Cap 01,I. Doenças infecciosas e parasitárias,183
350410,Cap 02,II. Neoplasias (tumores),122
350410,Cap 03,III. Doenças do sangue e transtornos imunitários,29
350410,Cap 04,"IV. Doenças endócrinas, nutricionais e metabólicas",80
350410,Cap 05,V. Transtornos mentais e comportamentais,3
350410,Cap 06,VI. Doenças do sistema nervoso,24
350410,Cap 07,VII. Doenças do olho e anexos,1
350410,Cap 08,VIII. Doenças do ouvido e da apófise mastóide,9
350410,Cap 09,IX. Doenças do aparelho circulatório,310
350410,Cap 10,X. Doenças do aparelho respiratório,592
350410,Cap 11,XI. Doenças do aparelho digestivo,318
350410,Cap 12,XII. Doenças da pele e do tecido subcutâneo,106
350410,Cap 13,XIII. Doenças osteomusculares e do tecido conjuntivo,38
350410,Cap 14,XIV. Doenças do aparelho geniturinário,538
350410,Cap 15,"XV. Gravidez, parto e puerpério",812
350410,Cap 16,XVI. Afecções originadas no período perinatal,42
350410,Cap 17,XVII. Malformações congênitas e anomalias cromossômicas,8
350410,Cap 18,XVIII. Sintomas e achados anormais não classificados,107
350410,Cap 19,XIX. Lesões e envenenamentos por causas externas,762
350410,Cap 21,XXI. Contatos com serviços de saúde,303
350420,Cap 01,I. Doenças infecciosas e parasitárias,32
350420,Cap 02,II. Neoplasias (tumores),262
350420,Cap 03,III. Doenças do sangue e transtornos imunitários,37
350420,Cap 04,"IV. Doenças endócrinas, nutricionais e metabólicas",135
350420,Cap 09,IX. Doenças do aparelho circulatório,52
350420,Cap 10,X. Doenças do aparelho respiratório,234
350420,Cap 11,XI. Doenças do aparelho digestivo,631
350420,Cap 12,XII. Doenças da pele e do tecido subcutâneo,54
350420,Cap 13,XIII. Doenças osteomusculares e do tecido conjuntivo,1
350420,Cap 14,XIV. Doenças do aparelho geniturinário,254
350420,Cap 15,"XV. Gravidez, parto e puerpério",94
350420,Cap 16,XVI. Afecções originadas no período perinatal,2
350420,Cap 18,XVIII. Sintomas e achados anormais não classificados,450
350420,Cap 19,XIX. Lesões e envenenamentos por causas externas,12
350420,Cap 21,XXI. Contatos com serviços de saúde,442
350450,Cap 01,I. Doenças infecciosas e parasitárias,298
350450,Cap 02,II. Neoplasias (tumores),201
350450,Cap 03,III. Doenças do sangue e transtornos imunitários,6
350450,Cap 04,"IV. Doenças endócrinas, nutricionais e metabólicas",84
350450,Cap 05,V. Transtornos mentais e comportamentais,6
350450,Cap 06,VI. Doenças do sistema nervoso,186
350450,Cap 09,IX. Doenças do aparelho circulatório,883
350450,Cap 10,X. Doenças do aparelho respiratório,366
350450,Cap 11,XI. Doenças do aparelho digestivo,1044
350450,Cap 12,XII. Doenças da pele e do tecido subcutâneo,85
350450,Cap 13,XIII. Doenças osteomusculares e do tecido conjuntivo,179
350450,Cap 14,XIV. Doenças do aparelho geniturinário,560
350450,Cap 15,"XV. Gravidez, parto e puerpério",1286
350450,Cap 16,XVI. Afecções originadas no período perinatal,106
350450,Cap 17,XVII. Malformações congênitas e anomalias cromossômicas,11
350450,Cap 18,XVIII. Sintomas e achados anormais não classificados,195
350450,Cap 19,XIX. Lesões e envenenamentos por causas externas,1869
350450,Cap 21,XXI. Contatos com serviços de saúde,398
350520,Cap 01,I. Doenças infecciosas e parasitárias,180
350520,Cap 02,II. Neoplasias (tumores),46
350520,Cap 03,III. Doenças do sangue e transtornos imunitários,32
350520,Cap 04,"IV. Doenças endócrinas, nutricionais e metabólicas",37
350520,Cap 05,V. Transtornos mentais e comportamentais,96
350520,Cap 06,VI. Doenças do sistema nervoso,59
350520,Cap 08,VIII. Doenças do ouvido e da apófise mastóide,2
350520,Cap 09,IX. Doenças do aparelho circulatório,199
350520,Cap 10,X. Doenças do aparelho respiratório,309
350520,Cap 11,XI. Doenças do aparelho digestivo,307
350520,Cap 12,XII. Doenças da pele e do tecido subcutâneo,23
350520,Cap 13,XIII. Doenças osteomusculares e do tecido conjuntivo,61
350520,Cap 14,XIV. Doenças do aparelho geniturinário,144
350520,Cap 15,"XV. Gravidez, parto e puerpério",349
350520,Cap 16,XVI. Afecções originadas no período perinatal,1
350520,Cap 17,XVII. Malformações congênitas e anomalias cromossômicas,3
350520,Cap 18,XVIII. Sintomas e achados anormais não classificados,36
350520,Cap 19,XIX. Lesões e envenenamentos por causas externas,186
350520,Cap 21,XXI. Contatos com serviços de saúde,27
350530,Cap 01,I. Doenças infecciosas e parasitárias,87
350530,Cap 02,II. Neoplasias (tumores),14
350530,Cap 03,III. Doenças do sangue e transtornos imunitários,42
350530,Cap 04,"IV. Doenças endócrinas, nutricionais e metabólicas",33
350530,Cap 05,V. Transtornos mentais e comportamentais,2
350530,Cap 06,VI. Doenças do sistema nervoso,28
350530,Cap 08,VIII. Doenças do ouvido e da apófise mastóide,4
350530,Cap 09,IX. Doenças do aparelho circulatório,244
350530,Cap 10,X. Doenças do aparelho respiratório,346
350530,Cap 11,XI. Doenças do aparelho digestivo,327
350530,Cap 12,XII. Doenças da pele e do tecido subcutâneo,71
350530,Cap 13,XIII. Doenças osteomusculares e do tecido conjuntivo,21
350530,Cap 14,XIV. Doenças do aparelho geniturinário,172
350530,Cap 15,"XV. Gravidez, parto e puerpério",194
350530,Cap 16,XVI. Afecções originadas no período perinatal,22
350530,Cap 17,XVII. Malformações congênitas e anomalias cromossômicas,1
350530,Cap 18,XVIII. Sintomas e achados anormais não classificados,29
350530,Cap 19,XIX. Lesões e envenenamentos por causas externas,265
350530,Cap 21,XXI. Contatos com serviços de saúde,34
350550,Cap 01,I. Doenças infecciosas e parasitárias,983
350550,Cap 02,II. Neoplasias (tumores),15111
350550,Cap 03,III. Doenças do sangue e transtornos imunitários,128
350550,Cap 04,"IV. Doenças endócrinas, nutricionais e metabólicas",1650
350550,Cap 05,V. Transtornos mentais e comportamentais,538
350550,Cap 06,VI. Doenças do sistema nervoso,372
350550,Cap 07,VII. Doenças do olho e anexos,63
350550,Cap 08,VIII. Doenças do ouvido e da apófise mastóide,50
350550,Cap 09,IX. Doenças do aparelho circulatório,2579
350550,Cap 10,X. Doenças do aparelho respiratório,1385
350550,Cap 11,XI. Doenças do aparelho digestivo,1830
350550,Cap 12,XII. Doenças da pele e do tecido subcutâneo,279
350550,Cap 13,XIII. Doenças osteomusculares e do tecido conjuntivo,656
350550,Cap 14,XIV. Doenças do aparelho geniturinário,2377
350550,Cap 15,"XV. Gravidez, parto e puerpério",1756
350550,Cap 16,XVI. Afecções originadas no período perinatal,543
350550,Cap 17,XVII. Malformações congênitas e anomalias cromossômicas,234
350550,Cap 18,XVIII. Sintomas e achados anormais não classificados,340
350550,Cap 19,XIX. Lesões e envenenamentos por causas externas,1594
350550,Cap 21,XXI. Contatos com serviços de saúde,290
350570,Cap 01,I. Doenças infecciosas e parasitárias,1246
350570,Cap 02,II. Neoplasias (tumores),1207
350570,Cap 03,III. Doenças do sangue e transtornos imunitários,308
350570,Cap 04,"IV. Doenças endócrinas, nutricionais e metabólicas",562
350570,Cap 05,V. Transtornos mentais e comportamentais,712
350570,Cap 06,VI. Doenças do sistema nervoso,485
350570,Cap 07,VII. Doenças do olho e anexos,2490
350570,Cap 08,VIII. Doenças do ouvido e da apófise mastóide,69
350570,Cap 09,IX. Doenças do aparelho circulatório,4018
350570,Cap 10,X. Doenças do aparelho respiratório,4147
350570,Cap 11,XI. Doenças do aparelho digestivo,6630
350570,Cap 12,XII. Doenças da pele e do tecido subcutâneo,2739
350570,Cap 13,XIII. Doenças osteomusculares e do tecido conjuntivo,637
350570,Cap 14,XIV. Doenças do aparelho geniturinário,3822
350570,Cap 15,"XV. Gravidez, parto e puerpério",4898
350570,Cap 16,XVI. Afecções originadas no período perinatal,699
350570,Cap 17,XVII. Malformações congênitas e anomalias cromossômicas,172
350570,Cap 18,XVIII. Sintomas e achados anormais não classificados,1328
350570,Cap 19,XIX. Lesões e envenenamentos por causas externas,3526
350570,Cap 21,XXI. Contatos com serviços de saúde,1402
350580,Cap 01,I. Doenças infecciosas e parasitárias,204
350580,Cap 02,II. Neoplasias (tumores),3
350580,Cap 03,III. Doenças do sangue e transtornos imunitários,55
350580,Cap 04,"IV. Doenças endócrinas, nutricionais e metabólicas",97
350580,Cap 06,VI. Doenças do sistema nervoso,1
350580,Cap 08,VIII. Doenças do ouvido e da apófise mastóide,1
350580,Cap 09,IX. Doenças do aparelho circulatório,194
350580,Cap 10,X. Doenças do aparelho respiratório,241
350580,Cap 11,XI. Doenças do aparelho digestivo,117
350580,Cap 12,XII. Doenças da pele e do tecido subcutâneo,1
350580,Cap 13,XIII. Doenças osteomusculares e do tecido conjuntivo,3
350580,Cap 14,XIV. Doenças do aparelho geniturinário,172
350580,Cap 15,"XV. Gravidez, parto e puerpério",8
350580,Cap 16,XVI. Afecções originadas no período perinatal,8
350580,Cap 19,XIX. Lesões e envenenamentos por causas externas,29
350580,Cap 21,XXI. Contatos com serviços de saúde,14
350590,Cap 01,I. Doenças infecciosas e parasitárias,196
350590,Cap 02,II. Neoplasias (tumores),93
350590,Cap 03,III. Doenças do sangue e transtornos imunitários,34
350590,Cap 04,"IV. Doenças endócrinas, nutricionais e metabólicas",112
350590,Cap 05,V. Transtornos mentais e comportamentais,8
350590,Cap 06,VI. Doenças do sistema nervoso,39
350590,Cap 07,VII. Doenças do olho e anexos,23
350590,Cap 08,VIII. Doenças do ouvido e da apófise mastóide,3
350590,Cap 09,IX. Doenças do aparelho circulatório,272
350590,Cap 10,X. Doenças do aparelho respiratório,525
350590,Cap 11,XI. Doenças do aparelho digestivo,439
350590,Cap 12,XII. Doenças da pele e do tecido subcutâneo,70
350590,Cap 13,XIII. Doenças osteomusculares e do tecido conjuntivo,138
350590,Cap 14,XIV. Doenças do aparelho geniturinário,133
350590,Cap 15,"XV. Gravidez, parto e puerpério",425
350590,Cap 16,XVI. Afecções originadas no período perinatal,20
350590,Cap 17,XVII. Malformações congênitas e anomalias cromossômicas,1
350590,Cap 18,XVIII. Sintomas e achados anormais não classificados,181
350590,Cap 19,XIX. Lesões e envenenamentos por causas externas,708
350590,Cap 21,XXI. Contatos com serviços de saúde,248
350600,Cap 01,I. Doenças infecciosas e parasitárias,1004
350600,Cap 02,II. Neoplasias (tumores),3851
350600,Cap 03,III. Doenças do sangue e transtornos imunitários,191
350600,Cap 04,"IV. Doenças endócrinas, nutricionais e metabólicas",519
350600,Cap 05,V. Transtornos mentais e comportamentais,361
350600,Cap 06,VI. Doenças do sistema nervoso,408
350600,Cap 07,VII. Doenças do olho e anexos,1267
350600,Cap 08,VIII. Doenças do ouvido e da apófise mastóide,442
350600,Cap 09,IX. Doenças do aparelho circulatório,5600
350600,Cap 10,X. Doenças do aparelho respiratório,3169
350600,Cap 11,XI. Doenças do aparelho digestivo,4865
350600,Cap 12,XII. Doenças da pele e do tecido subcutâneo,1154
350600,Cap 13,XIII. Doenças osteomusculares e do tecido conjuntivo,1111
350600,Cap 14,XIV. Doenças do aparelho geniturinário,4925
350600,Cap 15,"XV. Gravidez, parto e puerpério",4158
350600,Cap 16,XVI. Afecções originadas no período perinatal,1376
350600,Cap 17,XVII. Malformações congênitas e anomalias cromossômicas,1958
350600,Cap 18,XVIII. Sintomas e achados anormais não classificados,1110
350600,Cap 19,XIX. Lesões e envenenamentos por causas externas,6007
350600,Cap 21,XXI. Contatos com serviços de saúde,847
350610,Cap 01,I. Doenças infecciosas e parasitárias,215
350610,Cap 02,II. Neoplasias (tumores),173
350610,Cap 03,III. Doenças do sangue e transtornos imunitários,82
350610,Cap 04,"IV. Doenças endócrinas, nutricionais e metabólicas",192
350610,Cap 05,V. Transtornos mentais e comportamentais,28
350610,Cap 06,VI. Doenças do sistema nervoso,106
350610,Cap 07,VII. Doenças do olho e anexos,27
350610,Cap 08,VIII. Doenças do ouvido e da apófise mastóide,13
350610,Cap 09,IX. Doenças do aparelho circulatório,730
350610,Cap 10,X. Doenças do aparelho respiratório,891
350610,Cap 11,XI. Doenças do aparelho digestivo,1564
350610,Cap 12,XII. Doenças da pele e do tecido subcutâneo,148
350610,Cap 13,XIII. Doenças osteomusculares e do tecido conjuntivo,490
350610,Cap 14,XIV. Doenças do aparelho geniturinário,960
350610,Cap 15,"XV. Gravidez, parto e puerpério",767
350610,Cap 16,XVI. Afecções originadas no período perinatal,173
350610,Cap 17,XVII. Malformações congênitas e anomalias cromossômicas,42
350610,Cap 18,XVIII. Sintomas e achados anormais não classificados,382
350610,Cap 19,XIX. Lesões e envenenamentos por causas externas,951
350610,Cap 21,XXI. Contatos com serviços de saúde,513
350630,Cap 01,I. Doenças infecciosas e parasitárias,72
350630,Cap 02,II. Neoplasias (tumores),18
350630,Cap 03,III. Doenças do sangue e transtornos imunitários,19
350630,Cap 04,"IV. Doenças endócrinas, nutricionais e metabólicas",27
350630,Cap 05,V. Transtornos mentais e comportamentais,75
350630,Cap 06,VI. Doenças do sistema nervoso,14
350630,Cap 08,VIII. Doenças do ouvido e da apófise mastóide,1
350630,Cap 09,IX. Doenças do aparelho circulatório,87
350630,Cap 10,X. Doenças do aparelho respiratório,171
350630,Cap 11,XI. Doenças do aparelho digestivo,83
350630,Cap 12,XII. Doenças da pele e do tecido subcutâneo,18
350630,Cap 13,XIII. Doenças osteomusculares e do tecido conjuntivo,20
350630,Cap 14,XIV. Doenças do aparelho geniturinário,90
350630,Cap 15,"XV. Gravidez, parto e puerpério",1
350630,Cap 16,XVI. Afecções originadas no período perinatal,10
350630,Cap 18,XVIII. Sintomas e achados anormais não classificados,5
350630,Cap 19,XIX. Lesões e envenenamentos por causas externas,41
350635,Cap 01,I. Doenças infecciosas e parasitárias,185
350635,Cap 02,II. Neoplasias (tumores),112
350635,Cap 03,III. Doenças do sangue e transtornos imunitários,72
350635,Cap 04,"IV. Doenças endócrinas, nutricionais e metabólicas",143
350635,Cap 05,V. Transtornos mentais e comportamentais,186
350635,Cap 06,VI. Doenças do sistema nervoso,49
350635,Cap 07,VII. Doenças do olho e anexos,169
350635,Cap 08,VIII. Doenças do ouvido e da apófise mastóide,13
350635,Cap 09,IX. Doenças do aparelho circulatório,422
350635,Cap 10,X. Doenças do aparelho respiratório,395
350635,Cap 11,XI. Doenças do aparelho digestivo,174
350635,Cap 12,XII. Doenças da pele e do tecido subcutâneo,123
350635,Cap 13,XIII. Doenças osteomusculares e do tecido conjuntivo,86
350635,Cap 14,XIV. Doenças do aparelho geniturinário,359
350635,Cap 15,"XV. Gravidez, parto e puerpério",516
350635,Cap 16,XVI. Afecções originadas no período perinatal,39
350635,Cap 17,XVII. Malformações congênitas e anomalias cromossômicas,7
350635,Cap 18,XVIII. Sintomas e achados anormais não classificados,10
350635,Cap 19,XIX. Lesões e envenenamentos por causas externas,444
350635,Cap 21,XXI. Contatos com serviços de saúde,267
350640,Cap 01,I. Doenças infecciosas e parasitárias,18
350640,Cap 02,II. Neoplasias (tumores),4
350640,Cap 03,III. Doenças do sangue e transtornos imunitários,1
350640,Cap 04,"IV. Doenças endócrinas, nutricionais e metabólicas",4
350640,Cap 05,V. Transtornos mentais e comportamentais,9
350640,Cap 06,VI. Doenças do sistema nervoso,6
350640,Cap 07,VII. Doenças do olho e anexos,2
350640,Cap 08,VIII. Doenças do ouvido e da apófise mastóide,1
350640,Cap 09,IX. Doenças do aparelho circulatório,17
350640,Cap 10,X. Doenças do aparelho respiratório,71
350640,Cap 11,XI. Doenças do aparelho digestivo,13
350640,Cap 12,XII. Doenças da pele e do tecido subcutâneo,4
350640,Cap 13,XIII. Doenças osteomusculares e do tecido conjuntivo,1
350640,Cap 14,XIV. Doenças do aparelho geniturinário,31
350640,Cap 15,"XV. Gravidez, parto e puerpério",4
350640,Cap 18,XVIII. Sintomas e achados anormais não classificados,5
350640,Cap 19,XIX. Lesões e envenenamentos por causas externas,27
350650,Cap 01,I. Doenças infecciosas e parasitárias,171
350650,Cap 02,II. Neoplasias (tumores),6
350650,Cap 03,III. Doenças do sangue e transtornos imunitários,98
350650,Cap 04,"IV. Doenças endócrinas, nutricionais e metabólicas",70
350650,Cap 05,V. Transtornos mentais e comportamentais,3
350650,Cap 06,VI. Doenças do sistema nervoso,29
350650,Cap 07,VII. Doenças do olho e anexos,1
350650,Cap 08,VIII. Doenças do ouvido e da apófise mastóide,8
350650,Cap 09,IX. Doenças do aparelho circulatório,352
350650,Cap 10,X. Doenças do aparelho respiratório,610
350650,Cap 11,XI. Doenças do aparelho digestivo,608
350650,Cap 12,XII. Doenças da pele e do tecido subcutâneo,130
350650,Cap 13,XIII. Doenças osteomusculares e do tecido conjuntivo,60
350650,Cap 14,XIV. Doenças do aparelho geniturinário,343
350650,Cap 15,"XV. Gravidez, parto e puerpério",1311
350650,Cap 16,XVI. Afecções originadas no período perinatal,68
350650,Cap 17,XVII. Malformações congênitas e anomalias cromossômicas,5
350650,Cap 18,XVIII. Sintomas e achados anormais não classificados,57
350650,Cap 19,XIX. Lesões e envenenamentos por causas externas,943
350650,Cap 21,XXI. Contatos com serviços de saúde,27
350670,Cap 01,I. Doenças infecciosas e parasitárias,14
350670,Cap 03,III. Doenças do sangue e transtornos imunitários,5
350670,Cap 04,"IV. Doenças endócrinas, nutricionais e metabólicas",10
350670,Cap 06,VI. Doenças do sistema nervoso,1
350670,Cap 09,IX. Doenças do aparelho circulatório,15
350670,Cap 10,X. Doenças do aparelho respiratório,47
350670,Cap 11,XI. Doenças do aparelho digestivo,5
350670,Cap 12,XII. Doenças da pele e do tecido subcutâneo,5
350670,Cap 13,XIII. Doenças osteomusculares e do tecido conjuntivo,1
350670,Cap 14,XIV. Doenças do aparelho geniturinário,27
350670,Cap 18,XVIII. Sintomas e achados anormais não classificados,2
350680,Cap 01,I. Doenças infecciosas e parasitárias,12
350680,Cap 02,II. Neoplasias (tumores),21
350680,Cap 03,III. Doenças do sangue e transtornos imunitários,1
350680,Cap 04,"IV. Doenças endócrinas, nutricionais e metabólicas",2
350680,Cap 06,VI. Doenças do sistema nervoso,1
350680,Cap 09,IX. Doenças do aparelho circulatório,15
350680,Cap 10,X. Doenças do aparelho respiratório,52
350680,Cap 11,XI. Doenças do aparelho digestivo,26
350680,Cap 12,XII. Doenças da pele e do tecido subcutâneo,18
350680,Cap 14,XIV. Doenças do aparelho geniturinário,10
350700,Cap 01,I. Doenças infecciosas e parasitárias,40
350700,Cap 02,II. Neoplasias (tumores),44
350700,Cap 03,III. Doenças do sangue e transtornos imunitários,36
350700,Cap 04,"IV. Doenças endócrinas, nutricionais e metabólicas",30
350700,Cap 05,V. Transtornos mentais e comportamentais,48
350700,Cap 06,VI. Doenças do sistema nervoso,16
350700,Cap 08,VIII. Doenças do ouvido e da apófise mastóide,1
350700,Cap 09,IX. Doenças do aparelho circulatório,126
350700,Cap 10,X. Doenças do aparelho respiratório,241
350700,Cap 11,XI. Doenças do aparelho digestivo,253
350700,Cap 12,XII. Doenças da pele e do tecido subcutâneo,87
350700,Cap 13,XIII. Doenças osteomusculares e do tecido conjuntivo,31
350700,Cap 14,XIV. Doenças do aparelho geniturinário,176
350700,Cap 15,"XV. Gravidez, parto e puerpério",662
350700,Cap 16,XVI. Afecções originadas no período perinatal,57
350700,Cap 17,XVII. Malformações congênitas e anomalias cromossômicas,6
350700,Cap 18,XVIII. Sintomas e achados anormais não classificados,8
350700,Cap 19,XIX. Lesões e envenenamentos por causas externas,208
350700,Cap 21,XXI. Contatos com serviços de saúde,175
350710,Cap 01,I. Doenças infecciosas e parasitárias,13
350710,Cap 02,II. Neoplasias (tumores),1
350710,Cap 03,III. Doenças do sangue e transtornos imunitários,4
350710,Cap 04,"IV. Doenças endócrinas, nutricionais e metabólicas",9
350710,Cap 05,V. Transtornos mentais e comportamentais,17
350710,Cap 06,VI. Doenças do sistema nervoso,1
350710,Cap 09,IX. Doenças do aparelho circulatório,28
350710,Cap 10,X. Doenças do aparelho respiratório,57
350710,Cap 11,XI. Doenças do aparelho digestivo,6
350710,Cap 12,XII. Doenças da pele e do tecido subcutâneo,15
350710,Cap 13,XIII. Doenças osteomusculares e do tecido conjuntivo,3
350710,Cap 14,XIV. Doenças do aparelho geniturinário,34
350710,Cap 18,XVIII. Sintomas e achados anormais não classificados,5
350710,Cap 19,XIX. Lesões e envenenamentos por causas externas,2
350710,Cap 21,XXI. Contatos com serviços de saúde,1
350740,Cap 01,I. Doenças infecciosas e parasitárias,30
350740,Cap 02,II. Neoplasias (tumores),24
350740,Cap 03,III. Doenças do sangue e transtornos imunitários,24
350740,Cap 04,"IV. Doenças endócrinas, nutricionais e metabólicas",20
350740,Cap 05,V. Transtornos mentais e comportamentais,6
350740,Cap 06,VI. Doenças do sistema nervoso,6
350740,Cap 08,VIII. Doenças do ouvido e da apófise mastóide,1
350740,Cap 09,IX. Doenças do aparelho circulatório,96
350740,Cap 10,X. Doenças do aparelho respiratório,188
350740,Cap 11,XI. Doenças do aparelho digestivo,144
350740,Cap 12,XII. Doenças da pele e do tecido subcutâneo,50
350740,Cap 13,XIII. Doenças osteomusculares e do tecido conjuntivo,8
350740,Cap 14,XIV. Doenças do aparelho geniturinário,161
350740,Cap 15,"XV. Gravidez, parto e puerpério",77
350740,Cap 16,XVI. Afecções originadas no período perinatal,3
350740,Cap 17,XVII. Malformações congênitas e anomalias cromossômicas,1
350740,Cap 18,XVIII. Sintomas e achados anormais não classificados,10
350740,Cap 19,XIX. Lesões e envenenamentos por causas externas,10
350740,Cap 21,XXI. Contatos com serviços de saúde,1
350750,Cap 01,I. Doenças infecciosas e parasitárias,2323
350750,Cap 02,II. Neoplasias (tumores),3222
350750,Cap 03,III. Doenças do sangue e transtornos imunitários,161
350750,Cap 04,"IV. Doenças endócrinas, nutricionais e metabólicas",622
350750,Cap 05,V. Transtornos mentais e comportamentais,819
350750,Cap 06,VI. Doenças do sistema nervoso,658
350750,Cap 07,VII. Doenças do olho e anexos,986
350750,Cap 08,VIII. Doenças do ouvido e da apófise mastóide,66
350750,Cap 09,IX. Doenças do aparelho circulatório,4210
350750,Cap 10,X. Doenças do aparelho respiratório,2722
350750,Cap 11,XI. Doenças do aparelho digestivo,3489
350750,Cap 12,XII. Doenças da pele e do tecido subcutâneo,621
350750,Cap 13,XIII. Doenças osteomusculares e do tecido conjuntivo,453
350750,Cap 14,XIV. Doenças do aparelho geniturinário,2473
350750,Cap 15,"XV. Gravidez, parto e puerpério",2650
350750,Cap 16,XVI. Afecções originadas no período perinatal,819
350750,Cap 17,XVII. Malformações congênitas e anomalias cromossômicas,338
350750,Cap 18,XVIII. Sintomas e achados anormais não classificados,754
350750,Cap 19,XIX. Lesões e envenenamentos por causas externas,2736
350750,Cap 21,XXI. Contatos com serviços de saúde,535
350760,Cap 01,I. Doenças infecciosas e parasitárias,743
350760,Cap 02,II. Neoplasias (tumores),1148
350760,Cap 03,III. Doenças do sangue e transtornos imunitários,101
350760,Cap 04,"IV. Doenças endócrinas, nutricionais e metabólicas",266
350760,Cap 05,V. Transtornos mentais e comportamentais,159
350760,Cap 06,VI. Doenças do sistema nervoso,259
350760,Cap 07,VII. Doenças do olho e anexos,636
350760,Cap 08,VIII. Doenças do ouvido e da apófise mastóide,47
350760,Cap 09,IX. Doenças do aparelho circulatório,2399
350760,Cap 10,X. Doenças do aparelho respiratório,1051
350760,Cap 11,XI. Doenças do aparelho digestivo,1966
350760,Cap 12,XII. Doenças da pele e do tecido subcutâneo,170
350760,Cap 13,XIII. Doenças osteomusculares e do tecido conjuntivo,343
350760,Cap 14,XIV. Doenças do aparelho geniturinário,1799
350760,Cap 15,"XV. Gravidez, parto e puerpério",2947
350760,Cap 16,XVI. Afecções originadas no período perinatal,384
350760,Cap 17,XVII. Malformações congênitas e anomalias cromossômicas,152
350760,Cap 18,XVIII. Sintomas e achados anormais não classificados,344
350760,Cap 19,XIX. Lesões e envenenamentos por causas externas,2621
350760,Cap 21,XXI. Contatos com serviços de saúde,1112
350790,Cap 01,I. Doenças infecciosas e parasitárias,53
350790,Cap 02,II. Neoplasias (tumores),11
350790,Cap 03,III. Doenças do sangue e transtornos imunitários,7
350790,Cap 04,"IV. Doenças endócrinas, nutricionais e metabólicas",17
350790,Cap 05,V. Transtornos mentais e comportamentais,1
350790,Cap 06,VI. Doenças do sistema nervoso,4
350790,Cap 09,IX. Doenças do aparelho circulatório,42
350790,Cap 10,X. Doenças do aparelho respiratório,199
350790,Cap 11,XI. Doenças do aparelho digestivo,16
350790,Cap 12,XII. Doenças da pele e do tecido subcutâneo,10
350790,Cap 13,XIII. Doenças osteomusculares e do tecido conjuntivo,7
350790,Cap 14,XIV. Doenças do aparelho geniturinário,44
350790,Cap 15,"XV. Gravidez, parto e puerpério",125
350790,Cap 16,XVI. Afecções originadas no período perinatal,12
350790,Cap 17,XVII. Malformações congênitas e anomalias cromossômicas,1
350790,Cap 19,XIX. Lesões e envenenamentos por causas externas,122
350790,Cap 21,XXI. Contatos com serviços de saúde,30
350810,Cap 01,I. Doenças infecciosas e parasitárias,58
350810,Cap 02,II. Neoplasias (tumores),32
350810,Cap 03,III. Doenças do sangue e transtornos imunitários,35
350810,Cap 04,"IV. Doenças endócrinas, nutricionais e metabólicas",32
350810,Cap 05,V. Transtornos mentais e comportamentais,24
350810,Cap 06,VI. Doenças do sistema nervoso,11
350810,Cap 08,VIII. Doenças do ouvido e da apófise mastóide,2
350810,Cap 09,IX. Doenças do aparelho circulatório,140
350810,Cap 10,X. Doenças do aparelho respiratório,230
350810,Cap 11,XI. Doenças do aparelho digestivo,527
350810,Cap 12,XII. Doenças da pele e do tecido subcutâneo,6
350810,Cap 13,XIII. Doenças osteomusculares e do tecido conjuntivo,2
350810,Cap 14,XIV. Doenças do aparelho geniturinário,125
350810,Cap 15,"XV. Gravidez, parto e puerpério",144
350810,Cap 16,XVI. Afecções originadas no período perinatal,14
350810,Cap 17,XVII. Malformações congênitas e anomalias cromossômicas,1
350810,Cap 18,XVIII. Sintomas e achados anormais não classificados,18
350810,Cap 19,XIX. Lesões e envenenamentos por causas externas,96
350810,Cap 21,XXI. Contatos com serviços de saúde,3
350840,Cap 01,I. Doenças infecciosas e parasitárias,38
350840,Cap 02,II. Neoplasias (tumores),12
350840,Cap 03,III. Doenças do sangue e transtornos imunitários,16
350840,Cap 04,"IV. Doenças endócrinas, nutricionais e metabólicas",20
350840,Cap 05,V. Transtornos mentais e comportamentais,44
350840,Cap 06,VI. Doenças do sistema nervoso,4
350840,Cap 09,IX. Doenças do aparelho circulatório,70
350840,Cap 10,X. Doenças do aparelho respiratório,117
350840,Cap 11,XI. Doenças do aparelho digestivo,31
350840,Cap 12,XII. Doenças da pele e do tecido subcutâneo,17
350840,Cap 13,XIII. Doenças osteomusculares e do tecido conjuntivo,8
350840,Cap 14,XIV. Doenças do aparelho geniturinário,95
350840,Cap 15,"XV. Gravidez, parto e puerpério",218
350840,Cap 16,XVI. Afecções originadas no período perinatal,13
350840,Cap 18,XVIII. Sintomas e achados anormais não classificados,51
350840,Cap 19,XIX. Lesões e envenenamentos por causas externas,13
350840,Cap 21,XXI. Contatos com serviços de saúde,152
350850,Cap 01,I. Doenças infecciosas e parasitárias,138
350850,Cap 02,II. Neoplasias (tumores),88
350850,Cap 03,III. Doenças do sangue e transtornos imunitários,30
350850,Cap 04,"IV. Doenças endócrinas, nutricionais e metabólicas",163
350850,Cap 05,V. Transtornos mentais e comportamentais,2
350850,Cap 06,VI. Doenças do sistema nervoso,60
350850,Cap 07,VII. Doenças do olho e anexos,2
350850,Cap 08,VIII. Doenças do ouvido e da apófise mastóide,5
350850,Cap 09,IX. Doenças do aparelho circulatório,539
350850,Cap 10,X. Doenças do aparelho respiratório,504
350850,Cap 11,XI. Doenças do aparelho digestivo,611
350850,Cap 12,XII. Doenças da pele e do tecido subcutâneo,69
350850,Cap 13,XIII. Doenças osteomusculares e do tecido conjuntivo,50
350850,Cap 14,XIV. Doenças do aparelho geniturinário,358
350850,Cap 15,"XV. Gravidez, parto e puerpério",541
350850,Cap 16,XVI. Afecções originadas no período perinatal,22
350850,Cap 17,XVII. Malformações congênitas e anomalias cromossômicas,9
350850,Cap 18,XVIII. Sintomas e achados anormais não classificados,66
350850,Cap 19,XIX. Lesões e envenenamentos por causas externas,627
350850,Cap 21,XXI. Contatos com serviços de saúde,117
350870,Cap 01,I. Doenças infecciosas e parasitárias,30
350870,Cap 02,II. Neoplasias (tumores),26
350870,Cap 03,III. Doenças do sangue e transtornos imunitários,17
350870,Cap 04,"IV. Doenças endócrinas, nutricionais e metabólicas",91
350870,Cap 05,V. Transtornos mentais e comportamentais,6
350870,Cap 06,VI. Doenças do sistema nervoso,14
350870,Cap 08,VIII. Doenças do ouvido e da apófise mastóide,1
350870,Cap 09,IX. Doenças do aparelho circulatório,401
350870,Cap 10,X. Doenças do aparelho respiratório,205
350870,Cap 11,XI. Doenças do aparelho digestivo,466
350870,Cap 12,XII. Doenças da pele e do tecido subcutâneo,20
350870,Cap 13,XIII. Doenças osteomusculares e do tecido conjuntivo,1
350870,Cap 14,XIV. Doenças do aparelho geniturinário,362
350870,Cap 17,XVII. Malformações congênitas e anomalias cromossômicas,8
350870,Cap 18,XVIII. Sintomas e achados anormais não classificados,34
350870,Cap 19,XIX. Lesões e envenenamentos por causas externas,56
350870,Cap 21,XXI. Contatos com serviços de saúde,192
350880,Cap 01,I. Doenças infecciosas e parasitárias,20
350880,Cap 03,III. Doenças do sangue e transtornos imunitários,13
350880,Cap 04,"IV. Doenças endócrinas, nutricionais e metabólicas",68
350880,Cap 05,V. Transtornos mentais e comportamentais,2
350880,Cap 06,VI. Doenças do sistema nervoso,157
350880,Cap 09,IX. Doenças do aparelho circulatório,88
350880,Cap 10,X. Doenças do aparelho respiratório,138
350880,Cap 11,XI. Doenças do aparelho digestivo,51
350880,Cap 12,XII. Doenças da pele e do tecido subcutâneo,25
350880,Cap 13,XIII. Doenças osteomusculares e do tecido conjuntivo,16
350880,Cap 14,XIV. Doenças do aparelho geniturinário,111
350880,Cap 15,"XV. Gravidez, parto e puerpério",69
350880,Cap 16,XVI. Afecções originadas no período perinatal,2
350880,Cap 19,XIX. Lesões e envenenamentos por causas externas,82
350880,Cap 21,XXI. Contatos com serviços de saúde,2
350900,Cap 01,I. Doenças infecciosas e parasitárias,73
350900,Cap 02,II. Neoplasias (tumores),7
350900,Cap 03,III. Doenças do sangue e transtornos imunitários,24
350900,Cap 04,"IV. Doenças endócrinas, nutricionais e metabólicas",51
350900,Cap 05,V. Transtornos mentais e comportamentais,35
350900,Cap 06,VI. Doenças do sistema nervoso,25
350900,Cap 07,VII. Doenças do olho e anexos,1
350900,Cap 09,IX. Doenças do aparelho circulatório,310
350900,Cap 10,X. Doenças do aparelho respiratório,355
350900,Cap 11,XI. Doenças do aparelho digestivo,88
350900,Cap 12,XII. Doenças da pele e do tecido subcutâneo,30
350900,Cap 13,XIII. Doenças osteomusculares e do tecido conjuntivo,2
350900,Cap 14,XIV. Doenças do aparelho geniturinário,183
350900,Cap 15,"XV. Gravidez, parto e puerpério",2473
350900,Cap 16,XVI. Afecções originadas no período perinatal,421
350900,Cap 17,XVII. Malformações congênitas e anomalias cromossômicas,3
350900,Cap 18,XVIII. Sintomas e achados anormais não classificados,1042
350900,Cap 19,XIX. Lesões e envenenamentos por causas externas,19
350900,Cap 21,XXI. Contatos com serviços de saúde,10
350920,Cap 01,I. Doenças infecciosas e parasitárias,73
350920,Cap 02,II. Neoplasias (tumores),57
350920,Cap 03,III. Doenças do sangue e transtornos imunitários,34
350920,Cap 04,"IV. Doenças endócrinas, nutricionais e metabólicas",112
350920,Cap 05,V. Transtornos mentais e comportamentais,278
350920,Cap 06,VI. Doenças do sistema nervoso,70
350920,Cap 07,VII. Doenças do olho e anexos,5
350920,Cap 08,VIII. Doenças do ouvido e da apófise mastóide,6
350920,Cap 09,IX. Doenças do aparelho circulatório,352
350920,Cap 10,X. Doenças do aparelho respiratório,332
350920,Cap 11,XI. Doenças do aparelho digestivo,180
350920,Cap 12,XII. Doenças da pele e do tecido subcutâneo,52
350920,Cap 13,XIII. Doenças osteomusculares e do tecido conjuntivo,25
350920,Cap 14,XIV. Doenças do aparelho geniturinário,213
350920,Cap 15,"XV. Gravidez, parto e puerpério",720
350920,Cap 16,XVI. Afecções originadas no período perinatal,10
350920,Cap 17,XVII. Malformações congênitas e anomalias cromossômicas,1
350920,Cap 18,XVIII. Sintomas e achados anormais não classificados,219
350920,Cap 19,XIX. Lesões e envenenamentos por causas externas,460
350920,Cap 21,XXI. Contatos com serviços de saúde,296
350930,Cap 01,I. Doenças infecciosas e parasitárias,41
350930,Cap 02,II. Neoplasias (tumores),134
350930,Cap 03,III. Doenças do sangue e transtornos imunitários,7
350930,Cap 04,"IV. Doenças endócrinas, nutricionais e metabólicas",6
350930,Cap 09,IX. Doenças do aparelho circulatório,9
350930,Cap 10,X. Doenças do aparelho respiratório,113
350930,Cap 11,XI. Doenças do aparelho digestivo,38
350930,Cap 12,XII. Doenças da pele e do tecido subcutâneo,1
350930,Cap 13,XIII. Doenças osteomusculares e do tecido conjuntivo,1
350930,Cap 14,XIV. Doenças do aparelho geniturinário,100
350930,Cap 15,"XV. Gravidez, parto e puerpério",37
350930,Cap 18,XVIII. Sintomas e achados anormais não classificados,1
350930,Cap 19,XIX. Lesões e envenenamentos por causas externas,3
350930,Cap 21,XXI. Contatos com serviços de saúde,6
350940,Cap 01,I. Doenças infecciosas e parasitárias,123
350940,Cap 02,II. Neoplasias (tumores),89
350940,Cap 03,III. Doenças do sangue e transtornos imunitários,15
350940,Cap 04,"IV. Doenças endócrinas, nutricionais e metabólicas",159
350940,Cap 05,V. Transtornos mentais e comportamentais,180
350940,Cap 06,VI. Doenças do sistema nervoso,32
350940,Cap 07,VII. Doenças do olho e anexos,2
350940,Cap 08,VIII. Doenças do ouvido e da apófise mastóide,8
350940,Cap 09,IX. Doenças do aparelho circulatório,324
350940,Cap 10,X. Doenças do aparelho respiratório,481
350940,Cap 11,XI. Doenças do aparelho digestivo,485
350940,Cap 12,XII. Doenças da pele e do tecido subcutâneo,314
350940,Cap 13,XIII. Doenças osteomusculares e do tecido conjuntivo,70
350940,Cap 14,XIV. Doenças do aparelho geniturinário,309
350940,Cap 15,"XV. Gravidez, parto e puerpério",276
350940,Cap 16,XVI. Afecções originadas no período perinatal,13
350940,Cap 17,XVII. Malformações congênitas e anomalias cromossômicas,3
350940,Cap 18,XVIII. Sintomas e achados anormais não classificados,110
350940,Cap 19,XIX. Lesões e envenenamentos por causas externas,230
350940,Cap 21,XXI. Contatos com serviços de saúde,48
350950,Cap 01,I. Doenças infecciosas e parasitárias,5264
350950,Cap 02,II. Neoplasias (tumores),9533
350950,Cap 03,III. Doenças do sangue e transtornos imunitários,949
350950,Cap 04,"IV. Doenças endócrinas, nutricionais e metabólicas",1394
350950,Cap 05,V. Transtornos mentais e comportamentais,1404
350950,Cap 06,VI. Doenças do sistema nervoso,1769
350950,Cap 07,VII. Doenças do olho e anexos,3046
350950,Cap 08,VIII. Doenças do ouvido e da apófise mastóide,417
350950,Cap 09,IX. Doenças do aparelho circulatório,10237
350950,Cap 10,X. Doenças do aparelho respiratório,7902
350950,Cap 11,XI. Doenças do aparelho digestivo,7879
350950,Cap 12,XII. Doenças da pele e do tecido subcutâneo,1415
350950,Cap 13,XIII. Doenças osteomusculares e do tecido conjuntivo,1657
350950,Cap 14,XIV. Doenças do aparelho geniturinário,6961
350950,Cap 15,"XV. Gravidez, parto e puerpério",9526
350950,Cap 16,XVI. Afecções originadas no período perinatal,2035
350950,Cap 17,XVII. Malformações congênitas e anomalias cromossômicas,1775
350950,Cap 18,XVIII. Sintomas e achados anormais não classificados,3518
350950,Cap 19,XIX. Lesões e envenenamentos por causas externas,7118
350950,Cap 21,XXI. Contatos com serviços de saúde,3685
350960,Cap 01,I. Doenças infecciosas e parasitárias,222
350960,Cap 02,II. Neoplasias (tumores),42
350960,Cap 03,III. Doenças do sangue e transtornos imunitários,46
350960,Cap 04,"IV. Doenças endócrinas, nutricionais e metabólicas",108
350960,Cap 05,V. Transtornos mentais e comportamentais,3
350960,Cap 06,VI. Doenças do sistema nervoso,76
350960,Cap 08,VIII. Doenças do ouvido e da apófise mastóide,5
350960,Cap 09,IX. Doenças do aparelho circulatório,434
350960,Cap 10,X. Doenças do aparelho respiratório,550
350960,Cap 11,XI. Doenças do aparelho digestivo,238
350960,Cap 12,XII. Doenças da pele e do tecido subcutâneo,61
350960,Cap 13,XIII. Doenças osteomusculares e do tecido conjuntivo,26
350960,Cap 14,XIV. Doenças do aparelho geniturinário,336
350960,Cap 15,"XV. Gravidez, parto e puerpério",1044
350960,Cap 16,XVI. Afecções originadas no período perinatal,41
350960,Cap 17,XVII. Malformações congênitas e anomalias cromossômicas,7
350960,Cap 18,XVIII. Sintomas e achados anormais não classificados,12
350960,Cap 19,XIX. Lesões e envenenamentos por causas externas,438
350960,Cap 21,XXI. Contatos com serviços de saúde,319
350970,Cap 01,I. Doenças infecciosas e parasitárias,407
350970,Cap 02,II. Neoplasias (tumores),33
350970,Cap 03,III. Doenças do sangue e transtornos imunitários,8
350970,Cap 04,"IV. Doenças endócrinas, nutricionais e metabólicas",54
350970,Cap 05,V. Transtornos mentais e comportamentais,39
350970,Cap 06,VI. Doenças do sistema nervoso,55
350970,Cap 08,VIII. Doenças do ouvido e da apófise mastóide,1
350970,Cap 09,IX. Doenças do aparelho circulatório,241
350970,Cap 10,X. Doenças do aparelho respiratório,352
350970,Cap 11,XI. Doenças do aparelho digestivo,235
350970,Cap 12,XII. Doenças da pele e do tecido subcutâneo,46
350970,Cap 13,XIII. Doenças osteomusculares e do tecido conjuntivo,28
350970,Cap 14,XIV. Doenças do aparelho geniturinário,341
350970,Cap 15,"XV. Gravidez, parto e puerpério",659
350970,Cap 16,XVI. Afecções originadas no período perinatal,94
350970,Cap 17,XVII. Malformações congênitas e anomalias cromossômicas,19
350970,Cap 18,XVIII. Sintomas e achados anormais não classificados,38
350970,Cap 19,XIX. Lesões e envenenamentos por causas externas,11
350970,Cap 21,XXI. Contatos com serviços de saúde,140
351000,Cap 01,I. Doenças infecciosas e parasitárias,13
351000,Cap 02,II. Neoplasias (tumores),80
351000,Cap 03,III. Doenças do sangue e transtornos imunitários,41
351000,Cap 04,"IV. Doenças endócrinas, nutricionais e metabólicas",47
351000,Cap 05,V. Transtornos mentais e comportamentais,1
351000,Cap 06,VI. Doenças do sistema nervoso,30
351000,Cap 09,IX. Doenças do aparelho circulatório,489
351000,Cap 10,X. Doenças do aparelho respiratório,306
351000,Cap 11,XI. Doenças do aparelho digestivo,542
351000,Cap 12,XII. Doenças da pele e do tecido subcutâneo,170
351000,Cap 13,XIII. Doenças osteomusculares e do tecido conjuntivo,35
351000,Cap 14,XIV. Doenças do aparelho geniturinário,276
351000,Cap 15,"XV. Gravidez, parto e puerpério",146
351000,Cap 16,XVI. Afecções originadas no período perinatal,8
351000,Cap 17,XVII. Malformações congênitas e anomalias cromossômicas,6
351000,Cap 18,XVIII. Sintomas e achados anormais não classificados,33
351000,Cap 19,XIX. Lesões e envenenamentos por causas externas,130
351000,Cap 21,XXI. Contatos com serviços de saúde,131
351020,Cap 01,I. Doenças infecciosas e parasitárias,104
351020,Cap 02,II. Neoplasias (tumores),33
351020,Cap 03,III. Doenças do sangue e transtornos imunitários,53
351020,Cap 04,"IV. Doenças endócrinas, nutricionais e metabólicas",96
351020,Cap 05,V. Transtornos mentais e comportamentais,40
351020,Cap 06,VI. Doenças do sistema nervoso,16
351020,Cap 07,VII. Doenças do olho e anexos,124
351020,Cap 08,VIII. Doenças do ouvido e da apófise mastóide,3
351020,Cap 09,IX. Doenças do aparelho circulatório,337
351020,Cap 10,X. Doenças do aparelho respiratório,425
351020,Cap 11,XI. Doenças do aparelho digestivo,365
351020,Cap 12,XII. Doenças da pele e do tecido subcutâneo,24
351020,Cap 13,XIII. Doenças osteomusculares e do tecido conjuntivo,30
351020,Cap 14,XIV. Doenças do aparelho geniturinário,277
351020,Cap 15,"XV. Gravidez, parto e puerpério",621
351020,Cap 16,XVI. Afecções originadas no período perinatal,46
351020,Cap 17,XVII. Malformações congênitas e anomalias cromossômicas,5
351020,Cap 18,XVIII. Sintomas e achados anormais não classificados,66
351020,Cap 19,XIX. Lesões e envenenamentos por causas externas,155
351020,Cap 21,XXI. Contatos com serviços de saúde,102
351040,Cap 01,I. Doenças infecciosas e parasitárias,102
351040,Cap 02,II. Neoplasias (tumores),93
351040,Cap 03,III. Doenças do sangue e transtornos imunitários,17
351040,Cap 04,"IV. Doenças endócrinas, nutricionais e metabólicas",86
351040,Cap 05,V. Transtornos mentais e comportamentais,70
351040,Cap 06,VI. Doenças do sistema nervoso,36
351040,Cap 07,VII. Doenças do olho e anexos,7
351040,Cap 08,VIII. Doenças do ouvido e da apófise mastóide,6
351040,Cap 09,IX. Doenças do aparelho circulatório,333
351040,Cap 10,X. Doenças do aparelho respiratório,320
351040,Cap 11,XI. Doenças do aparelho digestivo,264
351040,Cap 12,XII. Doenças da pele e do tecido subcutâneo,124
351040,Cap 13,XIII. Doenças osteomusculares e do tecido conjuntivo,28
351040,Cap 14,XIV. Doenças do aparelho geniturinário,189
351040,Cap 15,"XV. Gravidez, parto e puerpério",520
351040,Cap 16,XVI. Afecções originadas no período perinatal,24
351040,Cap 17,XVII. Malformações congênitas e anomalias cromossômicas,5
351040,Cap 18,XVIII. Sintomas e achados anormais não classificados,61
351040,Cap 19,XIX. Lesões e envenenamentos por causas externas,345
351040,Cap 21,XXI. Contatos com serviços de saúde,93
351050,Cap 01,I. Doenças infecciosas e parasitárias,429
351050,Cap 02,II. Neoplasias (tumores),3513
351050,Cap 03,III. Doenças do sangue e transtornos imunitários,111
351050,Cap 04,"IV. Doenças endócrinas, nutricionais e metabólicas",171
351050,Cap 05,V. Transtornos mentais e comportamentais,161
351050,Cap 06,VI. Doenças do sistema nervoso,294
351050,Cap 07,VII. Doenças do olho e anexos,1314
351050,Cap 08,VIII. Doenças do ouvido e da apófise mastóide,16
351050,Cap 09,IX. Doenças do aparelho circulatório,2316
351050,Cap 10,X. Doenças do aparelho respiratório,1372
351050,Cap 11,XI. Doenças do aparelho digestivo,3913
351050,Cap 12,XII. Doenças da pele e do tecido subcutâneo,2178
351050,Cap 13,XIII. Doenças osteomusculares e do tecido conjuntivo,549
351050,Cap 14,XIV. Doenças do aparelho geniturinário,2333
351050,Cap 15,"XV. Gravidez, parto e puerpério",1833
351050,Cap 16,XVI. Afecções originadas no período perinatal,350
351050,Cap 17,XVII. Malformações congênitas e anomalias cromossômicas,225
351050,Cap 18,XVIII. Sintomas e achados anormais não classificados,211
351050,Cap 19,XIX. Lesões e envenenamentos por causas externas,2037
351050,Cap 21,XXI. Contatos com serviços de saúde,322
351060,Cap 01,I. Doenças infecciosas e parasitárias,524
351060,Cap 02,II. Neoplasias (tumores),451
351060,Cap 03,III. Doenças do sangue e transtornos imunitários,116
351060,Cap 04,"IV. Doenças endócrinas, nutricionais e metabólicas",306
351060,Cap 05,V. Transtornos mentais e comportamentais,273
351060,Cap 06,VI. Doenças do sistema nervoso,248
351060,Cap 07,VII. Doenças do olho e anexos,11
351060,Cap 08,VIII. Doenças do ouvido e da apófise mastóide,13
351060,Cap 09,IX. Doenças do aparelho circulatório,1597
351060,Cap 10,X. Doenças do aparelho respiratório,1175
351060,Cap 11,XI. Doenças do aparelho digestivo,2368
351060,Cap 12,XII. Doenças da pele e do tecido subcutâneo,1420
351060,Cap 13,XIII. Doenças osteomusculares e do tecido conjuntivo,555
351060,Cap 14,XIV. Doenças do aparelho geniturinário,764
351060,Cap 15,"XV. Gravidez, parto e puerpério",3579
351060,Cap 16,XVI. Afecções originadas no período perinatal,734
351060,Cap 17,XVII. Malformações congênitas e anomalias cromossômicas,160
351060,Cap 18,XVIII. Sintomas e achados anormais não classificados,236
351060,Cap 19,XIX. Lesões e envenenamentos por causas externas,1980
351060,Cap 21,XXI. Contatos com serviços de saúde,533
351070,Cap 01,I. Doenças infecciosas e parasitárias,16
351070,Cap 02,II. Neoplasias (tumores),6
351070,Cap 03,III. Doenças do sangue e transtornos imunitários,13
351070,Cap 04,"IV. Doenças endócrinas, nutricionais e metabólicas",32
351070,Cap 09,IX. Doenças do aparelho circulatório,16
351070,Cap 10,X. Doenças do aparelho respiratório,105
351070,Cap 11,XI. Doenças do aparelho digestivo,72
351070,Cap 12,XII. Doenças da pele e do tecido subcutâneo,14
351070,Cap 13,XIII. Doenças osteomusculares e do tecido conjuntivo,3
351070,Cap 14,XIV. Doenças do aparelho geniturinário,136
351070,Cap 18,XVIII. Sintomas e achados anormais não classificados,3
351070,Cap 19,XIX. Lesões e envenenamentos por causas externas,1
351080,Cap 01,I. Doenças infecciosas e parasitárias,80
351080,Cap 02,II. Neoplasias (tumores),37
351080,Cap 03,III. Doenças do sangue e transtornos imunitários,21
351080,Cap 04,"IV. Doenças endócrinas, nutricionais e metabólicas",84
351080,Cap 05,V. Transtornos mentais e comportamentais,585
351080,Cap 06,VI. Doenças do sistema nervoso,13
351080,Cap 07,VII. Doenças do olho e anexos,1
351080,Cap 08,VIII. Doenças do ouvido e da apófise mastóide,1
351080,Cap 09,IX. Doenças do aparelho circulatório,275
351080,Cap 10,X. Doenças do aparelho respiratório,211
351080,Cap 11,XI. Doenças do aparelho digestivo,198
351080,Cap 12,XII. Doenças da pele e do tecido subcutâneo,66
351080,Cap 13,XIII. Doenças osteomusculares e do tecido conjuntivo,99
351080,Cap 14,XIV. Doenças do aparelho geniturinário,221
351080,Cap 16,XVI. Afecções originadas no período perinatal,3
351080,Cap 17,XVII. Malformações congênitas e anomalias cromossômicas,5
351080,Cap 18,XVIII. Sintomas e achados anormais não classificados,20
351080,Cap 19,XIX. Lesões e envenenamentos por causas externas,278
351080,Cap 21,XXI. Contatos com serviços de saúde,64
351100,Cap 01,I. Doenças infecciosas e parasitárias,23
351100,Cap 02,II. Neoplasias (tumores),26
351100,Cap 03,III. Doenças do sangue e transtornos imunitários,1
351100,Cap 04,"IV. Doenças endócrinas, nutricionais e metabólicas",25
351100,Cap 05,V. Transtornos mentais e comportamentais,58
351100,Cap 06,VI. Doenças do sistema nervoso,16
351100,Cap 09,IX. Doenças do aparelho circulatório,416
351100,Cap 10,X. Doenças do aparelho respiratório,84
351100,Cap 11,XI. Doenças do aparelho digestivo,143
351100,Cap 12,XII. Doenças da pele e do tecido subcutâneo,16
351100,Cap 13,XIII. Doenças osteomusculares e do tecido conjuntivo,2
351100,Cap 14,XIV. Doenças do aparelho geniturinário,68
351100,Cap 18,XVIII. Sintomas e achados anormais não classificados,56
351100,Cap 19,XIX. Lesões e envenenamentos por causas externas,12
351110,Cap 01,I. Doenças infecciosas e parasitárias,539
351110,Cap 02,II. Neoplasias (tumores),1827
351110,Cap 03,III. Doenças do sangue e transtornos imunitários,103
351110,Cap 04,"IV. Doenças endócrinas, nutricionais e metabólicas",299
351110,Cap 05,V. Transtornos mentais e comportamentais,1325
351110,Cap 06,VI. Doenças do sistema nervoso,311
351110,Cap 07,VII. Doenças do olho e anexos,356
351110,Cap 08,VIII. Doenças do ouvido e da apófise mastóide,14
351110,Cap 09,IX. Doenças do aparelho circulatório,2472
351110,Cap 10,X. Doenças do aparelho respiratório,1894
351110,Cap 11,XI. Doenças do aparelho digestivo,1510
351110,Cap 12,XII. Doenças da pele e do tecido subcutâneo,340
351110,Cap 13,XIII. Doenças osteomusculares e do tecido conjuntivo,524
351110,Cap 14,XIV. Doenças do aparelho geniturinário,1769
351110,Cap 15,"XV. Gravidez, parto e puerpério",1843
351110,Cap 16,XVI. Afecções originadas no período perinatal,489
351110,Cap 17,XVII. Malformações congênitas e anomalias cromossômicas,119
351110,Cap 18,XVIII. Sintomas e achados anormais não classificados,233
351110,Cap 19,XIX. Lesões e envenenamentos por causas externas,2808
351110,Cap 21,XXI. Contatos com serviços de saúde,222
351140,Cap 01,I. Doenças infecciosas e parasitárias,37
351140,Cap 02,II. Neoplasias (tumores),86
351140,Cap 03,III. Doenças do sangue e transtornos imunitários,31
351140,Cap 04,"IV. Doenças endócrinas, nutricionais e metabólicas",63
351140,Cap 05,V. Transtornos mentais e comportamentais,83
351140,Cap 06,VI. Doenças do sistema nervoso,34
351140,Cap 07,VII. Doenças do olho e anexos,120
351140,Cap 09,IX. Doenças do aparelho circulatório,95
351140,Cap 10,X. Doenças do aparelho respiratório,183
351140,Cap 11,XI. Doenças do aparelho digestivo,180
351140,Cap 12,XII. Doenças da pele e do tecido subcutâneo,52
351140,Cap 13,XIII. Doenças osteomusculares e do tecido conjuntivo,15
351140,Cap 14,XIV. Doenças do aparelho geniturinário,152
351140,Cap 15,"XV. Gravidez, parto e puerpério",259
351140,Cap 16,XVI. Afecções originadas no período perinatal,37
351140,Cap 17,XVII. Malformações congênitas e anomalias cromossômicas,1
351140,Cap 18,XVIII. Sintomas e achados anormais não classificados,10
351140,Cap 19,XIX. Lesões e envenenamentos por causas externas,107
351140,Cap 21,XXI. Contatos com serviços de saúde,49
351150,Cap 01,I. Doenças infecciosas e parasitárias,47
351150,Cap 02,II. Neoplasias (tumores),20
351150,Cap 03,III. Doenças do sangue e transtornos imunitários,10
351150,Cap 04,"IV. Doenças endócrinas, nutricionais e metabólicas",52
351150,Cap 05,V. Transtornos mentais e comportamentais,54
351150,Cap 06,VI. Doenças do sistema nervoso,16
351150,Cap 09,IX. Doenças do aparelho circulatório,198
351150,Cap 10,X. Doenças do aparelho respiratório,180
351150,Cap 11,XI. Doenças do aparelho digestivo,72
351150,Cap 12,XII. Doenças da pele e do tecido subcutâneo,33
351150,Cap 13,XIII. Doenças osteomusculares e do tecido conjuntivo,5
351150,Cap 14,XIV. Doenças do aparelho geniturinário,137
351150,Cap 16,XVI. Afecções originadas no período perinatal,1
351150,Cap 18,XVIII. Sintomas e achados anormais não classificados,15
351150,Cap 19,XIX. Lesões e envenenamentos por causas externas,154
351150,Cap 21,XXI. Contatos com serviços de saúde,10
351160,Cap 01,I. Doenças infecciosas e parasitárias,30
351160,Cap 02,II. Neoplasias (tumores),17
351160,Cap 03,III. Doenças do sangue e transtornos imunitários,16
351160,Cap 04,"IV. Doenças endócrinas, nutricionais e metabólicas",33
351160,Cap 05,V. Transtornos mentais e comportamentais,1
351160,Cap 06,VI. Doenças do sistema nervoso,5
351160,Cap 08,VIII. Doenças do ouvido e da apófise mastóide,1
351160,Cap 09,IX. Doenças do aparelho circulatório,99
351160,Cap 10,X. Doenças do aparelho respiratório,60
351160,Cap 11,XI. Doenças do aparelho digestivo,178
351160,Cap 12,XII. Doenças da pele e do tecido subcutâneo,7
351160,Cap 13,XIII. Doenças osteomusculares e do tecido conjuntivo,3
351160,Cap 14,XIV. Doenças do aparelho geniturinário,63
351160,Cap 15,"XV. Gravidez, parto e puerpério",2
351160,Cap 16,XVI. Afecções originadas no período perinatal,2
351160,Cap 18,XVIII. Sintomas e achados anormais não classificados,5
351160,Cap 19,XIX. Lesões e envenenamentos por causas externas,19
351160,Cap 21,XXI. Contatos com serviços de saúde,10
351170,Cap 01,I. Doenças infecciosas e parasitárias,17
351170,Cap 02,II. Neoplasias (tumores),3
351170,Cap 03,III. Doenças do sangue e transtornos imunitários,2
351170,Cap 04,"IV. Doenças endócrinas, nutricionais e metabólicas",8
351170,Cap 05,V. Transtornos mentais e comportamentais,2
351170,Cap 06,VI. Doenças do sistema nervoso,4
351170,Cap 09,IX. Doenças do aparelho circulatório,36
351170,Cap 10,X. Doenças do aparelho respiratório,60
351170,Cap 11,XI. Doenças do aparelho digestivo,10
351170,Cap 12,XII. Doenças da pele e do tecido subcutâneo,10
351170,Cap 13,XIII. Doenças osteomusculares e do tecido conjuntivo,5
351170,Cap 14,XIV. Doenças do aparelho geniturinário,51
351170,Cap 18,XVIII. Sintomas e achados anormais não classificados,103
351170,Cap 21,XXI. Contatos com serviços de saúde,1
351190,Cap 01,I. Doenças infecciosas e parasitárias,18
351190,Cap 02,II. Neoplasias (tumores),5
351190,Cap 04,"IV. Doenças endócrinas, nutricionais e metabólicas",9
351190,Cap 06,VI. Doenças do sistema nervoso,11
351190,Cap 09,IX. Doenças do aparelho circulatório,18
351190,Cap 10,X. Doenças do aparelho respiratório,67
351190,Cap 11,XI. Doenças do aparelho digestivo,17
351190,Cap 12,XII. Doenças da pele e do tecido subcutâneo,8
351190,Cap 13,XIII. Doenças osteomusculares e do tecido conjuntivo,3
351190,Cap 14,XIV. Doenças do aparelho geniturinário,36
351190,Cap 18,XVIII. Sintomas e achados anormais não classificados,4
351190,Cap 19,XIX. Lesões e envenenamentos por causas externas,8
351190,Cap 21,XXI. Contatos com serviços de saúde,33
351200,Cap 01,I. Doenças infecciosas e parasitárias,73
351200,Cap 02,II. Neoplasias (tumores),21
351200,Cap 03,III. Doenças do sangue e transtornos imunitários,20
351200,Cap 04,"IV. Doenças endócrinas, nutricionais e metabólicas",28
351200,Cap 05,V. Transtornos mentais e comportamentais,16
351200,Cap 06,VI. Doenças do sistema nervoso,56
351200,Cap 08,VIII. Doenças do ouvido e da apófise mastóide,1
351200,Cap 09,IX. Doenças do aparelho circulatório,113
351200,Cap 10,X. Doenças do aparelho respiratório,119
351200,Cap 11,XI. Doenças do aparelho digestivo,108
351200,Cap 12,XII. Doenças da pele e do tecido subcutâneo,20
351200,Cap 13,XIII. Doenças osteomusculares e do tecido conjuntivo,25
351200,Cap 14,XIV. Doenças do aparelho geniturinário,166
351200,Cap 15,"XV. Gravidez, parto e puerpério",127
351200,Cap 16,XVI. Afecções originadas no período perinatal,1
351200,Cap 17,XVII. Malformações congênitas e anomalias cromossômicas,1
351200,Cap 18,XVIII. Sintomas e achados anormais não classificados,42
351200,Cap 19,XIX. Lesões e envenenamentos por causas externas,135
351200,Cap 21,XXI. Contatos com serviços de saúde,13
351210,Cap 04,"IV. Doenças endócrinas, nutricionais e metabólicas",1
351210,Cap 09,IX. Doenças do aparelho circulatório,1
351210,Cap 12,XII. Doenças da pele e do tecido subcutâneo,3
351210,Cap 18,XVIII. Sintomas e achados anormais não classificados,17
351220,Cap 01,I. Doenças infecciosas e parasitárias,130
351220,Cap 02,II. Neoplasias (tumores),174
351220,Cap 03,III. Doenças do sangue e transtornos imunitários,27
351220,Cap 04,"IV. Doenças endócrinas, nutricionais e metabólicas",62
351220,Cap 05,V. Transtornos mentais e comportamentais,21
351220,Cap 06,VI. Doenças do sistema nervoso,28
351220,Cap 07,VII. Doenças do olho e anexos,421
351220,Cap 08,VIII. Doenças do ouvido e da apófise mastóide,3
351220,Cap 09,IX. Doenças do aparelho circulatório,268
351220,Cap 10,X. Doenças do aparelho respiratório,225
351220,Cap 11,XI. Doenças do aparelho digestivo,240
351220,Cap 12,XII. Doenças da pele e do tecido subcutâneo,138
351220,Cap 13,XIII. Doenças osteomusculares e do tecido conjuntivo,44
351220,Cap 14,XIV. Doenças do aparelho geniturinário,185
351220,Cap 15,"XV. Gravidez, parto e puerpério",352
351220,Cap 16,XVI. Afecções originadas no período perinatal,74
351220,Cap 17,XVII. Malformações congênitas e anomalias cromossômicas,7
351220,Cap 18,XVIII. Sintomas e achados anormais não classificados,53
351220,Cap 19,XIX. Lesões e envenenamentos por causas externas,152
351220,Cap 21,XXI. Contatos com serviços de saúde,24
351230,Cap 01,I. Doenças infecciosas e parasitárias,29
351230,Cap 02,II. Neoplasias (tumores),14
351230,Cap 03,III. Doenças do sangue e transtornos imunitários,11
351230,Cap 04,"IV. Doenças endócrinas, nutricionais e metabólicas",11
351230,Cap 05,V. Transtornos mentais e comportamentais,15
351230,Cap 09,IX. Doenças do aparelho circulatório,21
351230,Cap 10,X. Doenças do aparelho respiratório,105
351230,Cap 11,XI. Doenças do aparelho digestivo,13
351230,Cap 12,XII. Doenças da pele e do tecido subcutâneo,12
351230,Cap 13,XIII. Doenças osteomusculares e do tecido conjuntivo,4
351230,Cap 14,XIV. Doenças do aparelho geniturinário,61
351230,Cap 18,XVIII. Sintomas e achados anormais não classificados,2
351230,Cap 19,XIX. Lesões e envenenamentos por causas externas,1
351280,Cap 01,I. Doenças infecciosas e parasitárias,92
351280,Cap 02,II. Neoplasias (tumores),31
351280,Cap 03,III. Doenças do sangue e transtornos imunitários,12
351280,Cap 04,"IV. Doenças endócrinas, nutricionais e metabólicas",104
351280,Cap 05,V. Transtornos mentais e comportamentais,15
351280,Cap 06,VI. Doenças do sistema nervoso,41
351280,Cap 08,VIII. Doenças do ouvido e da apófise mastóide,2
351280,Cap 09,IX. Doenças do aparelho circulatório,203
351280,Cap 10,X. Doenças do aparelho respiratório,203
351280,Cap 11,XI. Doenças do aparelho digestivo,175
351280,Cap 12,XII. Doenças da pele e do tecido subcutâneo,44
351280,Cap 13,XIII. Doenças osteomusculares e do tecido conjuntivo,31
351280,Cap 14,XIV. Doenças do aparelho geniturinário,174
351280,Cap 15,"XV. Gravidez, parto e puerpério",240
351280,Cap 16,XVI. Afecções originadas no período perinatal,5
351280,Cap 18,XVIII. Sintomas e achados anormais não classificados,27
351280,Cap 19,XIX. Lesões e envenenamentos por causas externas,305
351280,Cap 21,XXI. Contatos com serviços de saúde,60
351300,Cap 01,I. Doenças infecciosas e parasitárias,423
351300,Cap 02,II. Neoplasias (tumores),71
351300,Cap 03,III. Doenças do sangue e transtornos imunitários,115
351300,Cap 04,"IV. Doenças endócrinas, nutricionais e metabólicas",300
351300,Cap 05,V. Transtornos mentais e comportamentais,207
351300,Cap 06,VI. Doenças do sistema nervoso,83
351300,Cap 07,VII. Doenças do olho e anexos,1014
351300,Cap 08,VIII. Doenças do ouvido e da apófise mastóide,14
351300,Cap 09,IX. Doenças do aparelho circulatório,892
351300,Cap 10,X. Doenças do aparelho respiratório,920
351300,Cap 11,XI. Doenças do aparelho digestivo,1485
351300,Cap 12,XII. Doenças da pele e do tecido subcutâneo,365
351300,Cap 13,XIII. Doenças osteomusculares e do tecido conjuntivo,111
351300,Cap 14,XIV. Doenças do aparelho geniturinário,582
351300,Cap 15,"XV. Gravidez, parto e puerpério",3487
351300,Cap 16,XVI. Afecções originadas no período perinatal,405
351300,Cap 17,XVII. Malformações congênitas e anomalias cromossômicas,84
351300,Cap 18,XVIII. Sintomas e achados anormais não classificados,438
351300,Cap 19,XIX. Lesões e envenenamentos por causas externas,2012
351300,Cap 21,XXI. Contatos com serviços de saúde,484
351310,Cap 01,I. Doenças infecciosas e parasitárias,2
351310,Cap 02,II. Neoplasias (tumores),1
351310,Cap 03,III. Doenças do sangue e transtornos imunitários,9
351310,Cap 04,"IV. Doenças endócrinas, nutricionais e metabólicas",5
351310,Cap 06,VI. Doenças do sistema nervoso,2
351310,Cap 09,IX. Doenças do aparelho circulatório,32
351310,Cap 10,X. Doenças do aparelho respiratório,53
351310,Cap 11,XI. Doenças do aparelho digestivo,11
351310,Cap 12,XII. Doenças da pele e do tecido subcutâneo,18
351310,Cap 13,XIII. Doenças osteomusculares e do tecido conjuntivo,2
351310,Cap 14,XIV. Doenças do aparelho geniturinário,29
351310,Cap 18,XVIII. Sintomas e achados anormais não classificados,7
351310,Cap 19,XIX. Lesões e envenenamentos por causas externas,33
351340,Cap 01,I. Doenças infecciosas e parasitárias,537
351340,Cap 02,II. Neoplasias (tumores),153
351340,Cap 03,III. Doenças do sangue e transtornos imunitários,50
351340,Cap 04,"IV. Doenças endócrinas, nutricionais e metabólicas",102
351340,Cap 05,V. Transtornos mentais e comportamentais,208
351340,Cap 06,VI. Doenças do sistema nervoso,83
351340,Cap 07,VII. Doenças do olho e anexos,176
351340,Cap 08,VIII. Doenças do ouvido e da apófise mastóide,15
351340,Cap 09,IX. Doenças do aparelho circulatório,752
351340,Cap 10,X. Doenças do aparelho respiratório,754
351340,Cap 11,XI. Doenças do aparelho digestivo,821
351340,Cap 12,XII. Doenças da pele e do tecido subcutâneo,299
351340,Cap 13,XIII. Doenças osteomusculares e do tecido conjuntivo,127
351340,Cap 14,XIV. Doenças do aparelho geniturinário,538
351340,Cap 15,"XV. Gravidez, parto e puerpério",857
351340,Cap 16,XVI. Afecções originadas no período perinatal,59
351340,Cap 17,XVII. Malformações congênitas e anomalias cromossômicas,4
351340,Cap 18,XVIII. Sintomas e achados anormais não classificados,64
351340,Cap 19,XIX. Lesões e envenenamentos por causas externas,575
351340,Cap 21,XXI. Contatos com serviços de saúde,155
351350,Cap 01,I. Doenças infecciosas e parasitárias,239
351350,Cap 02,II. Neoplasias (tumores),209
351350,Cap 03,III. Doenças do sangue e transtornos imunitários,61
351350,Cap 04,"IV. Doenças endócrinas, nutricionais e metabólicas",128
351350,Cap 05,V. Transtornos mentais e comportamentais,226
351350,Cap 06,VI. Doenças do sistema nervoso,74
351350,Cap 07,VII. Doenças do olho e anexos,8
351350,Cap 08,VIII. Doenças do ouvido e da apófise mastóide,9
351350,Cap 09,IX. Doenças do aparelho circulatório,672
351350,Cap 10,X. Doenças do aparelho respiratório,606
351350,Cap 11,XI. Doenças do aparelho digestivo,898
351350,Cap 12,XII. Doenças da pele e do tecido subcutâneo,138
351350,Cap 13,XIII. Doenças osteomusculares e do tecido conjuntivo,81
351350,Cap 14,XIV. Doenças do aparelho geniturinário,692
351350,Cap 15,"XV. Gravidez, parto e puerpério",992
351350,Cap 16,XVI. Afecções originadas no período perinatal,200
351350,Cap 17,XVII. Malformações congênitas e anomalias cromossômicas,20
351350,Cap 18,XVIII. Sintomas e achados anormais não classificados,234
351350,Cap 19,XIX. Lesões e envenenamentos por causas externas,750
351350,Cap 21,XXI. Contatos com serviços de saúde,279
351360,Cap 01,I. Doenças infecciosas e parasitárias,189
351360,Cap 02,II. Neoplasias (tumores),98
351360,Cap 03,III. Doenças do sangue e transtornos imunitários,10
351360,Cap 04,"IV. Doenças endócrinas, nutricionais e metabólicas",118
351360,Cap 05,V. Transtornos mentais e comportamentais,5
351360,Cap 06,VI. Doenças do sistema nervoso,10
351360,Cap 09,IX. Doenças do aparelho circulatório,264
351360,Cap 10,X. Doenças do aparelho respiratório,172
351360,Cap 11,XI. Doenças do aparelho digestivo,110
351360,Cap 12,XII. Doenças da pele e do tecido subcutâneo,17
351360,Cap 13,XIII. Doenças osteomusculares e do tecido conjuntivo,4
351360,Cap 14,XIV. Doenças do aparelho geniturinário,126
351360,Cap 15,"XV. Gravidez, parto e puerpério",162
351360,Cap 16,XVI. Afecções originadas no período perinatal,1
351360,Cap 17,XVII. Malformações congênitas e anomalias cromossômicas,2
351360,Cap 18,XVIII. Sintomas e achados anormais não classificados,7
351360,Cap 19,XIX. Lesões e envenenamentos por causas externas,50
351360,Cap 21,XXI. Contatos com serviços de saúde,14
351370,Cap 01,I. Doenças infecciosas e parasitárias,94
351370,Cap 02,II. Neoplasias (tumores),57
351370,Cap 03,III. Doenças do sangue e transtornos imunitários,31
351370,Cap 04,"IV. Doenças endócrinas, nutricionais e metabólicas",42
351370,Cap 05,V. Transtornos mentais e comportamentais,58
351370,Cap 06,VI. Doenças do sistema nervoso,82
351370,Cap 07,VII. Doenças do olho e anexos,132
351370,Cap 08,VIII. Doenças do ouvido e da apófise mastóide,1
351370,Cap 09,IX. Doenças do aparelho circulatório,200
351370,Cap 10,X. Doenças do aparelho respiratório,289
351370,Cap 11,XI. Doenças do aparelho digestivo,172
351370,Cap 12,XII. Doenças da pele e do tecido subcutâneo,8
351370,Cap 13,XIII. Doenças osteomusculares e do tecido conjuntivo,40
351370,Cap 14,XIV. Doenças do aparelho geniturinário,157
351370,Cap 15,"XV. Gravidez, parto e puerpério",96
351370,Cap 16,XVI. Afecções originadas no período perinatal,5
351370,Cap 17,XVII. Malformações congênitas e anomalias cromossômicas,2
351370,Cap 18,XVIII. Sintomas e achados anormais não classificados,12
351370,Cap 19,XIX. Lesões e envenenamentos por causas externas,176
351370,Cap 21,XXI. Contatos com serviços de saúde,78
351380,Cap 01,I. Doenças infecciosas e parasitárias,518
351380,Cap 02,II. Neoplasias (tumores),1105
351380,Cap 03,III. Doenças do sangue e transtornos imunitários,116
351380,Cap 04,"IV. Doenças endócrinas, nutricionais e metabólicas",640
351380,Cap 05,V. Transtornos mentais e comportamentais,733
351380,Cap 06,VI. Doenças do sistema nervoso,541
351380,Cap 07,VII. Doenças do olho e anexos,18
351380,Cap 08,VIII. Doenças do ouvido e da apófise mastóide,74
351380,Cap 09,IX. Doenças do aparelho circulatório,2019
351380,Cap 10,X. Doenças do aparelho respiratório,2249
351380,Cap 11,XI. Doenças do aparelho digestivo,2002
351380,Cap 12,XII. Doenças da pele e do tecido subcutâneo,1470
351380,Cap 13,XIII. Doenças osteomusculares e do tecido conjuntivo,902
351380,Cap 14,XIV. Doenças do aparelho geniturinário,1598
351380,Cap 15,"XV. Gravidez, parto e puerpério",3070
351380,Cap 16,XVI. Afecções originadas no período perinatal,1040
351380,Cap 17,XVII. Malformações congênitas e anomalias cromossômicas,253
351380,Cap 18,XVIII. Sintomas e achados anormais não classificados,800
351380,Cap 19,XIX. Lesões e envenenamentos por causas externas,3830
351380,Cap 21,XXI. Contatos com serviços de saúde,1025
351390,Cap 01,I. Doenças infecciosas e parasitárias,17
351390,Cap 02,II. Neoplasias (tumores),96
351390,Cap 03,III. Doenças do sangue e transtornos imunitários,8
351390,Cap 04,"IV. Doenças endócrinas, nutricionais e metabólicas",46
351390,Cap 05,V. Transtornos mentais e comportamentais,6
351390,Cap 06,VI. Doenças do sistema nervoso,299
351390,Cap 07,VII. Doenças do olho e anexos,207
351390,Cap 08,VIII. Doenças do ouvido e da apófise mastóide,76
351390,Cap 09,IX. Doenças do aparelho circulatório,280
351390,Cap 10,X. Doenças do aparelho respiratório,699
351390,Cap 11,XI. Doenças do aparelho digestivo,993
351390,Cap 12,XII. Doenças da pele e do tecido subcutâneo,294
351390,Cap 13,XIII. Doenças osteomusculares e do tecido conjuntivo,478
351390,Cap 14,XIV. Doenças do aparelho geniturinário,411
351390,Cap 16,XVI. Afecções originadas no período perinatal,2
351390,Cap 17,XVII. Malformações congênitas e anomalias cromossômicas,152
351390,Cap 18,XVIII. Sintomas e achados anormais não classificados,28
351390,Cap 19,XIX. Lesões e envenenamentos por causas externas,159
351390,Cap 21,XXI. Contatos com serviços de saúde,443
351410,Cap 01,I. Doenças infecciosas e parasitárias,38
351410,Cap 02,II. Neoplasias (tumores),5
351410,Cap 03,III. Doenças do sangue e transtornos imunitários,13
351410,Cap 04,"IV. Doenças endócrinas, nutricionais e metabólicas",53
351410,Cap 05,V. Transtornos mentais e comportamentais,19
351410,Cap 06,VI. Doenças do sistema nervoso,10
351410,Cap 08,VIII. Doenças do ouvido e da apófise mastóide,2
351410,Cap 09,IX. Doenças do aparelho circulatório,142
351410,Cap 10,X. Doenças do aparelho respiratório,307
351410,Cap 11,XI. Doenças do aparelho digestivo,146
351410,Cap 12,XII. Doenças da pele e do tecido subcutâneo,45
351410,Cap 13,XIII. Doenças osteomusculares e do tecido conjuntivo,26
351410,Cap 14,XIV. Doenças do aparelho geniturinário,137
351410,Cap 15,"XV. Gravidez, parto e puerpério",209
351410,Cap 16,XVI. Afecções originadas no período perinatal,12
351410,Cap 17,XVII. Malformações congênitas e anomalias cromossômicas,1
351410,Cap 18,XVIII. Sintomas e achados anormais não classificados,35
351410,Cap 19,XIX. Lesões e envenenamentos por causas externas,79
351410,Cap 21,XXI. Contatos com serviços de saúde,5
351440,Cap 01,I. Doenças infecciosas e parasitárias,277
351440,Cap 02,II. Neoplasias (tumores),60
351440,Cap 03,III. Doenças do sangue e transtornos imunitários,34
351440,Cap 04,"IV. Doenças endócrinas, nutricionais e metabólicas",133
351440,Cap 05,V. Transtornos mentais e comportamentais,3
351440,Cap 06,VI. Doenças do sistema nervoso,45
351440,Cap 07,VII. Doenças do olho e anexos,1
351440,Cap 08,VIII. Doenças do ouvido e da apófise mastóide,14
351440,Cap 09,IX. Doenças do aparelho circulatório,495
351440,Cap 10,X. Doenças do aparelho respiratório,591
351440,Cap 11,XI. Doenças do aparelho digestivo,377
351440,Cap 12,XII. Doenças da pele e do tecido subcutâneo,44
351440,Cap 13,XIII. Doenças osteomusculares e do tecido conjuntivo,45
351440,Cap 14,XIV. Doenças do aparelho geniturinário,351
351440,Cap 15,"XV. Gravidez, parto e puerpério",360
351440,Cap 16,XVI. Afecções originadas no período perinatal,32
351440,Cap 17,XVII. Malformações congênitas e anomalias cromossômicas,2
351440,Cap 18,XVIII. Sintomas e achados anormais não classificados,112
351440,Cap 19,XIX. Lesões e envenenamentos por causas externas,382
351440,Cap 21,XXI. Contatos com serviços de saúde,8
351450,Cap 01,I. Doenças infecciosas e parasitárias,48
351450,Cap 02,II. Neoplasias (tumores),60
351450,Cap 03,III. Doenças do sangue e transtornos imunitários,25
351450,Cap 04,"IV. Doenças endócrinas, nutricionais e metabólicas",23
351450,Cap 05,V. Transtornos mentais e comportamentais,121
351450,Cap 06,VI. Doenças do sistema nervoso,20
351450,Cap 07,VII. Doenças do olho e anexos,6
351450,Cap 08,VIII. Doenças do ouvido e da apófise mastóide,5
351450,Cap 09,IX. Doenças do aparelho circulatório,104
351450,Cap 10,X. Doenças do aparelho respiratório,140
351450,Cap 11,XI. Doenças do aparelho digestivo,100
351450,Cap 12,XII. Doenças da pele e do tecido subcutâneo,27
351450,Cap 13,XIII. Doenças osteomusculares e do tecido conjuntivo,31
351450,Cap 14,XIV. Doenças do aparelho geniturinário,127
351450,Cap 15,"XV. Gravidez, parto e puerpério",136
351450,Cap 16,XVI. Afecções originadas no período perinatal,10
351450,Cap 17,XVII. Malformações congênitas e anomalias cromossômicas,4
351450,Cap 18,XVIII. Sintomas e achados anormais não classificados,127
351450,Cap 19,XIX. Lesões e envenenamentos por causas externas,232
351450,Cap 21,XXI. Contatos com serviços de saúde,29
351500,Cap 01,I. Doenças infecciosas e parasitárias,191
351500,Cap 02,II. Neoplasias (tumores),48
351500,Cap 03,III. Doenças do sangue e transtornos imunitários,50
351500,Cap 04,"IV. Doenças endócrinas, nutricionais e metabólicas",139
351500,Cap 05,V. Transtornos mentais e comportamentais,200
351500,Cap 06,VI. Doenças do sistema nervoso,93
351500,Cap 08,VIII. Doenças do ouvido e da apófise mastóide,3
351500,Cap 09,IX. Doenças do aparelho circulatório,429
351500,Cap 10,X. Doenças do aparelho respiratório,723
351500,Cap 11,XI. Doenças do aparelho digestivo,101
351500,Cap 12,XII. Doenças da pele e do tecido subcutâneo,95
351500,Cap 13,XIII. Doenças osteomusculares e do tecido conjuntivo,21
351500,Cap 14,XIV. Doenças do aparelho geniturinário,294
351500,Cap 15,"XV. Gravidez, parto e puerpério",671
351500,Cap 16,XVI. Afecções originadas no período perinatal,10
351500,Cap 18,XVIII. Sintomas e achados anormais não classificados,81
351500,Cap 19,XIX. Lesões e envenenamentos por causas externas,168
351500,Cap 21,XXI. Contatos com serviços de saúde,143
351510,Cap 01,I. Doenças infecciosas e parasitárias,44
351510,Cap 02,II. Neoplasias (tumores),27
351510,Cap 03,III. Doenças do sangue e transtornos imunitários,8
351510,Cap 04,"IV. Doenças endócrinas, nutricionais e metabólicas",28
351510,Cap 05,V. Transtornos mentais e comportamentais,34
351510,Cap 06,VI. Doenças do sistema nervoso,4
351510,Cap 07,VII. Doenças do olho e anexos,4
351510,Cap 08,VIII. Doenças do ouvido e da apófise mastóide,4
351510,Cap 09,IX. Doenças do aparelho circulatório,245
351510,Cap 10,X. Doenças do aparelho respiratório,222
351510,Cap 11,XI. Doenças do aparelho digestivo,61
351510,Cap 12,XII. Doenças da pele e do tecido subcutâneo,15
351510,Cap 13,XIII. Doenças osteomusculares e do tecido conjuntivo,6
351510,Cap 14,XIV. Doenças do aparelho geniturinário,43
351510,Cap 15,"XV. Gravidez, parto e puerpério",55
351510,Cap 16,XVI. Afecções originadas no período perinatal,2
351510,Cap 18,XVIII. Sintomas e achados anormais não classificados,106
351510,Cap 19,XIX. Lesões e envenenamentos por causas externas,249
351518,Cap 01,I. Doenças infecciosas e parasitárias,177
351518,Cap 02,II. Neoplasias (tumores),78
351518,Cap 03,III. Doenças do sangue e transtornos imunitários,10
351518,Cap 04,"IV. Doenças endócrinas, nutricionais e metabólicas",46
351518,Cap 05,V. Transtornos mentais e comportamentais,1831
351518,Cap 06,VI. Doenças do sistema nervoso,56
351518,Cap 08,VIII. Doenças do ouvido e da apófise mastóide,4
351518,Cap 09,IX. Doenças do aparelho circulatório,373
351518,Cap 10,X. Doenças do aparelho respiratório,301
351518,Cap 11,XI. Doenças do aparelho digestivo,426
351518,Cap 12,XII. Doenças da pele e do tecido subcutâneo,42
351518,Cap 13,XIII. Doenças osteomusculares e do tecido conjuntivo,29
351518,Cap 14,XIV. Doenças do aparelho geniturinário,463
351518,Cap 15,"XV. Gravidez, parto e puerpério",318
351518,Cap 16,XVI. Afecções originadas no período perinatal,46
351518,Cap 17,XVII. Malformações congênitas e anomalias cromossômicas,13
351518,Cap 18,XVIII. Sintomas e achados anormais não classificados,57
351518,Cap 19,XIX. Lesões e envenenamentos por causas externas,278
351518,Cap 21,XXI. Contatos com serviços de saúde,74
351520,Cap 01,I. Doenças infecciosas e parasitárias,184
351520,Cap 03,III. Doenças do sangue e transtornos imunitários,8
351520,Cap 04,"IV. Doenças endócrinas, nutricionais e metabólicas",36
351520,Cap 06,VI. Doenças do sistema nervoso,9
351520,Cap 09,IX. Doenças do aparelho circulatório,18
351520,Cap 10,X. Doenças do aparelho respiratório,155
351520,Cap 11,XI. Doenças do aparelho digestivo,52
351520,Cap 12,XII. Doenças da pele e do tecido subcutâneo,20
351520,Cap 13,XIII. Doenças osteomusculares e do tecido conjuntivo,7
351520,Cap 14,XIV. Doenças do aparelho geniturinário,121
351520,Cap 15,"XV. Gravidez, parto e puerpério",9
351520,Cap 18,XVIII. Sintomas e achados anormais não classificados,3
351520,Cap 19,XIX. Lesões e envenenamentos por causas externas,2
351540,Cap 01,I. Doenças infecciosas e parasitárias,36
351540,Cap 02,II. Neoplasias (tumores),33
351540,Cap 03,III. Doenças do sangue e transtornos imunitários,31
351540,Cap 04,"IV. Doenças endócrinas, nutricionais e metabólicas",29
351540,Cap 05,V. Transtornos mentais e comportamentais,7
351540,Cap 06,VI. Doenças do sistema nervoso,5
351540,Cap 08,VIII. Doenças do ouvido e da apófise mastóide,4
351540,Cap 09,IX. Doenças do aparelho circulatório,94
351540,Cap 10,X. Doenças do aparelho respiratório,175
351540,Cap 11,XI. Doenças do aparelho digestivo,159
351540,Cap 12,XII. Doenças da pele e do tecido subcutâneo,27
351540,Cap 13,XIII. Doenças osteomusculares e do tecido conjuntivo,3
351540,Cap 14,XIV. Doenças do aparelho geniturinário,137
351540,Cap 15,"XV. Gravidez, parto e puerpério",148
351540,Cap 16,XVI. Afecções originadas no período perinatal,1
351540,Cap 17,XVII. Malformações congênitas e anomalias cromossômicas,2
351540,Cap 18,XVIII. Sintomas e achados anormais não classificados,21
351540,Cap 19,XIX. Lesões e envenenamentos por causas externas,15
351540,Cap 21,XXI. Contatos com serviços de saúde,3
351550,Cap 01,I. Doenças infecciosas e parasitárias,762
351550,Cap 02,II. Neoplasias (tumores),119
351550,Cap 03,III. Doenças do sangue e transtornos imunitários,66
351550,Cap 04,"IV. Doenças endócrinas, nutricionais e metabólicas",200
351550,Cap 05,V. Transtornos mentais e comportamentais,5
351550,Cap 06,VI. Doenças do sistema nervoso,116
351550,Cap 07,VII. Doenças do olho e anexos,1
351550,Cap 08,VIII. Doenças do ouvido e da apófise mastóide,4
351550,Cap 09,IX. Doenças do aparelho circulatório,950
351550,Cap 10,X. Doenças do aparelho respiratório,435
351550,Cap 11,XI. Doenças do aparelho digestivo,1179
351550,Cap 12,XII. Doenças da pele e do tecido subcutâneo,120
351550,Cap 13,XIII. Doenças osteomusculares e do tecido conjuntivo,168
351550,Cap 14,XIV. Doenças do aparelho geniturinário,730
351550,Cap 15,"XV. Gravidez, parto e puerpério",986
351550,Cap 16,XVI. Afecções originadas no período perinatal,71
351550,Cap 17,XVII. Malformações congênitas e anomalias cromossômicas,11
351550,Cap 18,XVIII. Sintomas e achados anormais não classificados,281
351550,Cap 19,XIX. Lesões e envenenamentos por causas externas,1087
351550,Cap 21,XXI. Contatos com serviços de saúde,111
351570,Cap 01,I. Doenças infecciosas e parasitárias,281
351570,Cap 02,II. Neoplasias (tumores),111
351570,Cap 03,III. Doenças do sangue e transtornos imunitários,118
351570,Cap 04,"IV. Doenças endócrinas, nutricionais e metabólicas",196
351570,Cap 05,V. Transtornos mentais e comportamentais,425
351570,Cap 06,VI. Doenças do sistema nervoso,29
351570,Cap 07,VII. Doenças do olho e anexos,4
351570,Cap 08,VIII. Doenças do ouvido e da apófise mastóide,13
351570,Cap 09,IX. Doenças do aparelho circulatório,679
351570,Cap 10,X. Doenças do aparelho respiratório,1061
351570,Cap 11,XI. Doenças do aparelho digestivo,903
351570,Cap 12,XII. Doenças da pele e do tecido subcutâneo,193
351570,Cap 13,XIII. Doenças osteomusculares e do tecido conjuntivo,63
351570,Cap 14,XIV. Doenças do aparelho geniturinário,563
351570,Cap 15,"XV. Gravidez, parto e puerpério",1825
351570,Cap 16,XVI. Afecções originadas no período perinatal,277
351570,Cap 17,XVII. Malformações congênitas e anomalias cromossômicas,67
351570,Cap 18,XVIII. Sintomas e achados anormais não classificados,155
351570,Cap 19,XIX. Lesões e envenenamentos por causas externas,994
351570,Cap 21,XXI. Contatos com serviços de saúde,940
351600,Cap 01,I. Doenças infecciosas e parasitárias,86
351600,Cap 02,II. Neoplasias (tumores),4
351600,Cap 03,III. Doenças do sangue e transtornos imunitários,25
351600,Cap 04,"IV. Doenças endócrinas, nutricionais e metabólicas",135
351600,Cap 05,V. Transtornos mentais e comportamentais,21
351600,Cap 06,VI. Doenças do sistema nervoso,12
351600,Cap 09,IX. Doenças do aparelho circulatório,138
351600,Cap 10,X. Doenças do aparelho respiratório,197
351600,Cap 11,XI. Doenças do aparelho digestivo,81
351600,Cap 12,XII. Doenças da pele e do tecido subcutâneo,7
351600,Cap 13,XIII. Doenças osteomusculares e do tecido conjuntivo,4
351600,Cap 14,XIV. Doenças do aparelho geniturinário,110
351600,Cap 15,"XV. Gravidez, parto e puerpério",103
351600,Cap 17,XVII. Malformações congênitas e anomalias cromossômicas,1
351600,Cap 18,XVIII. Sintomas e achados anormais não classificados,30
351600,Cap 19,XIX. Lesões e envenenamentos por causas externas,87
351600,Cap 21,XXI. Contatos com serviços de saúde,1
351620,Cap 01,I. Doenças infecciosas e parasitárias,1352
351620,Cap 02,II. Neoplasias (tumores),2122
351620,Cap 03,III. Doenças do sangue e transtornos imunitários,206
351620,Cap 04,"IV. Doenças endócrinas, nutricionais e metabólicas",253
351620,Cap 05,V. Transtornos mentais e comportamentais,1019
351620,Cap 06,VI. Doenças do sistema nervoso,539
351620,Cap 07,VII. Doenças do olho e anexos,64
351620,Cap 08,VIII. Doenças do ouvido e da apófise mastóide,54
351620,Cap 09,IX. Doenças do aparelho circulatório,3335
351620,Cap 10,X. Doenças do aparelho respiratório,2123
351620,Cap 11,XI. Doenças do aparelho digestivo,3083
351620,Cap 12,XII. Doenças da pele e do tecido subcutâneo,545
351620,Cap 13,XIII. Doenças osteomusculares e do tecido conjuntivo,514
351620,Cap 14,XIV. Doenças do aparelho geniturinário,1789
351620,Cap 15,"XV. Gravidez, parto e puerpério",3756
351620,Cap 16,XVI. Afecções originadas no período perinatal,703
351620,Cap 17,XVII. Malformações congênitas e anomalias cromossômicas,158
351620,Cap 18,XVIII. Sintomas e achados anormais não classificados,284
351620,Cap 19,XIX. Lesões e envenenamentos por causas externas,2730
351620,Cap 21,XXI. Contatos com serviços de saúde,496
351630,Cap 01,I. Doenças infecciosas e parasitárias,495
351630,Cap 02,II. Neoplasias (tumores),464
351630,Cap 03,III. Doenças do sangue e transtornos imunitários,129
351630,Cap 04,"IV. Doenças endócrinas, nutricionais e metabólicas",346
351630,Cap 05,V. Transtornos mentais e comportamentais,162
351630,Cap 06,VI. Doenças do sistema nervoso,134
351630,Cap 07,VII. Doenças do olho e anexos,14
351630,Cap 08,VIII. Doenças do ouvido e da apófise mastóide,29
351630,Cap 09,IX. Doenças do aparelho circulatório,1843
351630,Cap 10,X. Doenças do aparelho respiratório,1761
351630,Cap 11,XI. Doenças do aparelho digestivo,1052
351630,Cap 12,XII. Doenças da pele e do tecido subcutâneo,395
351630,Cap 13,XIII. Doenças osteomusculares e do tecido conjuntivo,50
351630,Cap 14,XIV. Doenças do aparelho geniturinário,1243
351630,Cap 15,"XV. Gravidez, parto e puerpério",2908
351630,Cap 16,XVI. Afecções originadas no período perinatal,677
351630,Cap 17,XVII. Malformações congênitas e anomalias cromossômicas,33
351630,Cap 18,XVIII. Sintomas e achados anormais não classificados,321
351630,Cap 19,XIX. Lesões e envenenamentos por causas externas,1157
351630,Cap 21,XXI. Contatos com serviços de saúde,676
351640,Cap 01,I. Doenças infecciosas e parasitárias,173
351640,Cap 02,II. Neoplasias (tumores),346
351640,Cap 03,III. Doenças do sangue e transtornos imunitários,15
351640,Cap 04,"IV. Doenças endócrinas, nutricionais e metabólicas",169
351640,Cap 05,V. Transtornos mentais e comportamentais,1067
351640,Cap 06,VI. Doenças do sistema nervoso,68
351640,Cap 07,VII. Doenças do olho e anexos,950
351640,Cap 09,IX. Doenças do aparelho circulatório,818
351640,Cap 10,X. Doenças do aparelho respiratório,135
351640,Cap 11,XI. Doenças do aparelho digestivo,1812
351640,Cap 12,XII. Doenças da pele e do tecido subcutâneo,60
351640,Cap 13,XIII. Doenças osteomusculares e do tecido conjuntivo,254
351640,Cap 14,XIV. Doenças do aparelho geniturinário,153
351640,Cap 15,"XV. Gravidez, parto e puerpério",1
351640,Cap 17,XVII. Malformações congênitas e anomalias cromossômicas,1
351640,Cap 18,XVIII. Sintomas e achados anormais não classificados,268
351640,Cap 19,XIX. Lesões e envenenamentos por causas externas,2407
351640,Cap 21,XXI. Contatos com serviços de saúde,87
351660,Cap 01,I. Doenças infecciosas e parasitárias,12
351660,Cap 02,II. Neoplasias (tumores),2
351660,Cap 04,"IV. Doenças endócrinas, nutricionais e metabólicas",17
351660,Cap 09,IX. Doenças do aparelho circulatório,18
351660,Cap 10,X. Doenças do aparelho respiratório,39
351660,Cap 11,XI. Doenças do aparelho digestivo,6
351660,Cap 12,XII. Doenças da pele e do tecido subcutâneo,7
351660,Cap 13,XIII. Doenças osteomusculares e do tecido conjuntivo,2
351660,Cap 14,XIV. Doenças do aparelho geniturinário,43
351660,Cap 18,XVIII. Sintomas e achados anormais não classificados,3
351670,Cap 01,I. Doenças infecciosas e parasitárias,61
351670,Cap 02,II. Neoplasias (tumores),58
351670,Cap 03,III. Doenças do sangue e transtornos imunitários,33
351670,Cap 04,"IV. Doenças endócrinas, nutricionais e metabólicas",43
351670,Cap 05,V. Transtornos mentais e comportamentais,1010
351670,Cap 06,VI. Doenças do sistema nervoso,34
351670,Cap 08,VIII. Doenças do ouvido e da apófise mastóide,1
351670,Cap 09,IX. Doenças do aparelho circulatório,157
351670,Cap 10,X. Doenças do aparelho respiratório,188
351670,Cap 11,XI. Doenças do aparelho digestivo,184
351670,Cap 12,XII. Doenças da pele e do tecido subcutâneo,12
351670,Cap 13,XIII. Doenças osteomusculares e do tecido conjuntivo,24
351670,Cap 14,XIV. Doenças do aparelho geniturinário,243
351670,Cap 15,"XV. Gravidez, parto e puerpério",405
351670,Cap 16,XVI. Afecções originadas no período perinatal,11
351670,Cap 17,XVII. Malformações congênitas e anomalias cromossômicas,1
351670,Cap 18,XVIII. Sintomas e achados anormais não classificados,14
351670,Cap 19,XIX. Lesões e envenenamentos por causas externas,126
351670,Cap 21,XXI. Contatos com serviços de saúde,79
351690,Cap 01,I. Doenças infecciosas e parasitárias,74
351690,Cap 04,"IV. Doenças endócrinas, nutricionais e metabólicas",10
351690,Cap 05,V. Transtornos mentais e comportamentais,1
351690,Cap 06,VI. Doenças do sistema nervoso,1
351690,Cap 09,IX. Doenças do aparelho circulatório,174
351690,Cap 10,X. Doenças do aparelho respiratório,131
351690,Cap 11,XI. Doenças do aparelho digestivo,14
351690,Cap 12,XII. Doenças da pele e do tecido subcutâneo,3
351690,Cap 13,XIII. Doenças osteomusculares e do tecido conjuntivo,1
351690,Cap 14,XIV. Doenças do aparelho geniturinário,39
351690,Cap 19,XIX. Lesões e envenenamentos por causas externas,3
351700,Cap 01,I. Doenças infecciosas e parasitárias,14
351700,Cap 02,II. Neoplasias (tumores),11
351700,Cap 03,III. Doenças do sangue e transtornos imunitários,14
351700,Cap 04,"IV. Doenças endócrinas, nutricionais e metabólicas",23
351700,Cap 05,V. Transtornos mentais e comportamentais,55
351700,Cap 09,IX. Doenças do aparelho circulatório,33
351700,Cap 10,X. Doenças do aparelho respiratório,86
351700,Cap 11,XI. Doenças do aparelho digestivo,13
351700,Cap 12,XII. Doenças da pele e do tecido subcutâneo,20
351700,Cap 13,XIII. Doenças osteomusculares e do tecido conjuntivo,3
351700,Cap 14,XIV. Doenças do aparelho geniturinário,85
351700,Cap 19,XIX. Lesões e envenenamentos por causas externas,5
351740,Cap 01,I. Doenças infecciosas e parasitárias,490
351740,Cap 02,II. Neoplasias (tumores),69
351740,Cap 03,III. Doenças do sangue e transtornos imunitários,28
351740,Cap 04,"IV. Doenças endócrinas, nutricionais e metabólicas",73
351740,Cap 05,V. Transtornos mentais e comportamentais,2
351740,Cap 06,VI. Doenças do sistema nervoso,97
351740,Cap 08,VIII. Doenças do ouvido e da apófise mastóide,2
351740,Cap 09,IX. Doenças do aparelho circulatório,386
351740,Cap 10,X. Doenças do aparelho respiratório,333
351740,Cap 11,XI. Doenças do aparelho digestivo,378
351740,Cap 12,XII. Doenças da pele e do tecido subcutâneo,86
351740,Cap 13,XIII. Doenças osteomusculares e do tecido conjuntivo,82
351740,Cap 14,XIV. Doenças do aparelho geniturinário,367
351740,Cap 15,"XV. Gravidez, parto e puerpério",337
351740,Cap 16,XVI. Afecções originadas no período perinatal,25
351740,Cap 17,XVII. Malformações congênitas e anomalias cromossômicas,1
351740,Cap 18,XVIII. Sintomas e achados anormais não classificados,165
351740,Cap 19,XIX. Lesões e envenenamentos por causas externas,371
351740,Cap 21,XXI. Contatos com serviços de saúde,117
351760,Cap 01,I. Doenças infecciosas e parasitárias,14
351760,Cap 02,II. Neoplasias (tumores),6
351760,Cap 03,III. Doenças do sangue e transtornos imunitários,8
351760,Cap 04,"IV. Doenças endócrinas, nutricionais e metabólicas",7
351760,Cap 05,V. Transtornos mentais e comportamentais,3
351760,Cap 06,VI. Doenças do sistema nervoso,2
351760,Cap 09,IX. Doenças do aparelho circulatório,42
351760,Cap 10,X. Doenças do aparelho respiratório,93
351760,Cap 11,XI. Doenças do aparelho digestivo,11
351760,Cap 12,XII. Doenças da pele e do tecido subcutâneo,16
351760,Cap 13,XIII. Doenças osteomusculares e do tecido conjuntivo,1
351760,Cap 14,XIV. Doenças do aparelho geniturinário,66
351760,Cap 18,XVIII. Sintomas e achados anormais não classificados,13
351760,Cap 19,XIX. Lesões e envenenamentos por causas externas,7
351760,Cap 21,XXI. Contatos com serviços de saúde,2
351770,Cap 01,I. Doenças infecciosas e parasitárias,37
351770,Cap 02,II. Neoplasias (tumores),17
351770,Cap 03,III. Doenças do sangue e transtornos imunitários,14
351770,Cap 04,"IV. Doenças endócrinas, nutricionais e metabólicas",33
351770,Cap 05,V. Transtornos mentais e comportamentais,61
351770,Cap 06,VI. Doenças do sistema nervoso,4
351770,Cap 08,VIII. Doenças do ouvido e da apófise mastóide,2
351770,Cap 09,IX. Doenças do aparelho circulatório,46
351770,Cap 10,X. Doenças do aparelho respiratório,118
351770,Cap 11,XI. Doenças do aparelho digestivo,105
351770,Cap 12,XII. Doenças da pele e do tecido subcutâneo,4
351770,Cap 13,XIII. Doenças osteomusculares e do tecido conjuntivo,5
351770,Cap 14,XIV. Doenças do aparelho geniturinário,123
351770,Cap 15,"XV. Gravidez, parto e puerpério",133
351770,Cap 16,XVI. Afecções originadas no período perinatal,3
351770,Cap 18,XVIII. Sintomas e achados anormais não classificados,14
351770,Cap 19,XIX. Lesões e envenenamentos por causas externas,61
351770,Cap 21,XXI. Contatos com serviços de saúde,21
351780,Cap 01,I. Doenças infecciosas e parasitárias,21
351780,Cap 03,III. Doenças do sangue e transtornos imunitários,3
351780,Cap 04,"IV. Doenças endócrinas, nutricionais e metabólicas",69
351780,Cap 05,V. Transtornos mentais e comportamentais,1
351780,Cap 06,VI. Doenças do sistema nervoso,4
351780,Cap 08,VIII. Doenças do ouvido e da apófise mastóide,3
351780,Cap 09,IX. Doenças do aparelho circulatório,47
351780,Cap 10,X. Doenças do aparelho respiratório,100
351780,Cap 11,XI. Doenças do aparelho digestivo,184
351780,Cap 12,XII. Doenças da pele e do tecido subcutâneo,15
351780,Cap 13,XIII. Doenças osteomusculares e do tecido conjuntivo,13
351780,Cap 14,XIV. Doenças do aparelho geniturinário,73
351780,Cap 19,XIX. Lesões e envenenamentos por causas externas,7
351820,Cap 01,I. Doenças infecciosas e parasitárias,74
351820,Cap 02,II. Neoplasias (tumores),5
351820,Cap 03,III. Doenças do sangue e transtornos imunitários,106
351820,Cap 04,"IV. Doenças endócrinas, nutricionais e metabólicas",62
351820,Cap 05,V. Transtornos mentais e comportamentais,16
351820,Cap 06,VI. Doenças do sistema nervoso,11
351820,Cap 08,VIII. Doenças do ouvido e da apófise mastóide,5
351820,Cap 09,IX. Doenças do aparelho circulatório,123
351820,Cap 10,X. Doenças do aparelho respiratório,459
351820,Cap 11,XI. Doenças do aparelho digestivo,198
351820,Cap 12,XII. Doenças da pele e do tecido subcutâneo,45
351820,Cap 13,XIII. Doenças osteomusculares e do tecido conjuntivo,23
351820,Cap 14,XIV. Doenças do aparelho geniturinário,201
351820,Cap 15,"XV. Gravidez, parto e puerpério",125
351820,Cap 16,XVI. Afecções originadas no período perinatal,6
351820,Cap 17,XVII. Malformações congênitas e anomalias cromossômicas,2
351820,Cap 18,XVIII. Sintomas e achados anormais não classificados,4
351820,Cap 19,XIX. Lesões e envenenamentos por causas externas,52
351820,Cap 21,XXI. Contatos com serviços de saúde,52
351830,Cap 01,I. Doenças infecciosas e parasitárias,67
351830,Cap 02,II. Neoplasias (tumores),18
351830,Cap 03,III. Doenças do sangue e transtornos imunitários,39
351830,Cap 04,"IV. Doenças endócrinas, nutricionais e metabólicas",58
351830,Cap 05,V. Transtornos mentais e comportamentais,25
351830,Cap 06,VI. Doenças do sistema nervoso,18
351830,Cap 07,VII. Doenças do olho e anexos,7
351830,Cap 08,VIII. Doenças do ouvido e da apófise mastóide,7
351830,Cap 09,IX. Doenças do aparelho circulatório,175
351830,Cap 10,X. Doenças do aparelho respiratório,185
351830,Cap 11,XI. Doenças do aparelho digestivo,45
351830,Cap 12,XII. Doenças da pele e do tecido subcutâneo,30
351830,Cap 13,XIII. Doenças osteomusculares e do tecido conjuntivo,12
351830,Cap 14,XIV. Doenças do aparelho geniturinário,199
351830,Cap 15,"XV. Gravidez, parto e puerpério",351
351830,Cap 16,XVI. Afecções originadas no período perinatal,16
351830,Cap 17,XVII. Malformações congênitas e anomalias cromossômicas,6
351830,Cap 18,XVIII. Sintomas e achados anormais não classificados,59
351830,Cap 19,XIX. Lesões e envenenamentos por causas externas,142
351830,Cap 21,XXI. Contatos com serviços de saúde,97
351840,Cap 01,I. Doenças infecciosas e parasitárias,429
351840,Cap 02,II. Neoplasias (tumores),1496
351840,Cap 03,III. Doenças do sangue e transtornos imunitários,37
351840,Cap 04,"IV. Doenças endócrinas, nutricionais e metabólicas",212
351840,Cap 05,V. Transtornos mentais e comportamentais,3
351840,Cap 06,VI. Doenças do sistema nervoso,132
351840,Cap 07,VII. Doenças do olho e anexos,2
351840,Cap 08,VIII. Doenças do ouvido e da apófise mastóide,11
351840,Cap 09,IX. Doenças do aparelho circulatório,879
351840,Cap 10,X. Doenças do aparelho respiratório,636
351840,Cap 11,XI. Doenças do aparelho digestivo,1587
351840,Cap 12,XII. Doenças da pele e do tecido subcutâneo,228
351840,Cap 13,XIII. Doenças osteomusculares e do tecido conjuntivo,224
351840,Cap 14,XIV. Doenças do aparelho geniturinário,1456
351840,Cap 15,"XV. Gravidez, parto e puerpério",1199
351840,Cap 16,XVI. Afecções originadas no período perinatal,213
351840,Cap 17,XVII. Malformações congênitas e anomalias cromossômicas,16
351840,Cap 18,XVIII. Sintomas e achados anormais não classificados,331
351840,Cap 19,XIX. Lesões e envenenamentos por causas externas,982
351840,Cap 21,XXI. Contatos com serviços de saúde,38
351860,Cap 01,I. Doenças infecciosas e parasitárias,47
351860,Cap 02,II. Neoplasias (tumores),34
351860,Cap 03,III. Doenças do sangue e transtornos imunitários,7
351860,Cap 04,"IV. Doenças endócrinas, nutricionais e metabólicas",19
351860,Cap 05,V. Transtornos mentais e comportamentais,4
351860,Cap 06,VI. Doenças do sistema nervoso,56
351860,Cap 08,VIII. Doenças do ouvido e da apófise mastóide,1
351860,Cap 09,IX. Doenças do aparelho circulatório,129
351860,Cap 10,X. Doenças do aparelho respiratório,195
351860,Cap 11,XI. Doenças do aparelho digestivo,135
351860,Cap 12,XII. Doenças da pele e do tecido subcutâneo,20
351860,Cap 13,XIII. Doenças osteomusculares e do tecido conjuntivo,69
351860,Cap 14,XIV. Doenças do aparelho geniturinário,155
351860,Cap 15,"XV. Gravidez, parto e puerpério",205
351860,Cap 16,XVI. Afecções originadas no período perinatal,46
351860,Cap 17,XVII. Malformações congênitas e anomalias cromossômicas,4
351860,Cap 18,XVIII. Sintomas e achados anormais não classificados,21
351860,Cap 19,XIX. Lesões e envenenamentos por causas externas,182
351860,Cap 21,XXI. Contatos com serviços de saúde,94
351870,Cap 01,I. Doenças infecciosas e parasitárias,1046
351870,Cap 02,II. Neoplasias (tumores),816
351870,Cap 03,III. Doenças do sangue e transtornos imunitários,52
351870,Cap 04,"IV. Doenças endócrinas, nutricionais e metabólicas",147
351870,Cap 05,V. Transtornos mentais e comportamentais,8
351870,Cap 06,VI. Doenças do sistema nervoso,162
351870,Cap 07,VII. Doenças do olho e anexos,58
351870,Cap 08,VIII. Doenças do ouvido e da apófise mastóide,3
351870,Cap 09,IX. Doenças do aparelho circulatório,996
351870,Cap 10,X. Doenças do aparelho respiratório,879
351870,Cap 11,XI. Doenças do aparelho digestivo,1720
351870,Cap 12,XII. Doenças da pele e do tecido subcutâneo,213
351870,Cap 13,XIII. Doenças osteomusculares e do tecido conjuntivo,503
351870,Cap 14,XIV. Doenças do aparelho geniturinário,941
351870,Cap 15,"XV. Gravidez, parto e puerpério",2547
351870,Cap 16,XVI. Afecções originadas no período perinatal,806
351870,Cap 17,XVII. Malformações congênitas e anomalias cromossômicas,52
351870,Cap 18,XVIII. Sintomas e achados anormais não classificados,174
351870,Cap 19,XIX. Lesões e envenenamentos por causas externas,1677
351870,Cap 21,XXI. Contatos com serviços de saúde,257
351880,Cap 01,I. Doenças infecciosas e parasitárias,2055
351880,Cap 02,II. Neoplasias (tumores),2421
351880,Cap 03,III. Doenças do sangue e transtornos imunitários,433
351880,Cap 04,"IV. Doenças endócrinas, nutricionais e metabólicas",1004
351880,Cap 05,V. Transtornos mentais e comportamentais,831
351880,Cap 06,VI. Doenças do sistema nervoso,1229
351880,Cap 07,VII. Doenças do olho e anexos,2263
351880,Cap 08,VIII. Doenças do ouvido e da apófise mastóide,49
351880,Cap 09,IX. Doenças do aparelho circulatório,5499
351880,Cap 10,X. Doenças do aparelho respiratório,5023
351880,Cap 11,XI. Doenças do aparelho digestivo,6588
351880,Cap 12,XII. Doenças da pele e do tecido subcutâneo,1119
351880,Cap 13,XIII. Doenças osteomusculares e do tecido conjuntivo,866
351880,Cap 14,XIV. Doenças do aparelho geniturinário,3467
351880,Cap 15,"XV. Gravidez, parto e puerpério",11609
351880,Cap 16,XVI. Afecções originadas no período perinatal,2496
351880,Cap 17,XVII. Malformações congênitas e anomalias cromossômicas,442
351880,Cap 18,XVIII. Sintomas e achados anormais não classificados,613
351880,Cap 19,XIX. Lesões e envenenamentos por causas externas,6720
351880,Cap 21,XXI. Contatos com serviços de saúde,2260
351900,Cap 01,I. Doenças infecciosas e parasitárias,140
351900,Cap 03,III. Doenças do sangue e transtornos imunitários,2
351900,Cap 04,"IV. Doenças endócrinas, nutricionais e metabólicas",57
351900,Cap 06,VI. Doenças do sistema nervoso,1
351900,Cap 09,IX. Doenças do aparelho circulatório,63
351900,Cap 10,X. Doenças do aparelho respiratório,370
351900,Cap 11,XI. Doenças do aparelho digestivo,49
351900,Cap 12,XII. Doenças da pele e do tecido subcutâneo,10
351900,Cap 14,XIV. Doenças do aparelho geniturinário,73
351907,Cap 01,I. Doenças infecciosas e parasitárias,126
351907,Cap 02,II. Neoplasias (tumores),55
351907,Cap 03,III. Doenças do sangue e transtornos imunitários,30
351907,Cap 04,"IV. Doenças endócrinas, nutricionais e metabólicas",82
351907,Cap 05,V. Transtornos mentais e comportamentais,9
351907,Cap 06,VI. Doenças do sistema nervoso,33
351907,Cap 07,VII. Doenças do olho e anexos,1
351907,Cap 08,VIII. Doenças do ouvido e da apófise mastóide,7
351907,Cap 09,IX. Doenças do aparelho circulatório,565
351907,Cap 10,X. Doenças do aparelho respiratório,387
351907,Cap 11,XI. Doenças do aparelho digestivo,606
351907,Cap 12,XII. Doenças da pele e do tecido subcutâneo,98
351907,Cap 13,XIII. Doenças osteomusculares e do tecido conjuntivo,32
351907,Cap 14,XIV. Doenças do aparelho geniturinário,310
351907,Cap 15,"XV. Gravidez, parto e puerpério",1942
351907,Cap 16,XVI. Afecções originadas no período perinatal,190
351907,Cap 17,XVII. Malformações congênitas e anomalias cromossômicas,6
351907,Cap 18,XVIII. Sintomas e achados anormais não classificados,116
351907,Cap 19,XIX. Lesões e envenenamentos por causas externas,1063
351907,Cap 21,XXI. Contatos com serviços de saúde,81
351910,Cap 01,I. Doenças infecciosas e parasitárias,31
351910,Cap 02,II. Neoplasias (tumores),16
351910,Cap 03,III. Doenças do sangue e transtornos imunitários,30
351910,Cap 04,"IV. Doenças endócrinas, nutricionais e metabólicas",18
351910,Cap 05,V. Transtornos mentais e comportamentais,25
351910,Cap 06,VI. Doenças do sistema nervoso,13
351910,Cap 07,VII. Doenças do olho e anexos,3
351910,Cap 08,VIII. Doenças do ouvido e da apófise mastóide,3
351910,Cap 09,IX. Doenças do aparelho circulatório,72
351910,Cap 10,X. Doenças do aparelho respiratório,130
351910,Cap 11,XI. Doenças do aparelho digestivo,65
351910,Cap 12,XII. Doenças da pele e do tecido subcutâneo,21
351910,Cap 13,XIII. Doenças osteomusculares e do tecido conjuntivo,13
351910,Cap 14,XIV. Doenças do aparelho geniturinário,71
351910,Cap 15,"XV. Gravidez, parto e puerpério",85
351910,Cap 16,XVI. Afecções originadas no período perinatal,3
351910,Cap 17,XVII. Malformações congênitas e anomalias cromossômicas,1
351910,Cap 18,XVIII. Sintomas e achados anormais não classificados,41
351910,Cap 19,XIX. Lesões e envenenamentos por causas externas,145
351910,Cap 21,XXI. Contatos com serviços de saúde,2
351930,Cap 01,I. Doenças infecciosas e parasitárias,121
351930,Cap 02,II. Neoplasias (tumores),23
351930,Cap 03,III. Doenças do sangue e transtornos imunitários,2
351930,Cap 04,"IV. Doenças endócrinas, nutricionais e metabólicas",13
351930,Cap 05,V. Transtornos mentais e comportamentais,42
351930,Cap 06,VI. Doenças do sistema nervoso,12
351930,Cap 08,VIII. Doenças do ouvido e da apófise mastóide,2
351930,Cap 09,IX. Doenças do aparelho circulatório,89
351930,Cap 10,X. Doenças do aparelho respiratório,101
351930,Cap 11,XI. Doenças do aparelho digestivo,120
351930,Cap 12,XII. Doenças da pele e do tecido subcutâneo,24
351930,Cap 13,XIII. Doenças osteomusculares e do tecido conjuntivo,3
351930,Cap 14,XIV. Doenças do aparelho geniturinário,72
351930,Cap 15,"XV. Gravidez, parto e puerpério",265
351930,Cap 16,XVI. Afecções originadas no período perinatal,10
351930,Cap 17,XVII. Malformações congênitas e anomalias cromossômicas,18
351930,Cap 18,XVIII. Sintomas e achados anormais não classificados,3
351930,Cap 19,XIX. Lesões e envenenamentos por causas externas,18
351930,Cap 21,XXI. Contatos com serviços de saúde,20
351940,Cap 01,I. Doenças infecciosas e parasitárias,91
351940,Cap 02,II. Neoplasias (tumores),2
351940,Cap 03,III. Doenças do sangue e transtornos imunitários,4
351940,Cap 04,"IV. Doenças endócrinas, nutricionais e metabólicas",31
351940,Cap 05,V. Transtornos mentais e comportamentais,3
351940,Cap 08,VIII. Doenças do ouvido e da apófise mastóide,1
351940,Cap 09,IX. Doenças do aparelho circulatório,11
351940,Cap 10,X. Doenças do aparelho respiratório,132
351940,Cap 11,XI. Doenças do aparelho digestivo,24
351940,Cap 12,XII. Doenças da pele e do tecido subcutâneo,2
351940,Cap 13,XIII. Doenças osteomusculares e do tecido conjuntivo,3
351940,Cap 14,XIV. Doenças do aparelho geniturinário,94
351940,Cap 18,XVIII. Sintomas e achados anormais não classificados,13
351940,Cap 19,XIX. Lesões e envenenamentos por causas externas,4
351960,Cap 01,I. Doenças infecciosas e parasitárias,338
351960,Cap 02,II. Neoplasias (tumores),112
351960,Cap 03,III. Doenças do sangue e transtornos imunitários,29
351960,Cap 04,"IV. Doenças endócrinas, nutricionais e metabólicas",107
351960,Cap 05,V. Transtornos mentais e comportamentais,267
351960,Cap 06,VI. Doenças do sistema nervoso,94
351960,Cap 07,VII. Doenças do olho e anexos,2
351960,Cap 08,VIII. Doenças do ouvido e da apófise mastóide,2
351960,Cap 09,IX. Doenças do aparelho circulatório,409
351960,Cap 10,X. Doenças do aparelho respiratório,507
351960,Cap 11,XI. Doenças do aparelho digestivo,461
351960,Cap 12,XII. Doenças da pele e do tecido subcutâneo,91
351960,Cap 13,XIII. Doenças osteomusculares e do tecido conjuntivo,226
351960,Cap 14,XIV. Doenças do aparelho geniturinário,366
351960,Cap 15,"XV. Gravidez, parto e puerpério",785
351960,Cap 16,XVI. Afecções originadas no período perinatal,6
351960,Cap 17,XVII. Malformações congênitas e anomalias cromossômicas,7
351960,Cap 18,XVIII. Sintomas e achados anormais não classificados,60
351960,Cap 19,XIX. Lesões e envenenamentos por causas externas,1112
351960,Cap 21,XXI. Contatos com serviços de saúde,69
351970,Cap 01,I. Doenças infecciosas e parasitárias,330
351970,Cap 02,II. Neoplasias (tumores),114
351970,Cap 03,III. Doenças do sangue e transtornos imunitários,60
351970,Cap 04,"IV. Doenças endócrinas, nutricionais e metabólicas",58
351970,Cap 05,V. Transtornos mentais e comportamentais,74
351970,Cap 06,VI. Doenças do sistema nervoso,32
351970,Cap 07,VII. Doenças do olho e anexos,24
351970,Cap 08,VIII. Doenças do ouvido e da apófise mastóide,8
351970,Cap 09,IX. Doenças do aparelho circulatório,303
351970,Cap 10,X. Doenças do aparelho respiratório,413
351970,Cap 11,XI. Doenças do aparelho digestivo,439
351970,Cap 12,XII. Doenças da pele e do tecido subcutâneo,187
351970,Cap 13,XIII. Doenças osteomusculares e do tecido conjuntivo,43
351970,Cap 14,XIV. Doenças do aparelho geniturinário,456
351970,Cap 15,"XV. Gravidez, parto e puerpério",609
351970,Cap 16,XVI. Afecções originadas no período perinatal,1
351970,Cap 17,XVII. Malformações congênitas e anomalias cromossômicas,3
351970,Cap 18,XVIII. Sintomas e achados anormais não classificados,292
351970,Cap 19,XIX. Lesões e envenenamentos por causas externas,760
351970,Cap 21,XXI. Contatos com serviços de saúde,95
351990,Cap 01,I. Doenças infecciosas e parasitárias,44
351990,Cap 02,II. Neoplasias (tumores),15
351990,Cap 03,III. Doenças do sangue e transtornos imunitários,13
351990,Cap 04,"IV. Doenças endócrinas, nutricionais e metabólicas",44
351990,Cap 05,V. Transtornos mentais e comportamentais,38
351990,Cap 06,VI. Doenças do sistema nervoso,9
351990,Cap 08,VIII. Doenças do ouvido e da apófise mastóide,5
351990,Cap 09,IX. Doenças do aparelho circulatório,73
351990,Cap 10,X. Doenças do aparelho respiratório,130
351990,Cap 11,XI. Doenças do aparelho digestivo,59
351990,Cap 12,XII. Doenças da pele e do tecido subcutâneo,47
351990,Cap 13,XIII. Doenças osteomusculares e do tecido conjuntivo,15
351990,Cap 14,XIV. Doenças do aparelho geniturinário,145
351990,Cap 15,"XV. Gravidez, parto e puerpério",5
351990,Cap 16,XVI. Afecções originadas no período perinatal,9
351990,Cap 18,XVIII. Sintomas e achados anormais não classificados,6
351990,Cap 19,XIX. Lesões e envenenamentos por causas externas,54
351990,Cap 21,XXI. Contatos com serviços de saúde,5
352010,Cap 01,I. Doenças infecciosas e parasitárias,38
352010,Cap 02,II. Neoplasias (tumores),64
352010,Cap 03,III. Doenças do sangue e transtornos imunitários,10
352010,Cap 04,"IV. Doenças endócrinas, nutricionais e metabólicas",47
352010,Cap 05,V. Transtornos mentais e comportamentais,145
352010,Cap 06,VI. Doenças do sistema nervoso,31
352010,Cap 07,VII. Doenças do olho e anexos,1
352010,Cap 09,IX. Doenças do aparelho circulatório,88
352010,Cap 10,X. Doenças do aparelho respiratório,237
352010,Cap 11,XI. Doenças do aparelho digestivo,214
352010,Cap 12,XII. Doenças da pele e do tecido subcutâneo,44
352010,Cap 13,XIII. Doenças osteomusculares e do tecido conjuntivo,52
352010,Cap 14,XIV. Doenças do aparelho geniturinário,140
352010,Cap 15,"XV. Gravidez, parto e puerpério",116
352010,Cap 16,XVI. Afecções originadas no período perinatal,8
352010,Cap 17,XVII. Malformações congênitas e anomalias cromossômicas,1
352010,Cap 18,XVIII. Sintomas e achados anormais não classificados,9
352010,Cap 19,XIX. Lesões e envenenamentos por causas externas,110
352010,Cap 21,XXI. Contatos com serviços de saúde,24
352040,Cap 01,I. Doenças infecciosas e parasitárias,148
352040,Cap 02,II. Neoplasias (tumores),87
352040,Cap 03,III. Doenças do sangue e transtornos imunitários,50
352040,Cap 04,"IV. Doenças endócrinas, nutricionais e metabólicas",30
352040,Cap 05,V. Transtornos mentais e comportamentais,173
352040,Cap 06,VI. Doenças do sistema nervoso,33
352040,Cap 08,VIII. Doenças do ouvido e da apófise mastóide,8
352040,Cap 09,IX. Doenças do aparelho circulatório,208
352040,Cap 10,X. Doenças do aparelho respiratório,300
352040,Cap 11,XI. Doenças do aparelho digestivo,441
352040,Cap 12,XII. Doenças da pele e do tecido subcutâneo,45
352040,Cap 13,XIII. Doenças osteomusculares e do tecido conjuntivo,103
352040,Cap 14,XIV. Doenças do aparelho geniturinário,225
352040,Cap 15,"XV. Gravidez, parto e puerpério",507
352040,Cap 16,XVI. Afecções originadas no período perinatal,31
352040,Cap 17,XVII. Malformações congênitas e anomalias cromossômicas,10
352040,Cap 18,XVIII. Sintomas e achados anormais não classificados,48
352040,Cap 19,XIX. Lesões e envenenamentos por causas externas,236
352040,Cap 21,XXI. Contatos com serviços de saúde,139
352044,Cap 01,I. Doenças infecciosas e parasitárias,93
352044,Cap 02,II. Neoplasias (tumores),32
352044,Cap 03,III. Doenças do sangue e transtornos imunitários,51
352044,Cap 04,"IV. Doenças endócrinas, nutricionais e metabólicas",53
352044,Cap 05,V. Transtornos mentais e comportamentais,58
352044,Cap 06,VI. Doenças do sistema nervoso,29
352044,Cap 08,VIII. Doenças do ouvido e da apófise mastóide,5
352044,Cap 09,IX. Doenças do aparelho circulatório,164
352044,Cap 10,X. Doenças do aparelho respiratório,701
352044,Cap 11,XI. Doenças do aparelho digestivo,502
352044,Cap 12,XII. Doenças da pele e do tecido subcutâneo,70
352044,Cap 13,XIII. Doenças osteomusculares e do tecido conjuntivo,39
352044,Cap 14,XIV. Doenças do aparelho geniturinário,302
352044,Cap 15,"XV. Gravidez, parto e puerpério",233
352044,Cap 16,XVI. Afecções originadas no período perinatal,36
352044,Cap 17,XVII. Malformações congênitas e anomalias cromossômicas,1
352044,Cap 18,XVIII. Sintomas e achados anormais não classificados,48
352044,Cap 19,XIX. Lesões e envenenamentos por causas externas,222
352044,Cap 21,XXI. Contatos com serviços de saúde,115
352050,Cap 01,I. Doenças infecciosas e parasitárias,712
352050,Cap 02,II. Neoplasias (tumores),2009
352050,Cap 03,III. Doenças do sangue e transtornos imunitários,80
352050,Cap 04,"IV. Doenças endócrinas, nutricionais e metabólicas",300
352050,Cap 05,V. Transtornos mentais e comportamentais,348
352050,Cap 06,VI. Doenças do sistema nervoso,535
352050,Cap 07,VII. Doenças do olho e anexos,932
352050,Cap 08,VIII. Doenças do ouvido e da apófise mastóide,29
352050,Cap 09,IX. Doenças do aparelho circulatório,2046
352050,Cap 10,X. Doenças do aparelho respiratório,1234
352050,Cap 11,XI. Doenças do aparelho digestivo,3043
352050,Cap 12,XII. Doenças da pele e do tecido subcutâneo,249
352050,Cap 13,XIII. Doenças osteomusculares e do tecido conjuntivo,552
352050,Cap 14,XIV. Doenças do aparelho geniturinário,1981
352050,Cap 15,"XV. Gravidez, parto e puerpério",2882
352050,Cap 16,XVI. Afecções originadas no período perinatal,290
352050,Cap 17,XVII. Malformações congênitas e anomalias cromossômicas,81
352050,Cap 18,XVIII. Sintomas e achados anormais não classificados,1214
352050,Cap 19,XIX. Lesões e envenenamentos por causas externas,3270
352050,Cap 21,XXI. Contatos com serviços de saúde,958
352070,Cap 01,I. Doenças infecciosas e parasitárias,19
352070,Cap 02,II. Neoplasias (tumores),8
352070,Cap 03,III. Doenças do sangue e transtornos imunitários,13
352070,Cap 04,"IV. Doenças endócrinas, nutricionais e metabólicas",14
352070,Cap 05,V. Transtornos mentais e comportamentais,2
352070,Cap 06,VI. Doenças do sistema nervoso,9
352070,Cap 08,VIII. Doenças do ouvido e da apófise mastóide,1
352070,Cap 09,IX. Doenças do aparelho circulatório,20
352070,Cap 10,X. Doenças do aparelho respiratório,66
352070,Cap 11,XI. Doenças do aparelho digestivo,74
352070,Cap 12,XII. Doenças da pele e do tecido subcutâneo,10
352070,Cap 13,XIII. Doenças osteomusculares e do tecido conjuntivo,20
352070,Cap 14,XIV. Doenças do aparelho geniturinário,113
352070,Cap 16,XVI. Afecções originadas no período perinatal,1
352070,Cap 18,XVIII. Sintomas e achados anormais não classificados,5
352070,Cap 19,XIX. Lesões e envenenamentos por causas externas,6
352070,Cap 21,XXI. Contatos com serviços de saúde,3
352090,Cap 01,I. Doenças infecciosas e parasitárias,21
352090,Cap 02,II. Neoplasias (tumores),6
352090,Cap 03,III. Doenças do sangue e transtornos imunitários,44
352090,Cap 04,"IV. Doenças endócrinas, nutricionais e metabólicas",45
352090,Cap 05,V. Transtornos mentais e comportamentais,45
352090,Cap 06,VI. Doenças do sistema nervoso,7
352090,Cap 08,VIII. Doenças do ouvido e da apófise mastóide,3
352090,Cap 09,IX. Doenças do aparelho circulatório,117
352090,Cap 10,X. Doenças do aparelho respiratório,158
352090,Cap 11,XI. Doenças do aparelho digestivo,75
352090,Cap 12,XII. Doenças da pele e do tecido subcutâneo,8
352090,Cap 13,XIII. Doenças osteomusculares e do tecido conjuntivo,14
352090,Cap 14,XIV. Doenças do aparelho geniturinário,105
352090,Cap 15,"XV. Gravidez, parto e puerpério",105
352090,Cap 16,XVI. Afecções originadas no período perinatal,37
352090,Cap 17,XVII. Malformações congênitas e anomalias cromossômicas,1
352090,Cap 18,XVIII. Sintomas e achados anormais não classificados,1
352090,Cap 19,XIX. Lesões e envenenamentos por causas externas,18
352090,Cap 21,XXI. Contatos com serviços de saúde,32
352130,Cap 01,I. Doenças infecciosas e parasitárias,28
352130,Cap 02,II. Neoplasias (tumores),174
352130,Cap 03,III. Doenças do sangue e transtornos imunitários,20
352130,Cap 04,"IV. Doenças endócrinas, nutricionais e metabólicas",28
352130,Cap 05,V. Transtornos mentais e comportamentais,86
352130,Cap 06,VI. Doenças do sistema nervoso,10
352130,Cap 09,IX. Doenças do aparelho circulatório,32
352130,Cap 10,X. Doenças do aparelho respiratório,118
352130,Cap 11,XI. Doenças do aparelho digestivo,89
352130,Cap 12,XII. Doenças da pele e do tecido subcutâneo,242
352130,Cap 13,XIII. Doenças osteomusculares e do tecido conjuntivo,7
352130,Cap 14,XIV. Doenças do aparelho geniturinário,77
352130,Cap 15,"XV. Gravidez, parto e puerpério",80
352130,Cap 16,XVI. Afecções originadas no período perinatal,14
352130,Cap 17,XVII. Malformações congênitas e anomalias cromossômicas,19
352130,Cap 18,XVIII. Sintomas e achados anormais não classificados,6
352130,Cap 19,XIX. Lesões e envenenamentos por causas externas,35
352130,Cap 21,XXI. Contatos com serviços de saúde,24
352170,Cap 01,I. Doenças infecciosas e parasitárias,38
352170,Cap 02,II. Neoplasias (tumores),44
352170,Cap 03,III. Doenças do sangue e transtornos imunitários,36
352170,Cap 04,"IV. Doenças endócrinas, nutricionais e metabólicas",22
352170,Cap 05,V. Transtornos mentais e comportamentais,18
352170,Cap 06,VI. Doenças do sistema nervoso,22
352170,Cap 08,VIII. Doenças do ouvido e da apófise mastóide,4
352170,Cap 09,IX. Doenças do aparelho circulatório,128
352170,Cap 10,X. Doenças do aparelho respiratório,272
352170,Cap 11,XI. Doenças do aparelho digestivo,80
352170,Cap 12,XII. Doenças da pele e do tecido subcutâneo,40
352170,Cap 13,XIII. Doenças osteomusculares e do tecido conjuntivo,31
352170,Cap 14,XIV. Doenças do aparelho geniturinário,117
352170,Cap 15,"XV. Gravidez, parto e puerpério",144
352170,Cap 16,XVI. Afecções originadas no período perinatal,8
352170,Cap 17,XVII. Malformações congênitas e anomalias cromossômicas,3
352170,Cap 18,XVIII. Sintomas e achados anormais não classificados,15
352170,Cap 19,XIX. Lesões e envenenamentos por causas externas,24
352170,Cap 21,XXI. Contatos com serviços de saúde,3
352180,Cap 01,I. Doenças infecciosas e parasitárias,34
352180,Cap 02,II. Neoplasias (tumores),10
352180,Cap 03,III. Doenças do sangue e transtornos imunitários,20
352180,Cap 04,"IV. Doenças endócrinas, nutricionais e metabólicas",35
352180,Cap 05,V. Transtornos mentais e comportamentais,46
352180,Cap 06,VI. Doenças do sistema nervoso,7
352180,Cap 08,VIII. Doenças do ouvido e da apófise mastóide,1
352180,Cap 09,IX. Doenças do aparelho circulatório,98
352180,Cap 10,X. Doenças do aparelho respiratório,224
352180,Cap 11,XI. Doenças do aparelho digestivo,120
352180,Cap 12,XII. Doenças da pele e do tecido subcutâneo,37
352180,Cap 13,XIII. Doenças osteomusculares e do tecido conjuntivo,7
352180,Cap 14,XIV. Doenças do aparelho geniturinário,105
352180,Cap 15,"XV. Gravidez, parto e puerpério",209
352180,Cap 16,XVI. Afecções originadas no período perinatal,2
352180,Cap 18,XVIII. Sintomas e achados anormais não classificados,7
352180,Cap 19,XIX. Lesões e envenenamentos por causas externas,33
352180,Cap 21,XXI. Contatos com serviços de saúde,29
352190,Cap 01,I. Doenças infecciosas e parasitárias,28
352190,Cap 02,II. Neoplasias (tumores),21
352190,Cap 03,III. Doenças do sangue e transtornos imunitários,10
352190,Cap 04,"IV. Doenças endócrinas, nutricionais e metabólicas",43
352190,Cap 05,V. Transtornos mentais e comportamentais,35
352190,Cap 06,VI. Doenças do sistema nervoso,79
352190,Cap 09,IX. Doenças do aparelho circulatório,58
352190,Cap 10,X. Doenças do aparelho respiratório,235
352190,Cap 11,XI. Doenças do aparelho digestivo,15
352190,Cap 12,XII. Doenças da pele e do tecido subcutâneo,22
352190,Cap 13,XIII. Doenças osteomusculares e do tecido conjuntivo,41
352190,Cap 14,XIV. Doenças do aparelho geniturinário,161
352190,Cap 19,XIX. Lesões e envenenamentos por causas externas,3
352210,Cap 01,I. Doenças infecciosas e parasitárias,399
352210,Cap 02,II. Neoplasias (tumores),230
352210,Cap 03,III. Doenças do sangue e transtornos imunitários,196
352210,Cap 04,"IV. Doenças endócrinas, nutricionais e metabólicas",65
352210,Cap 05,V. Transtornos mentais e comportamentais,8
352210,Cap 06,VI. Doenças do sistema nervoso,48
352210,Cap 07,VII. Doenças do olho e anexos,7
352210,Cap 08,VIII. Doenças do ouvido e da apófise mastóide,2
352210,Cap 09,IX. Doenças do aparelho circulatório,855
352210,Cap 10,X. Doenças do aparelho respiratório,564
352210,Cap 11,XI. Doenças do aparelho digestivo,1587
352210,Cap 12,XII. Doenças da pele e do tecido subcutâneo,86
352210,Cap 13,XIII. Doenças osteomusculares e do tecido conjuntivo,92
352210,Cap 14,XIV. Doenças do aparelho geniturinário,643
352210,Cap 15,"XV. Gravidez, parto e puerpério",3362
352210,Cap 16,XVI. Afecções originadas no período perinatal,1342
352210,Cap 17,XVII. Malformações congênitas e anomalias cromossômicas,57
352210,Cap 18,XVIII. Sintomas e achados anormais não classificados,176
352210,Cap 19,XIX. Lesões e envenenamentos por causas externas,1340
352210,Cap 21,XXI. Contatos com serviços de saúde,952
352220,Cap 01,I. Doenças infecciosas e parasitárias,670
352220,Cap 02,II. Neoplasias (tumores),790
352220,Cap 03,III. Doenças do sangue e transtornos imunitários,86
352220,Cap 04,"IV. Doenças endócrinas, nutricionais e metabólicas",406
352220,Cap 05,V. Transtornos mentais e comportamentais,24
352220,Cap 06,VI. Doenças do sistema nervoso,299
352220,Cap 07,VII. Doenças do olho e anexos,1450
352220,Cap 08,VIII. Doenças do ouvido e da apófise mastóide,7
352220,Cap 09,IX. Doenças do aparelho circulatório,1534
352220,Cap 10,X. Doenças do aparelho respiratório,1490
352220,Cap 11,XI. Doenças do aparelho digestivo,1844
352220,Cap 12,XII. Doenças da pele e do tecido subcutâneo,388
352220,Cap 13,XIII. Doenças osteomusculares e do tecido conjuntivo,385
352220,Cap 14,XIV. Doenças do aparelho geniturinário,959
352220,Cap 15,"XV. Gravidez, parto e puerpério",2752
352220,Cap 16,XVI. Afecções originadas no período perinatal,502
352220,Cap 17,XVII. Malformações congênitas e anomalias cromossômicas,212
352220,Cap 18,XVIII. Sintomas e achados anormais não classificados,246
352220,Cap 19,XIX. Lesões e envenenamentos por causas externas,2570
352220,Cap 21,XXI. Contatos com serviços de saúde,547
352230,Cap 01,I. Doenças infecciosas e parasitárias,543
352230,Cap 02,II. Neoplasias (tumores),225
352230,Cap 03,III. Doenças do sangue e transtornos imunitários,41
352230,Cap 04,"IV. Doenças endócrinas, nutricionais e metabólicas",152
352230,Cap 05,V. Transtornos mentais e comportamentais,29
352230,Cap 06,VI. Doenças do sistema nervoso,83
352230,Cap 07,VII. Doenças do olho e anexos,4
352230,Cap 08,VIII. Doenças do ouvido e da apófise mastóide,10
352230,Cap 09,IX. Doenças do aparelho circulatório,1157
352230,Cap 10,X. Doenças do aparelho respiratório,997
352230,Cap 11,XI. Doenças do aparelho digestivo,1506
352230,Cap 12,XII. Doenças da pele e do tecido subcutâneo,211
352230,Cap 13,XIII. Doenças osteomusculares e do tecido conjuntivo,92
352230,Cap 14,XIV. Doenças do aparelho geniturinário,751
352230,Cap 15,"XV. Gravidez, parto e puerpério",2204
352230,Cap 16,XVI. Afecções originadas no período perinatal,89
352230,Cap 17,XVII. Malformações congênitas e anomalias cromossômicas,19
352230,Cap 18,XVIII. Sintomas e achados anormais não classificados,65
352230,Cap 19,XIX. Lesões e envenenamentos por causas externas,1776
352230,Cap 21,XXI. Contatos com serviços de saúde,507
352240,Cap 01,I. Doenças infecciosas e parasitárias,389
352240,Cap 02,II. Neoplasias (tumores),917
352240,Cap 03,III. Doenças do sangue e transtornos imunitários,55
352240,Cap 04,"IV. Doenças endócrinas, nutricionais e metabólicas",156
352240,Cap 05,V. Transtornos mentais e comportamentais,17
352240,Cap 06,VI. Doenças do sistema nervoso,139
352240,Cap 08,VIII. Doenças do ouvido e da apófise mastóide,37
352240,Cap 09,IX. Doenças do aparelho circulatório,788
352240,Cap 10,X. Doenças do aparelho respiratório,1010
352240,Cap 11,XI. Doenças do aparelho digestivo,1217
352240,Cap 12,XII. Doenças da pele e do tecido subcutâneo,121
352240,Cap 13,XIII. Doenças osteomusculares e do tecido conjuntivo,142
352240,Cap 14,XIV. Doenças do aparelho geniturinário,637
352240,Cap 15,"XV. Gravidez, parto e puerpério",2090
352240,Cap 16,XVI. Afecções originadas no período perinatal,249
352240,Cap 17,XVII. Malformações congênitas e anomalias cromossômicas,31
352240,Cap 18,XVIII. Sintomas e achados anormais não classificados,160
352240,Cap 19,XIX. Lesões e envenenamentos por causas externas,1320
352240,Cap 21,XXI. Contatos com serviços de saúde,32
352250,Cap 01,I. Doenças infecciosas e parasitárias,331
352250,Cap 02,II. Neoplasias (tumores),314
352250,Cap 03,III. Doenças do sangue e transtornos imunitários,78
352250,Cap 04,"IV. Doenças endócrinas, nutricionais e metabólicas",92
352250,Cap 05,V. Transtornos mentais e comportamentais,157
352250,Cap 06,VI. Doenças do sistema nervoso,76
352250,Cap 08,VIII. Doenças do ouvido e da apófise mastóide,4
352250,Cap 09,IX. Doenças do aparelho circulatório,524
352250,Cap 10,X. Doenças do aparelho respiratório,1011
352250,Cap 11,XI. Doenças do aparelho digestivo,2140
352250,Cap 12,XII. Doenças da pele e do tecido subcutâneo,201
352250,Cap 13,XIII. Doenças osteomusculares e do tecido conjuntivo,73
352250,Cap 14,XIV. Doenças do aparelho geniturinário,1843
352250,Cap 15,"XV. Gravidez, parto e puerpério",4179
352250,Cap 16,XVI. Afecções originadas no período perinatal,1005
352250,Cap 17,XVII. Malformações congênitas e anomalias cromossômicas,108
352250,Cap 18,XVIII. Sintomas e achados anormais não classificados,135
352250,Cap 19,XIX. Lesões e envenenamentos por causas externas,1844
352250,Cap 21,XXI. Contatos com serviços de saúde,1703
352260,Cap 01,I. Doenças infecciosas e parasitárias,104
352260,Cap 02,II. Neoplasias (tumores),113
352260,Cap 03,III. Doenças do sangue e transtornos imunitários,7
352260,Cap 04,"IV. Doenças endócrinas, nutricionais e metabólicas",70
352260,Cap 05,V. Transtornos mentais e comportamentais,2635
352260,Cap 06,VI. Doenças do sistema nervoso,59
352260,Cap 08,VIII. Doenças do ouvido e da apófise mastóide,3
352260,Cap 09,IX. Doenças do aparelho circulatório,327
352260,Cap 10,X. Doenças do aparelho respiratório,431
352260,Cap 11,XI. Doenças do aparelho digestivo,399
352260,Cap 12,XII. Doenças da pele e do tecido subcutâneo,128
352260,Cap 13,XIII. Doenças osteomusculares e do tecido conjuntivo,84
352260,Cap 14,XIV. Doenças do aparelho geniturinário,288
352260,Cap 15,"XV. Gravidez, parto e puerpério",537
352260,Cap 16,XVI. Afecções originadas no período perinatal,98
352260,Cap 17,XVII. Malformações congênitas e anomalias cromossômicas,6
352260,Cap 18,XVIII. Sintomas e achados anormais não classificados,30
352260,Cap 19,XIX. Lesões e envenenamentos por causas externas,481
352260,Cap 21,XXI. Contatos com serviços de saúde,62
352270,Cap 01,I. Doenças infecciosas e parasitárias,214
352270,Cap 02,II. Neoplasias (tumores),103
352270,Cap 03,III. Doenças do sangue e transtornos imunitários,66
352270,Cap 04,"IV. Doenças endócrinas, nutricionais e metabólicas",155
352270,Cap 05,V. Transtornos mentais e comportamentais,2
352270,Cap 06,VI. Doenças do sistema nervoso,44
352270,Cap 08,VIII. Doenças do ouvido e da apófise mastóide,6
352270,Cap 09,IX. Doenças do aparelho circulatório,589
352270,Cap 10,X. Doenças do aparelho respiratório,853
352270,Cap 11,XI. Doenças do aparelho digestivo,290
352270,Cap 12,XII. Doenças da pele e do tecido subcutâneo,139
352270,Cap 13,XIII. Doenças osteomusculares e do tecido conjuntivo,106
352270,Cap 14,XIV. Doenças do aparelho geniturinário,425
352270,Cap 15,"XV. Gravidez, parto e puerpério",237
352270,Cap 16,XVI. Afecções originadas no período perinatal,18
352270,Cap 17,XVII. Malformações congênitas e anomalias cromossômicas,2
352270,Cap 18,XVIII. Sintomas e achados anormais não classificados,42
352270,Cap 19,XIX. Lesões e envenenamentos por causas externas,309
352270,Cap 21,XXI. Contatos com serviços de saúde,91
352280,Cap 01,I. Doenças infecciosas e parasitárias,28
352280,Cap 02,II. Neoplasias (tumores),38
352280,Cap 03,III. Doenças do sangue e transtornos imunitários,34
352280,Cap 04,"IV. Doenças endócrinas, nutricionais e metabólicas",20
352280,Cap 05,V. Transtornos mentais e comportamentais,59
352280,Cap 06,VI. Doenças do sistema nervoso,35
352280,Cap 09,IX. Doenças do aparelho circulatório,66
352280,Cap 10,X. Doenças do aparelho respiratório,211
352280,Cap 11,XI. Doenças do aparelho digestivo,114
352280,Cap 12,XII. Doenças da pele e do tecido subcutâneo,27
352280,Cap 13,XIII. Doenças osteomusculares e do tecido conjuntivo,17
352280,Cap 14,XIV. Doenças do aparelho geniturinário,101
352280,Cap 15,"XV. Gravidez, parto e puerpério",165
352280,Cap 16,XVI. Afecções originadas no período perinatal,24
352280,Cap 18,XVIII. Sintomas e achados anormais não classificados,58
352280,Cap 19,XIX. Lesões e envenenamentos por causas externas,67
352280,Cap 21,XXI. Contatos com serviços de saúde,27
352290,Cap 01,I. Doenças infecciosas e parasitárias,1
352290,Cap 09,IX. Doenças do aparelho circulatório,4
352290,Cap 10,X. Doenças do aparelho respiratório,2
352290,Cap 14,XIV. Doenças do aparelho geniturinário,2
352290,Cap 18,XVIII. Sintomas e achados anormais não classificados,1
352290,Cap 19,XIX. Lesões e envenenamentos por causas externas,1
352290,Cap 21,XXI. Contatos com serviços de saúde,1
352310,Cap 01,I. Doenças infecciosas e parasitárias,342
352310,Cap 02,II. Neoplasias (tumores),595
352310,Cap 03,III. Doenças do sangue e transtornos imunitários,130
352310,Cap 04,"IV. Doenças endócrinas, nutricionais e metabólicas",370
352310,Cap 05,V. Transtornos mentais e comportamentais,734
352310,Cap 06,VI. Doenças do sistema nervoso,197
352310,Cap 07,VII. Doenças do olho e anexos,1
352310,Cap 08,VIII. Doenças do ouvido e da apófise mastóide,4
352310,Cap 09,IX. Doenças do aparelho circulatório,1478
352310,Cap 10,X. Doenças do aparelho respiratório,812
352310,Cap 11,XI. Doenças do aparelho digestivo,3009
352310,Cap 12,XII. Doenças da pele e do tecido subcutâneo,242
352310,Cap 13,XIII. Doenças osteomusculares e do tecido conjuntivo,252
352310,Cap 14,XIV. Doenças do aparelho geniturinário,980
352310,Cap 15,"XV. Gravidez, parto e puerpério",3417
352310,Cap 16,XVI. Afecções originadas no período perinatal,459
352310,Cap 17,XVII. Malformações congênitas e anomalias cromossômicas,16
352310,Cap 18,XVIII. Sintomas e achados anormais não classificados,31
352310,Cap 19,XIX. Lesões e envenenamentos por causas externas,2072
352320,Cap 01,I. Doenças infecciosas e parasitárias,231
352320,Cap 02,II. Neoplasias (tumores),112
352320,Cap 03,III. Doenças do sangue e transtornos imunitários,72
352320,Cap 04,"IV. Doenças endócrinas, nutricionais e metabólicas",49
352320,Cap 05,V. Transtornos mentais e comportamentais,85
352320,Cap 06,VI. Doenças do sistema nervoso,78
352320,Cap 07,VII. Doenças do olho e anexos,1
352320,Cap 08,VIII. Doenças do ouvido e da apófise mastóide,8
352320,Cap 09,IX. Doenças do aparelho circulatório,419
352320,Cap 10,X. Doenças do aparelho respiratório,467
352320,Cap 11,XI. Doenças do aparelho digestivo,390
352320,Cap 12,XII. Doenças da pele e do tecido subcutâneo,375
352320,Cap 13,XIII. Doenças osteomusculares e do tecido conjuntivo,149
352320,Cap 14,XIV. Doenças do aparelho geniturinário,308
352320,Cap 15,"XV. Gravidez, parto e puerpério",521
352320,Cap 16,XVI. Afecções originadas no período perinatal,45
352320,Cap 17,XVII. Malformações congênitas e anomalias cromossômicas,11
352320,Cap 18,XVIII. Sintomas e achados anormais não classificados,31
352320,Cap 19,XIX. Lesões e envenenamentos por causas externas,711
352320,Cap 21,XXI. Contatos com serviços de saúde,107
352340,Cap 01,I. Doenças infecciosas e parasitárias,438
352340,Cap 02,II. Neoplasias (tumores),723
352340,Cap 03,III. Doenças do sangue e transtornos imunitários,74
352340,Cap 04,"IV. Doenças endócrinas, nutricionais e metabólicas",121
352340,Cap 05,V. Transtornos mentais e comportamentais,15
352340,Cap 06,VI. Doenças do sistema nervoso,118
352340,Cap 07,VII. Doenças do olho e anexos,3
352340,Cap 08,VIII. Doenças do ouvido e da apófise mastóide,4
352340,Cap 09,IX. Doenças do aparelho circulatório,654
352340,Cap 10,X. Doenças do aparelho respiratório,484
352340,Cap 11,XI. Doenças do aparelho digestivo,619
352340,Cap 12,XII. Doenças da pele e do tecido subcutâneo,92
352340,Cap 13,XIII. Doenças osteomusculares e do tecido conjuntivo,188
352340,Cap 14,XIV. Doenças do aparelho geniturinário,1146
352340,Cap 15,"XV. Gravidez, parto e puerpério",994
352340,Cap 16,XVI. Afecções originadas no período perinatal,65
352340,Cap 17,XVII. Malformações congênitas e anomalias cromossômicas,12
352340,Cap 18,XVIII. Sintomas e achados anormais não classificados,274
352340,Cap 19,XIX. Lesões e envenenamentos por causas externas,780
352340,Cap 21,XXI. Contatos com serviços de saúde,233
352350,Cap 01,I. Doenças infecciosas e parasitárias,27
352350,Cap 02,II. Neoplasias (tumores),2
352350,Cap 03,III. Doenças do sangue e transtornos imunitários,10
352350,Cap 04,"IV. Doenças endócrinas, nutricionais e metabólicas",24
352350,Cap 05,V. Transtornos mentais e comportamentais,5
352350,Cap 06,VI. Doenças do sistema nervoso,4
352350,Cap 08,VIII. Doenças do ouvido e da apófise mastóide,2
352350,Cap 09,IX. Doenças do aparelho circulatório,43
352350,Cap 10,X. Doenças do aparelho respiratório,75
352350,Cap 11,XI. Doenças do aparelho digestivo,12
352350,Cap 12,XII. Doenças da pele e do tecido subcutâneo,25
352350,Cap 14,XIV. Doenças do aparelho geniturinário,34
352350,Cap 18,XVIII. Sintomas e achados anormais não classificados,2
352350,Cap 19,XIX. Lesões e envenenamentos por causas externas,37
352360,Cap 01,I. Doenças infecciosas e parasitárias,6
352360,Cap 02,II. Neoplasias (tumores),2
352360,Cap 03,III. Doenças do sangue e transtornos imunitários,3
352360,Cap 04,"IV. Doenças endócrinas, nutricionais e metabólicas",5
352360,Cap 06,VI. Doenças do sistema nervoso,1
352360,Cap 09,IX. Doenças do aparelho circulatório,26
352360,Cap 10,X. Doenças do aparelho respiratório,45
352360,Cap 11,XI. Doenças do aparelho digestivo,5
352360,Cap 12,XII. Doenças da pele e do tecido subcutâneo,6
352360,Cap 13,XIII. Doenças osteomusculares e do tecido conjuntivo,2
352360,Cap 14,XIV. Doenças do aparelho geniturinário,18
352360,Cap 18,XVIII. Sintomas e achados anormais não classificados,3
352360,Cap 19,XIX. Lesões e envenenamentos por causas externas,1
352390,Cap 01,I. Doenças infecciosas e parasitárias,403
352390,Cap 02,II. Neoplasias (tumores),156
352390,Cap 03,III. Doenças do sangue e transtornos imunitários,118
352390,Cap 04,"IV. Doenças endócrinas, nutricionais e metabólicas",129
352390,Cap 05,V. Transtornos mentais e comportamentais,28
352390,Cap 06,VI. Doenças do sistema nervoso,137
352390,Cap 07,VII. Doenças do olho e anexos,29
352390,Cap 08,VIII. Doenças do ouvido e da apófise mastóide,16
352390,Cap 09,IX. Doenças do aparelho circulatório,798
352390,Cap 10,X. Doenças do aparelho respiratório,741
352390,Cap 11,XI. Doenças do aparelho digestivo,1480
352390,Cap 12,XII. Doenças da pele e do tecido subcutâneo,176
352390,Cap 13,XIII. Doenças osteomusculares e do tecido conjuntivo,148
352390,Cap 14,XIV. Doenças do aparelho geniturinário,738
352390,Cap 15,"XV. Gravidez, parto e puerpério",1603
352390,Cap 16,XVI. Afecções originadas no período perinatal,332
352390,Cap 17,XVII. Malformações congênitas e anomalias cromossômicas,64
352390,Cap 18,XVIII. Sintomas e achados anormais não classificados,170
352390,Cap 19,XIX. Lesões e envenenamentos por causas externas,1048
352390,Cap 21,XXI. Contatos com serviços de saúde,135
352400,Cap 01,I. Doenças infecciosas e parasitárias,60
352400,Cap 02,II. Neoplasias (tumores),34
352400,Cap 03,III. Doenças do sangue e transtornos imunitários,12
352400,Cap 04,"IV. Doenças endócrinas, nutricionais e metabólicas",60
352400,Cap 05,V. Transtornos mentais e comportamentais,146
352400,Cap 06,VI. Doenças do sistema nervoso,36
352400,Cap 08,VIII. Doenças do ouvido e da apófise mastóide,8
352400,Cap 09,IX. Doenças do aparelho circulatório,221
352400,Cap 10,X. Doenças do aparelho respiratório,333
352400,Cap 11,XI. Doenças do aparelho digestivo,176
352400,Cap 12,XII. Doenças da pele e do tecido subcutâneo,72
352400,Cap 13,XIII. Doenças osteomusculares e do tecido conjuntivo,9
352400,Cap 14,XIV. Doenças do aparelho geniturinário,185
352400,Cap 15,"XV. Gravidez, parto e puerpério",436
352400,Cap 16,XVI. Afecções originadas no período perinatal,34
352400,Cap 18,XVIII. Sintomas e achados anormais não classificados,8
352400,Cap 19,XIX. Lesões e envenenamentos por causas externas,329
352400,Cap 21,XXI. Contatos com serviços de saúde,44
352410,Cap 01,I. Doenças infecciosas e parasitárias,161
352410,Cap 02,II. Neoplasias (tumores),94
352410,Cap 03,III. Doenças do sangue e transtornos imunitários,39
352410,Cap 04,"IV. Doenças endócrinas, nutricionais e metabólicas",63
352410,Cap 05,V. Transtornos mentais e comportamentais,106
352410,Cap 06,VI. Doenças do sistema nervoso,33
352410,Cap 07,VII. Doenças do olho e anexos,3
352410,Cap 08,VIII. Doenças do ouvido e da apófise mastóide,5
352410,Cap 09,IX. Doenças do aparelho circulatório,407
352410,Cap 10,X. Doenças do aparelho respiratório,541
352410,Cap 11,XI. Doenças do aparelho digestivo,441
352410,Cap 12,XII. Doenças da pele e do tecido subcutâneo,87
352410,Cap 13,XIII. Doenças osteomusculares e do tecido conjuntivo,172
352410,Cap 14,XIV. Doenças do aparelho geniturinário,571
352410,Cap 15,"XV. Gravidez, parto e puerpério",396
352410,Cap 16,XVI. Afecções originadas no período perinatal,44
352410,Cap 17,XVII. Malformações congênitas e anomalias cromossômicas,5
352410,Cap 18,XVIII. Sintomas e achados anormais não classificados,85
352410,Cap 19,XIX. Lesões e envenenamentos por causas externas,384
352410,Cap 21,XXI. Contatos com serviços de saúde,49
352420,Cap 01,I. Doenças infecciosas e parasitárias,8
352420,Cap 04,"IV. Doenças endócrinas, nutricionais e metabólicas",1
352420,Cap 06,VI. Doenças do sistema nervoso,2
352420,Cap 09,IX. Doenças do aparelho circulatório,5
352420,Cap 10,X. Doenças do aparelho respiratório,17
352420,Cap 11,XI. Doenças do aparelho digestivo,4
352420,Cap 12,XII. Doenças da pele e do tecido subcutâneo,1
352420,Cap 14,XIV. Doenças do aparelho geniturinário,18
352430,Cap 01,I. Doenças infecciosas e parasitárias,37
352430,Cap 02,II. Neoplasias (tumores),18
352430,Cap 03,III. Doenças do sangue e transtornos imunitários,30
352430,Cap 04,"IV. Doenças endócrinas, nutricionais e metabólicas",35
352430,Cap 05,V. Transtornos mentais e comportamentais,1
352430,Cap 06,VI. Doenças do sistema nervoso,36
352430,Cap 07,VII. Doenças do olho e anexos,6
352430,Cap 08,VIII. Doenças do ouvido e da apófise mastóide,3
352430,Cap 09,IX. Doenças do aparelho circulatório,184
352430,Cap 10,X. Doenças do aparelho respiratório,321
352430,Cap 11,XI. Doenças do aparelho digestivo,475
352430,Cap 12,XII. Doenças da pele e do tecido subcutâneo,40
352430,Cap 13,XIII. Doenças osteomusculares e do tecido conjuntivo,39
352430,Cap 14,XIV. Doenças do aparelho geniturinário,235
352430,Cap 15,"XV. Gravidez, parto e puerpério",412
352430,Cap 16,XVI. Afecções originadas no período perinatal,37
352430,Cap 17,XVII. Malformações congênitas e anomalias cromossômicas,3
352430,Cap 18,XVIII. Sintomas e achados anormais não classificados,58
352430,Cap 19,XIX. Lesões e envenenamentos por causas externas,255
352430,Cap 21,XXI. Contatos com serviços de saúde,24
352440,Cap 01,I. Doenças infecciosas e parasitárias,802
352440,Cap 02,II. Neoplasias (tumores),2599
352440,Cap 03,III. Doenças do sangue e transtornos imunitários,127
352440,Cap 04,"IV. Doenças endócrinas, nutricionais e metabólicas",225
352440,Cap 05,V. Transtornos mentais e comportamentais,841
352440,Cap 06,VI. Doenças do sistema nervoso,247
352440,Cap 07,VII. Doenças do olho e anexos,31
352440,Cap 08,VIII. Doenças do ouvido e da apófise mastóide,10
352440,Cap 09,IX. Doenças do aparelho circulatório,1170
352440,Cap 10,X. Doenças do aparelho respiratório,945
352440,Cap 11,XI. Doenças do aparelho digestivo,1883
352440,Cap 12,XII. Doenças da pele e do tecido subcutâneo,223
352440,Cap 13,XIII. Doenças osteomusculares e do tecido conjuntivo,203
352440,Cap 14,XIV. Doenças do aparelho geniturinário,1267
352440,Cap 15,"XV. Gravidez, parto e puerpério",2016
352440,Cap 16,XVI. Afecções originadas no período perinatal,464
352440,Cap 17,XVII. Malformações congênitas e anomalias cromossômicas,51
352440,Cap 18,XVIII. Sintomas e achados anormais não classificados,182
352440,Cap 19,XIX. Lesões e envenenamentos por causas externas,1522
352440,Cap 21,XXI. Contatos com serviços de saúde,358
352450,Cap 01,I. Doenças infecciosas e parasitárias,5
352450,Cap 03,III. Doenças do sangue e transtornos imunitários,2
352450,Cap 04,"IV. Doenças endócrinas, nutricionais e metabólicas",114
352450,Cap 05,V. Transtornos mentais e comportamentais,7
352450,Cap 06,VI. Doenças do sistema nervoso,122
352450,Cap 09,IX. Doenças do aparelho circulatório,168
352450,Cap 10,X. Doenças do aparelho respiratório,87
352450,Cap 11,XI. Doenças do aparelho digestivo,87
352450,Cap 12,XII. Doenças da pele e do tecido subcutâneo,27
352450,Cap 13,XIII. Doenças osteomusculares e do tecido conjuntivo,7
352450,Cap 14,XIV. Doenças do aparelho geniturinário,61
352450,Cap 18,XVIII. Sintomas e achados anormais não classificados,12
352450,Cap 19,XIX. Lesões e envenenamentos por causas externas,2
352470,Cap 01,I. Doenças infecciosas e parasitárias,82
352470,Cap 02,II. Neoplasias (tumores),196
352470,Cap 03,III. Doenças do sangue e transtornos imunitários,19
352470,Cap 04,"IV. Doenças endócrinas, nutricionais e metabólicas",69
352470,Cap 05,V. Transtornos mentais e comportamentais,26
352470,Cap 06,VI. Doenças do sistema nervoso,45
352470,Cap 08,VIII. Doenças do ouvido e da apófise mastóide,11
352470,Cap 09,IX. Doenças do aparelho circulatório,369
352470,Cap 10,X. Doenças do aparelho respiratório,363
352470,Cap 11,XI. Doenças do aparelho digestivo,593
352470,Cap 12,XII. Doenças da pele e do tecido subcutâneo,84
352470,Cap 13,XIII. Doenças osteomusculares e do tecido conjuntivo,69
352470,Cap 14,XIV. Doenças do aparelho geniturinário,486
352470,Cap 15,"XV. Gravidez, parto e puerpério",807
352470,Cap 16,XVI. Afecções originadas no período perinatal,57
352470,Cap 17,XVII. Malformações congênitas e anomalias cromossômicas,16
352470,Cap 18,XVIII. Sintomas e achados anormais não classificados,95
352470,Cap 19,XIX. Lesões e envenenamentos por causas externas,356
352470,Cap 21,XXI. Contatos com serviços de saúde,182
352480,Cap 01,I. Doenças infecciosas e parasitárias,639
352480,Cap 02,II. Neoplasias (tumores),2483
352480,Cap 03,III. Doenças do sangue e transtornos imunitários,106
352480,Cap 04,"IV. Doenças endócrinas, nutricionais e metabólicas",162
352480,Cap 06,VI. Doenças do sistema nervoso,103
352480,Cap 07,VII. Doenças do olho e anexos,2
352480,Cap 08,VIII. Doenças do ouvido e da apófise mastóide,4
352480,Cap 09,IX. Doenças do aparelho circulatório,775
352480,Cap 10,X. Doenças do aparelho respiratório,535
352480,Cap 11,XI. Doenças do aparelho digestivo,710
352480,Cap 12,XII. Doenças da pele e do tecido subcutâneo,171
352480,Cap 13,XIII. Doenças osteomusculares e do tecido conjuntivo,103
352480,Cap 14,XIV. Doenças do aparelho geniturinário,757
352480,Cap 15,"XV. Gravidez, parto e puerpério",883
352480,Cap 16,XVI. Afecções originadas no período perinatal,76
352480,Cap 17,XVII. Malformações congênitas e anomalias cromossômicas,3
352480,Cap 18,XVIII. Sintomas e achados anormais não classificados,223
352480,Cap 19,XIX. Lesões e envenenamentos por causas externas,752
352480,Cap 21,XXI. Contatos com serviços de saúde,223
352520,Cap 01,I. Doenças infecciosas e parasitárias,20
352520,Cap 03,III. Doenças do sangue e transtornos imunitários,7
352520,Cap 04,"IV. Doenças endócrinas, nutricionais e metabólicas",6
352520,Cap 06,VI. Doenças do sistema nervoso,1
352520,Cap 09,IX. Doenças do aparelho circulatório,29
352520,Cap 10,X. Doenças do aparelho respiratório,71
352520,Cap 11,XI. Doenças do aparelho digestivo,17
352520,Cap 12,XII. Doenças da pele e do tecido subcutâneo,7
352520,Cap 13,XIII. Doenças osteomusculares e do tecido conjuntivo,1
352520,Cap 14,XIV. Doenças do aparelho geniturinário,61
352520,Cap 15,"XV. Gravidez, parto e puerpério",3
352520,Cap 18,XVIII. Sintomas e achados anormais não classificados,3
352520,Cap 19,XIX. Lesões e envenenamentos por causas externas,2
352520,Cap 21,XXI. Contatos com serviços de saúde,337
352530,Cap 01,I. Doenças infecciosas e parasitárias,652
352530,Cap 02,II. Neoplasias (tumores),11101
352530,Cap 03,III. Doenças do sangue e transtornos imunitários,308
352530,Cap 04,"IV. Doenças endócrinas, nutricionais e metabólicas",356
352530,Cap 05,V. Transtornos mentais e comportamentais,1178
352530,Cap 06,VI. Doenças do sistema nervoso,297
352530,Cap 07,VII. Doenças do olho e anexos,28
352530,Cap 08,VIII. Doenças do ouvido e da apófise mastóide,24
352530,Cap 09,IX. Doenças do aparelho circulatório,1719
352530,Cap 10,X. Doenças do aparelho respiratório,1806
352530,Cap 11,XI. Doenças do aparelho digestivo,2210
352530,Cap 12,XII. Doenças da pele e do tecido subcutâneo,406
352530,Cap 13,XIII. Doenças osteomusculares e do tecido conjuntivo,190
352530,Cap 14,XIV. Doenças do aparelho geniturinário,1918
352530,Cap 15,"XV. Gravidez, parto e puerpério",1823
352530,Cap 16,XVI. Afecções originadas no período perinatal,453
352530,Cap 17,XVII. Malformações congênitas e anomalias cromossômicas,30
352530,Cap 18,XVIII. Sintomas e achados anormais não classificados,729
352530,Cap 19,XIX. Lesões e envenenamentos por causas externas,1793
352530,Cap 21,XXI. Contatos com serviços de saúde,221
352550,Cap 01,I. Doenças infecciosas e parasitárias,18
352550,Cap 03,III. Doenças do sangue e transtornos imunitários,2
352550,Cap 04,"IV. Doenças endócrinas, nutricionais e metabólicas",16
352550,Cap 05,V. Transtornos mentais e comportamentais,2
352550,Cap 06,VI. Doenças do sistema nervoso,4
352550,Cap 09,IX. Doenças do aparelho circulatório,35
352550,Cap 10,X. Doenças do aparelho respiratório,26
352550,Cap 11,XI. Doenças do aparelho digestivo,5
352550,Cap 12,XII. Doenças da pele e do tecido subcutâneo,12
352550,Cap 14,XIV. Doenças do aparelho geniturinário,51
352550,Cap 15,"XV. Gravidez, parto e puerpério",1
352550,Cap 18,XVIII. Sintomas e achados anormais não classificados,6
352550,Cap 19,XIX. Lesões e envenenamentos por causas externas,3
352550,Cap 21,XXI. Contatos com serviços de saúde,35
352570,Cap 01,I. Doenças infecciosas e parasitárias,189
352570,Cap 03,III. Doenças do sangue e transtornos imunitários,44
352570,Cap 04,"IV. Doenças endócrinas, nutricionais e metabólicas",128
352570,Cap 05,V. Transtornos mentais e comportamentais,16
352570,Cap 06,VI. Doenças do sistema nervoso,43
352570,Cap 09,IX. Doenças do aparelho circulatório,254
352570,Cap 10,X. Doenças do aparelho respiratório,509
352570,Cap 11,XI. Doenças do aparelho digestivo,250
352570,Cap 12,XII. Doenças da pele e do tecido subcutâneo,53
352570,Cap 13,XIII. Doenças osteomusculares e do tecido conjuntivo,74
352570,Cap 14,XIV. Doenças do aparelho geniturinário,313
352570,Cap 18,XVIII. Sintomas e achados anormais não classificados,225
352570,Cap 19,XIX. Lesões e envenenamentos por causas externas,329
352570,Cap 21,XXI. Contatos com serviços de saúde,44
352590,Cap 01,I. Doenças infecciosas e parasitárias,1098
352590,Cap 02,II. Neoplasias (tumores),3579
352590,Cap 03,III. Doenças do sangue e transtornos imunitários,269
352590,Cap 04,"IV. Doenças endócrinas, nutricionais e metabólicas",407
352590,Cap 05,V. Transtornos mentais e comportamentais,786
352590,Cap 06,VI. Doenças do sistema nervoso,783
352590,Cap 07,VII. Doenças do olho e anexos,1648
352590,Cap 08,VIII. Doenças do ouvido e da apófise mastóide,58
352590,Cap 09,IX. Doenças do aparelho circulatório,6074
352590,Cap 10,X. Doenças do aparelho respiratório,3271
352590,Cap 11,XI. Doenças do aparelho digestivo,7043
352590,Cap 12,XII. Doenças da pele e do tecido subcutâneo,3867
352590,Cap 13,XIII. Doenças osteomusculares e do tecido conjuntivo,663
352590,Cap 14,XIV. Doenças do aparelho geniturinário,3345
352590,Cap 15,"XV. Gravidez, parto e puerpério",3477
352590,Cap 16,XVI. Afecções originadas no período perinatal,1349
352590,Cap 17,XVII. Malformações congênitas e anomalias cromossômicas,191
352590,Cap 18,XVIII. Sintomas e achados anormais não classificados,987
352590,Cap 19,XIX. Lesões e envenenamentos por causas externas,4140
352590,Cap 21,XXI. Contatos com serviços de saúde,956
352600,Cap 01,I. Doenças infecciosas e parasitárias,55
352600,Cap 02,II. Neoplasias (tumores),11
352600,Cap 03,III. Doenças do sangue e transtornos imunitários,28
352600,Cap 04,"IV. Doenças endócrinas, nutricionais e metabólicas",69
352600,Cap 05,V. Transtornos mentais e comportamentais,184
352600,Cap 06,VI. Doenças do sistema nervoso,1
352600,Cap 08,VIII. Doenças do ouvido e da apófise mastóide,2
352600,Cap 09,IX. Doenças do aparelho circulatório,43
352600,Cap 10,X. Doenças do aparelho respiratório,173
352600,Cap 11,XI. Doenças do aparelho digestivo,89
352600,Cap 12,XII. Doenças da pele e do tecido subcutâneo,37
352600,Cap 13,XIII. Doenças osteomusculares e do tecido conjuntivo,29
352600,Cap 14,XIV. Doenças do aparelho geniturinário,139
352600,Cap 15,"XV. Gravidez, parto e puerpério",180
352600,Cap 16,XVI. Afecções originadas no período perinatal,7
352600,Cap 17,XVII. Malformações congênitas e anomalias cromossômicas,2
352600,Cap 18,XVIII. Sintomas e achados anormais não classificados,25
352600,Cap 19,XIX. Lesões e envenenamentos por causas externas,68
352600,Cap 21,XXI. Contatos com serviços de saúde,3
352640,Cap 01,I. Doenças infecciosas e parasitárias,35
352640,Cap 02,II. Neoplasias (tumores),2
352640,Cap 03,III. Doenças do sangue e transtornos imunitários,65
352640,Cap 04,"IV. Doenças endócrinas, nutricionais e metabólicas",90
352640,Cap 05,V. Transtornos mentais e comportamentais,104
352640,Cap 06,VI. Doenças do sistema nervoso,13
352640,Cap 08,VIII. Doenças do ouvido e da apófise mastóide,3
352640,Cap 09,IX. Doenças do aparelho circulatório,108
352640,Cap 10,X. Doenças do aparelho respiratório,319
352640,Cap 11,XI. Doenças do aparelho digestivo,196
352640,Cap 12,XII. Doenças da pele e do tecido subcutâneo,54
352640,Cap 13,XIII. Doenças osteomusculares e do tecido conjuntivo,11
352640,Cap 14,XIV. Doenças do aparelho geniturinário,138
352640,Cap 15,"XV. Gravidez, parto e puerpério",367
352640,Cap 16,XVI. Afecções originadas no período perinatal,55
352640,Cap 18,XVIII. Sintomas e achados anormais não classificados,9
352640,Cap 19,XIX. Lesões e envenenamentos por causas externas,36
352640,Cap 21,XXI. Contatos com serviços de saúde,26
352670,Cap 01,I. Doenças infecciosas e parasitárias,150
352670,Cap 02,II. Neoplasias (tumores),281
352670,Cap 03,III. Doenças do sangue e transtornos imunitários,77
352670,Cap 04,"IV. Doenças endócrinas, nutricionais e metabólicas",152
352670,Cap 05,V. Transtornos mentais e comportamentais,100
352670,Cap 06,VI. Doenças do sistema nervoso,99
352670,Cap 07,VII. Doenças do olho e anexos,4
352670,Cap 08,VIII. Doenças do ouvido e da apófise mastóide,6
352670,Cap 09,IX. Doenças do aparelho circulatório,542
352670,Cap 10,X. Doenças do aparelho respiratório,447
352670,Cap 11,XI. Doenças do aparelho digestivo,695
352670,Cap 12,XII. Doenças da pele e do tecido subcutâneo,72
352670,Cap 13,XIII. Doenças osteomusculares e do tecido conjuntivo,222
352670,Cap 14,XIV. Doenças do aparelho geniturinário,510
352670,Cap 15,"XV. Gravidez, parto e puerpério",1081
352670,Cap 16,XVI. Afecções originadas no período perinatal,83
352670,Cap 17,XVII. Malformações congênitas e anomalias cromossômicas,14
352670,Cap 18,XVIII. Sintomas e achados anormais não classificados,122
352670,Cap 19,XIX. Lesões e envenenamentos por causas externas,710
352670,Cap 21,XXI. Contatos com serviços de saúde,65
352680,Cap 01,I. Doenças infecciosas e parasitárias,96
352680,Cap 02,II. Neoplasias (tumores),39
352680,Cap 03,III. Doenças do sangue e transtornos imunitários,7
352680,Cap 04,"IV. Doenças endócrinas, nutricionais e metabólicas",37
352680,Cap 05,V. Transtornos mentais e comportamentais,6
352680,Cap 06,VI. Doenças do sistema nervoso,40
352680,Cap 07,VII. Doenças do olho e anexos,2
352680,Cap 08,VIII. Doenças do ouvido e da apófise mastóide,1
352680,Cap 09,IX. Doenças do aparelho circulatório,259
352680,Cap 10,X. Doenças do aparelho respiratório,313
352680,Cap 11,XI. Doenças do aparelho digestivo,577
352680,Cap 12,XII. Doenças da pele e do tecido subcutâneo,99
352680,Cap 13,XIII. Doenças osteomusculares e do tecido conjuntivo,159
352680,Cap 14,XIV. Doenças do aparelho geniturinário,316
352680,Cap 15,"XV. Gravidez, parto e puerpério",682
352680,Cap 16,XVI. Afecções originadas no período perinatal,28
352680,Cap 17,XVII. Malformações congênitas e anomalias cromossômicas,8
352680,Cap 18,XVIII. Sintomas e achados anormais não classificados,38
352680,Cap 19,XIX. Lesões e envenenamentos por causas externas,298
352680,Cap 21,XXI. Contatos com serviços de saúde,108
352690,Cap 01,I. Doenças infecciosas e parasitárias,327
352690,Cap 02,II. Neoplasias (tumores),1372
352690,Cap 03,III. Doenças do sangue e transtornos imunitários,70
352690,Cap 04,"IV. Doenças endócrinas, nutricionais e metabólicas",195
352690,Cap 05,V. Transtornos mentais e comportamentais,342
352690,Cap 06,VI. Doenças do sistema nervoso,229
352690,Cap 07,VII. Doenças do olho e anexos,319
352690,Cap 08,VIII. Doenças do ouvido e da apófise mastóide,56
352690,Cap 09,IX. Doenças do aparelho circulatório,2429
352690,Cap 10,X. Doenças do aparelho respiratório,1509
352690,Cap 11,XI. Doenças do aparelho digestivo,1670
352690,Cap 12,XII. Doenças da pele e do tecido subcutâneo,178
352690,Cap 13,XIII. Doenças osteomusculares e do tecido conjuntivo,363
352690,Cap 14,XIV. Doenças do aparelho geniturinário,1459
352690,Cap 15,"XV. Gravidez, parto e puerpério",2449
352690,Cap 16,XVI. Afecções originadas no período perinatal,520
352690,Cap 17,XVII. Malformações congênitas e anomalias cromossômicas,171
352690,Cap 18,XVIII. Sintomas e achados anormais não classificados,222
352690,Cap 19,XIX. Lesões e envenenamentos por causas externas,1972
352690,Cap 21,XXI. Contatos com serviços de saúde,546
352710,Cap 01,I. Doenças infecciosas e parasitárias,337
352710,Cap 02,II. Neoplasias (tumores),145
352710,Cap 03,III. Doenças do sangue e transtornos imunitários,52
352710,Cap 04,"IV. Doenças endócrinas, nutricionais e metabólicas",98
352710,Cap 05,V. Transtornos mentais e comportamentais,2139
352710,Cap 06,VI. Doenças do sistema nervoso,119
352710,Cap 08,VIII. Doenças do ouvido e da apófise mastóide,10
352710,Cap 09,IX. Doenças do aparelho circulatório,808
352710,Cap 10,X. Doenças do aparelho respiratório,489
352710,Cap 11,XI. Doenças do aparelho digestivo,587
352710,Cap 12,XII. Doenças da pele e do tecido subcutâneo,161
352710,Cap 13,XIII. Doenças osteomusculares e do tecido conjuntivo,51
352710,Cap 14,XIV. Doenças do aparelho geniturinário,558
352710,Cap 15,"XV. Gravidez, parto e puerpério",1297
352710,Cap 16,XVI. Afecções originadas no período perinatal,134
352710,Cap 17,XVII. Malformações congênitas e anomalias cromossômicas,11
352710,Cap 18,XVIII. Sintomas e achados anormais não classificados,130
352710,Cap 19,XIX. Lesões e envenenamentos por causas externas,884
352710,Cap 21,XXI. Contatos com serviços de saúde,37
352720,Cap 01,I. Doenças infecciosas e parasitárias,189
352720,Cap 02,II. Neoplasias (tumores),17
352720,Cap 03,III. Doenças do sangue e transtornos imunitários,8
352720,Cap 04,"IV. Doenças endócrinas, nutricionais e metabólicas",96
352720,Cap 05,V. Transtornos mentais e comportamentais,7
352720,Cap 06,VI. Doenças do sistema nervoso,23
352720,Cap 07,VII. Doenças do olho e anexos,2
352720,Cap 08,VIII. Doenças do ouvido e da apófise mastóide,5
352720,Cap 09,IX. Doenças do aparelho circulatório,260
352720,Cap 10,X. Doenças do aparelho respiratório,276
352720,Cap 11,XI. Doenças do aparelho digestivo,334
352720,Cap 12,XII. Doenças da pele e do tecido subcutâneo,118
352720,Cap 13,XIII. Doenças osteomusculares e do tecido conjuntivo,53
352720,Cap 14,XIV. Doenças do aparelho geniturinário,219
352720,Cap 15,"XV. Gravidez, parto e puerpério",1957
352720,Cap 16,XVI. Afecções originadas no período perinatal,196
352720,Cap 17,XVII. Malformações congênitas e anomalias cromossômicas,21
352720,Cap 18,XVIII. Sintomas e achados anormais não classificados,398
352720,Cap 19,XIX. Lesões e envenenamentos por causas externas,470
352720,Cap 21,XXI. Contatos com serviços de saúde,50
352730,Cap 01,I. Doenças infecciosas e parasitárias,64
352730,Cap 02,II. Neoplasias (tumores),52
352730,Cap 03,III. Doenças do sangue e transtornos imunitários,8
352730,Cap 04,"IV. Doenças endócrinas, nutricionais e metabólicas",32
352730,Cap 05,V. Transtornos mentais e comportamentais,42
352730,Cap 06,VI. Doenças do sistema nervoso,26
352730,Cap 07,VII. Doenças do olho e anexos,1
352730,Cap 08,VIII. Doenças do ouvido e da apófise mastóide,1
352730,Cap 09,IX. Doenças do aparelho circulatório,379
352730,Cap 10,X. Doenças do aparelho respiratório,294
352730,Cap 11,XI. Doenças do aparelho digestivo,442
352730,Cap 12,XII. Doenças da pele e do tecido subcutâneo,25
352730,Cap 13,XIII. Doenças osteomusculares e do tecido conjuntivo,18
352730,Cap 14,XIV. Doenças do aparelho geniturinário,208
352730,Cap 15,"XV. Gravidez, parto e puerpério",365
352730,Cap 16,XVI. Afecções originadas no período perinatal,42
352730,Cap 17,XVII. Malformações congênitas e anomalias cromossômicas,12
352730,Cap 18,XVIII. Sintomas e achados anormais não classificados,283
352730,Cap 19,XIX. Lesões e envenenamentos por causas externas,72
352730,Cap 21,XXI. Contatos com serviços de saúde,180
352740,Cap 01,I. Doenças infecciosas e parasitárias,37
352740,Cap 02,II. Neoplasias (tumores),23
352740,Cap 03,III. Doenças do sangue e transtornos imunitários,32
352740,Cap 04,"IV. Doenças endócrinas, nutricionais e metabólicas",39
352740,Cap 05,V. Transtornos mentais e comportamentais,9
352740,Cap 06,VI. Doenças do sistema nervoso,9
352740,Cap 08,VIII. Doenças do ouvido e da apófise mastóide,1
352740,Cap 09,IX. Doenças do aparelho circulatório,155
352740,Cap 10,X. Doenças do aparelho respiratório,166
352740,Cap 11,XI. Doenças do aparelho digestivo,35
352740,Cap 12,XII. Doenças da pele e do tecido subcutâneo,15
352740,Cap 13,XIII. Doenças osteomusculares e do tecido conjuntivo,7
352740,Cap 14,XIV. Doenças do aparelho geniturinário,67
352740,Cap 18,XVIII. Sintomas e achados anormais não classificados,20
352740,Cap 19,XIX. Lesões e envenenamentos por causas externas,28
352800,Cap 01,I. Doenças infecciosas e parasitárias,47
352800,Cap 02,II. Neoplasias (tumores),20
352800,Cap 03,III. Doenças do sangue e transtornos imunitários,9
352800,Cap 04,"IV. Doenças endócrinas, nutricionais e metabólicas",20
352800,Cap 05,V. Transtornos mentais e comportamentais,29
352800,Cap 06,VI. Doenças do sistema nervoso,19
352800,Cap 07,VII. Doenças do olho e anexos,2
352800,Cap 08,VIII. Doenças do ouvido e da apófise mastóide,1
352800,Cap 09,IX. Doenças do aparelho circulatório,109
352800,Cap 10,X. Doenças do aparelho respiratório,95
352800,Cap 11,XI. Doenças do aparelho digestivo,124
352800,Cap 12,XII. Doenças da pele e do tecido subcutâneo,20
352800,Cap 13,XIII. Doenças osteomusculares e do tecido conjuntivo,10
352800,Cap 14,XIV. Doenças do aparelho geniturinário,77
352800,Cap 15,"XV. Gravidez, parto e puerpério",56
352800,Cap 16,XVI. Afecções originadas no período perinatal,1
352800,Cap 18,XVIII. Sintomas e achados anormais não classificados,22
352800,Cap 19,XIX. Lesões e envenenamentos por causas externas,96
352800,Cap 21,XXI. Contatos com serviços de saúde,2
352810,Cap 01,I. Doenças infecciosas e parasitárias,3
352810,Cap 02,II. Neoplasias (tumores),3
352810,Cap 03,III. Doenças do sangue e transtornos imunitários,1
352810,Cap 04,"IV. Doenças endócrinas, nutricionais e metabólicas",5
352810,Cap 05,V. Transtornos mentais e comportamentais,7
352810,Cap 09,IX. Doenças do aparelho circulatório,8
352810,Cap 10,X. Doenças do aparelho respiratório,28
352810,Cap 11,XI. Doenças do aparelho digestivo,4
352810,Cap 14,XIV. Doenças do aparelho geniturinário,20
352810,Cap 18,XVIII. Sintomas e achados anormais não classificados,2
352850,Cap 01,I. Doenças infecciosas e parasitárias,105
352850,Cap 02,II. Neoplasias (tumores),23
352850,Cap 03,III. Doenças do sangue e transtornos imunitários,63
352850,Cap 04,"IV. Doenças endócrinas, nutricionais e metabólicas",98
352850,Cap 05,V. Transtornos mentais e comportamentais,160
352850,Cap 06,VI. Doenças do sistema nervoso,44
352850,Cap 07,VII. Doenças do olho e anexos,4
352850,Cap 08,VIII. Doenças do ouvido e da apófise mastóide,19
352850,Cap 09,IX. Doenças do aparelho circulatório,278
352850,Cap 10,X. Doenças do aparelho respiratório,502
352850,Cap 11,XI. Doenças do aparelho digestivo,152
352850,Cap 12,XII. Doenças da pele e do tecido subcutâneo,94
352850,Cap 13,XIII. Doenças osteomusculares e do tecido conjuntivo,72
352850,Cap 14,XIV. Doenças do aparelho geniturinário,210
352850,Cap 15,"XV. Gravidez, parto e puerpério",35
352850,Cap 16,XVI. Afecções originadas no período perinatal,5
352850,Cap 17,XVII. Malformações congênitas e anomalias cromossômicas,3
352850,Cap 18,XVIII. Sintomas e achados anormais não classificados,398
352850,Cap 19,XIX. Lesões e envenenamentos por causas externas,536
352850,Cap 21,XXI. Contatos com serviços de saúde,57
352880,Cap 01,I. Doenças infecciosas e parasitárias,23
352880,Cap 02,II. Neoplasias (tumores),208
352880,Cap 03,III. Doenças do sangue e transtornos imunitários,14
352880,Cap 04,"IV. Doenças endócrinas, nutricionais e metabólicas",15
352880,Cap 06,VI. Doenças do sistema nervoso,7
352880,Cap 09,IX. Doenças do aparelho circulatório,64
352880,Cap 10,X. Doenças do aparelho respiratório,145
352880,Cap 11,XI. Doenças do aparelho digestivo,145
352880,Cap 12,XII. Doenças da pele e do tecido subcutâneo,38
352880,Cap 13,XIII. Doenças osteomusculares e do tecido conjuntivo,8
352880,Cap 14,XIV. Doenças do aparelho geniturinário,109
352880,Cap 15,"XV. Gravidez, parto e puerpério",92
352880,Cap 16,XVI. Afecções originadas no período perinatal,5
352880,Cap 17,XVII. Malformações congênitas e anomalias cromossômicas,2
352880,Cap 18,XVIII. Sintomas e achados anormais não classificados,3
352880,Cap 19,XIX. Lesões e envenenamentos por causas externas,7
352880,Cap 21,XXI. Contatos com serviços de saúde,14
352900,Cap 01,I. Doenças infecciosas e parasitárias,1243
352900,Cap 02,II. Neoplasias (tumores),3613
352900,Cap 03,III. Doenças do sangue e transtornos imunitários,147
352900,Cap 04,"IV. Doenças endócrinas, nutricionais e metabólicas",988
352900,Cap 05,V. Transtornos mentais e comportamentais,1392
352900,Cap 06,VI. Doenças do sistema nervoso,473
352900,Cap 07,VII. Doenças do olho e anexos,443
352900,Cap 08,VIII. Doenças do ouvido e da apófise mastóide,76
352900,Cap 09,IX. Doenças do aparelho circulatório,3943
352900,Cap 10,X. Doenças do aparelho respiratório,3129
352900,Cap 11,XI. Doenças do aparelho digestivo,3213
352900,Cap 12,XII. Doenças da pele e do tecido subcutâneo,594
352900,Cap 13,XIII. Doenças osteomusculares e do tecido conjuntivo,1120
352900,Cap 14,XIV. Doenças do aparelho geniturinário,2671
352900,Cap 15,"XV. Gravidez, parto e puerpério",2714
352900,Cap 16,XVI. Afecções originadas no período perinatal,763
352900,Cap 17,XVII. Malformações congênitas e anomalias cromossômicas,251
352900,Cap 18,XVIII. Sintomas e achados anormais não classificados,636
352900,Cap 19,XIX. Lesões e envenenamentos por causas externas,3114
352900,Cap 21,XXI. Contatos com serviços de saúde,679
352920,Cap 01,I. Doenças infecciosas e parasitárias,312
352920,Cap 02,II. Neoplasias (tumores),17
352920,Cap 03,III. Doenças do sangue e transtornos imunitários,21
352920,Cap 04,"IV. Doenças endócrinas, nutricionais e metabólicas",32
352920,Cap 05,V. Transtornos mentais e comportamentais,105
352920,Cap 06,VI. Doenças do sistema nervoso,51
352920,Cap 07,VII. Doenças do olho e anexos,10
352920,Cap 08,VIII. Doenças do ouvido e da apófise mastóide,13
352920,Cap 09,IX. Doenças do aparelho circulatório,231
352920,Cap 10,X. Doenças do aparelho respiratório,293
352920,Cap 11,XI. Doenças do aparelho digestivo,629
352920,Cap 12,XII. Doenças da pele e do tecido subcutâneo,59
352920,Cap 13,XIII. Doenças osteomusculares e do tecido conjuntivo,51
352920,Cap 14,XIV. Doenças do aparelho geniturinário,224
352920,Cap 15,"XV. Gravidez, parto e puerpério",208
352920,Cap 16,XVI. Afecções originadas no período perinatal,12
352920,Cap 18,XVIII. Sintomas e achados anormais não classificados,83
352920,Cap 19,XIX. Lesões e envenenamentos por causas externas,275
352920,Cap 21,XXI. Contatos com serviços de saúde,421
352930,Cap 01,I. Doenças infecciosas e parasitárias,287
352930,Cap 02,II. Neoplasias (tumores),60
352930,Cap 03,III. Doenças do sangue e transtornos imunitários,71
352930,Cap 04,"IV. Doenças endócrinas, nutricionais e metabólicas",86
352930,Cap 05,V. Transtornos mentais e comportamentais,177
352930,Cap 06,VI. Doenças do sistema nervoso,166
352930,Cap 07,VII. Doenças do olho e anexos,3
352930,Cap 08,VIII. Doenças do ouvido e da apófise mastóide,10
352930,Cap 09,IX. Doenças do aparelho circulatório,1320
352930,Cap 10,X. Doenças do aparelho respiratório,462
352930,Cap 11,XI. Doenças do aparelho digestivo,628
352930,Cap 12,XII. Doenças da pele e do tecido subcutâneo,108
352930,Cap 13,XIII. Doenças osteomusculares e do tecido conjuntivo,492
352930,Cap 14,XIV. Doenças do aparelho geniturinário,474
352930,Cap 15,"XV. Gravidez, parto e puerpério",1028
352930,Cap 16,XVI. Afecções originadas no período perinatal,163
352930,Cap 17,XVII. Malformações congênitas e anomalias cromossômicas,14
352930,Cap 18,XVIII. Sintomas e achados anormais não classificados,121
352930,Cap 19,XIX. Lesões e envenenamentos por causas externas,750
352930,Cap 21,XXI. Contatos com serviços de saúde,100
352940,Cap 01,I. Doenças infecciosas e parasitárias,487
352940,Cap 02,II. Neoplasias (tumores),280
352940,Cap 03,III. Doenças do sangue e transtornos imunitários,93
352940,Cap 04,"IV. Doenças endócrinas, nutricionais e metabólicas",323
352940,Cap 05,V. Transtornos mentais e comportamentais,457
352940,Cap 06,VI. Doenças do sistema nervoso,222
352940,Cap 07,VII. Doenças do olho e anexos,3
352940,Cap 08,VIII. Doenças do ouvido e da apófise mastóide,21
352940,Cap 09,IX. Doenças do aparelho circulatório,1420
352940,Cap 10,X. Doenças do aparelho respiratório,974
352940,Cap 11,XI. Doenças do aparelho digestivo,1854
352940,Cap 12,XII. Doenças da pele e do tecido subcutâneo,362
352940,Cap 13,XIII. Doenças osteomusculares e do tecido conjuntivo,113
352940,Cap 14,XIV. Doenças do aparelho geniturinário,839
352940,Cap 15,"XV. Gravidez, parto e puerpério",2445
352940,Cap 16,XVI. Afecções originadas no período perinatal,390
352940,Cap 17,XVII. Malformações congênitas e anomalias cromossômicas,25
352940,Cap 18,XVIII. Sintomas e achados anormais não classificados,137
352940,Cap 19,XIX. Lesões e envenenamentos por causas externas,2625
352940,Cap 21,XXI. Contatos com serviços de saúde,827
352970,Cap 01,I. Doenças infecciosas e parasitárias,182
352970,Cap 02,II. Neoplasias (tumores),10
352970,Cap 03,III. Doenças do sangue e transtornos imunitários,26
352970,Cap 04,"IV. Doenças endócrinas, nutricionais e metabólicas",12
352970,Cap 05,V. Transtornos mentais e comportamentais,30
352970,Cap 06,VI. Doenças do sistema nervoso,8
352970,Cap 07,VII. Doenças do olho e anexos,3
352970,Cap 08,VIII. Doenças do ouvido e da apófise mastóide,3
352970,Cap 09,IX. Doenças do aparelho circulatório,82
352970,Cap 10,X. Doenças do aparelho respiratório,146
352970,Cap 11,XI. Doenças do aparelho digestivo,106
352970,Cap 12,XII. Doenças da pele e do tecido subcutâneo,23
352970,Cap 13,XIII. Doenças osteomusculares e do tecido conjuntivo,26
352970,Cap 14,XIV. Doenças do aparelho geniturinário,125
352970,Cap 15,"XV. Gravidez, parto e puerpério",76
352970,Cap 16,XVI. Afecções originadas no período perinatal,3
352970,Cap 18,XVIII. Sintomas e achados anormais não classificados,69
352970,Cap 19,XIX. Lesões e envenenamentos por causas externas,71
352970,Cap 21,XXI. Contatos com serviços de saúde,40
353010,Cap 01,I. Doenças infecciosas e parasitárias,142
353010,Cap 02,II. Neoplasias (tumores),145
353010,Cap 03,III. Doenças do sangue e transtornos imunitários,77
353010,Cap 04,"IV. Doenças endócrinas, nutricionais e metabólicas",48
353010,Cap 05,V. Transtornos mentais e comportamentais,30
353010,Cap 06,VI. Doenças do sistema nervoso,43
353010,Cap 08,VIII. Doenças do ouvido e da apófise mastóide,14
353010,Cap 09,IX. Doenças do aparelho circulatório,212
353010,Cap 10,X. Doenças do aparelho respiratório,672
353010,Cap 11,XI. Doenças do aparelho digestivo,544
353010,Cap 12,XII. Doenças da pele e do tecido subcutâneo,123
353010,Cap 13,XIII. Doenças osteomusculares e do tecido conjuntivo,41
353010,Cap 14,XIV. Doenças do aparelho geniturinário,261
353010,Cap 15,"XV. Gravidez, parto e puerpério",387
353010,Cap 16,XVI. Afecções originadas no período perinatal,42
353010,Cap 17,XVII. Malformações congênitas e anomalias cromossômicas,6
353010,Cap 18,XVIII. Sintomas e achados anormais não classificados,108
353010,Cap 19,XIX. Lesões e envenenamentos por causas externas,535
353010,Cap 21,XXI. Contatos com serviços de saúde,75
353030,Cap 01,I. Doenças infecciosas e parasitárias,35
353030,Cap 02,II. Neoplasias (tumores),26
353030,Cap 03,III. Doenças do sangue e transtornos imunitários,3
353030,Cap 04,"IV. Doenças endócrinas, nutricionais e metabólicas",10
353030,Cap 06,VI. Doenças do sistema nervoso,3
353030,Cap 09,IX. Doenças do aparelho circulatório,62
353030,Cap 10,X. Doenças do aparelho respiratório,100
353030,Cap 11,XI. Doenças do aparelho digestivo,53
353030,Cap 12,XII. Doenças da pele e do tecido subcutâneo,57
353030,Cap 13,XIII. Doenças osteomusculares e do tecido conjuntivo,2
353030,Cap 14,XIV. Doenças do aparelho geniturinário,75
353030,Cap 15,"XV. Gravidez, parto e puerpério",116
353030,Cap 17,XVII. Malformações congênitas e anomalias cromossômicas,2
353030,Cap 18,XVIII. Sintomas e achados anormais não classificados,6
353030,Cap 19,XIX. Lesões e envenenamentos por causas externas,4
353030,Cap 21,XXI. Contatos com serviços de saúde,56
353050,Cap 01,I. Doenças infecciosas e parasitárias,267
353050,Cap 02,II. Neoplasias (tumores),172
353050,Cap 03,III. Doenças do sangue e transtornos imunitários,77
353050,Cap 04,"IV. Doenças endócrinas, nutricionais e metabólicas",124
353050,Cap 05,V. Transtornos mentais e comportamentais,159
353050,Cap 06,VI. Doenças do sistema nervoso,40
353050,Cap 07,VII. Doenças do olho e anexos,10
353050,Cap 08,VIII. Doenças do ouvido e da apófise mastóide,8
353050,Cap 09,IX. Doenças do aparelho circulatório,533
353050,Cap 10,X. Doenças do aparelho respiratório,414
353050,Cap 11,XI. Doenças do aparelho digestivo,496
353050,Cap 12,XII. Doenças da pele e do tecido subcutâneo,72
353050,Cap 13,XIII. Doenças osteomusculares e do tecido conjuntivo,75
353050,Cap 14,XIV. Doenças do aparelho geniturinário,427
353050,Cap 15,"XV. Gravidez, parto e puerpério",1052
353050,Cap 16,XVI. Afecções originadas no período perinatal,33
353050,Cap 17,XVII. Malformações congênitas e anomalias cromossômicas,8
353050,Cap 18,XVIII. Sintomas e achados anormais não classificados,230
353050,Cap 19,XIX. Lesões e envenenamentos por causas externas,755
353050,Cap 21,XXI. Contatos com serviços de saúde,88
353060,Cap 01,I. Doenças infecciosas e parasitárias,1113
353060,Cap 02,II. Neoplasias (tumores),3467
353060,Cap 03,III. Doenças do sangue e transtornos imunitários,206
353060,Cap 04,"IV. Doenças endócrinas, nutricionais e metabólicas",435
353060,Cap 05,V. Transtornos mentais e comportamentais,906
353060,Cap 06,VI. Doenças do sistema nervoso,800
353060,Cap 07,VII. Doenças do olho e anexos,386
353060,Cap 08,VIII. Doenças do ouvido e da apófise mastóide,85
353060,Cap 09,IX. Doenças do aparelho circulatório,4617
353060,Cap 10,X. Doenças do aparelho respiratório,3457
353060,Cap 11,XI. Doenças do aparelho digestivo,3777
353060,Cap 12,XII. Doenças da pele e do tecido subcutâneo,537
353060,Cap 13,XIII. Doenças osteomusculares e do tecido conjuntivo,301
353060,Cap 14,XIV. Doenças do aparelho geniturinário,2290
353060,Cap 15,"XV. Gravidez, parto e puerpério",4431
353060,Cap 16,XVI. Afecções originadas no período perinatal,460
353060,Cap 17,XVII. Malformações congênitas e anomalias cromossômicas,102
353060,Cap 18,XVIII. Sintomas e achados anormais não classificados,1238
353060,Cap 19,XIX. Lesões e envenenamentos por causas externas,6261
353060,Cap 21,XXI. Contatos com serviços de saúde,1250
353070,Cap 01,I. Doenças infecciosas e parasitárias,535
353070,Cap 02,II. Neoplasias (tumores),1147
353070,Cap 03,III. Doenças do sangue e transtornos imunitários,115
353070,Cap 04,"IV. Doenças endócrinas, nutricionais e metabólicas",141
353070,Cap 05,V. Transtornos mentais e comportamentais,6
353070,Cap 06,VI. Doenças do sistema nervoso,196
353070,Cap 07,VII. Doenças do olho e anexos,2
353070,Cap 08,VIII. Doenças do ouvido e da apófise mastóide,7
353070,Cap 09,IX. Doenças do aparelho circulatório,1085
353070,Cap 10,X. Doenças do aparelho respiratório,632
353070,Cap 11,XI. Doenças do aparelho digestivo,1065
353070,Cap 12,XII. Doenças da pele e do tecido subcutâneo,150
353070,Cap 13,XIII. Doenças osteomusculares e do tecido conjuntivo,321
353070,Cap 14,XIV. Doenças do aparelho geniturinário,751
353070,Cap 15,"XV. Gravidez, parto e puerpério",1518
353070,Cap 16,XVI. Afecções originadas no período perinatal,379
353070,Cap 17,XVII. Malformações congênitas e anomalias cromossômicas,22
353070,Cap 18,XVIII. Sintomas e achados anormais não classificados,177
353070,Cap 19,XIX. Lesões e envenenamentos por causas externas,1387
353070,Cap 21,XXI. Contatos com serviços de saúde,137
353080,Cap 01,I. Doenças infecciosas e parasitárias,154
353080,Cap 02,II. Neoplasias (tumores),185
353080,Cap 03,III. Doenças do sangue e transtornos imunitários,15
353080,Cap 04,"IV. Doenças endócrinas, nutricionais e metabólicas",99
353080,Cap 05,V. Transtornos mentais e comportamentais,69
353080,Cap 06,VI. Doenças do sistema nervoso,107
353080,Cap 07,VII. Doenças do olho e anexos,623
353080,Cap 09,IX. Doenças do aparelho circulatório,416
353080,Cap 10,X. Doenças do aparelho respiratório,485
353080,Cap 11,XI. Doenças do aparelho digestivo,708
353080,Cap 12,XII. Doenças da pele e do tecido subcutâneo,91
353080,Cap 13,XIII. Doenças osteomusculares e do tecido conjuntivo,135
353080,Cap 14,XIV. Doenças do aparelho geniturinário,462
353080,Cap 15,"XV. Gravidez, parto e puerpério",593
353080,Cap 16,XVI. Afecções originadas no período perinatal,150
353080,Cap 17,XVII. Malformações congênitas e anomalias cromossômicas,6
353080,Cap 18,XVIII. Sintomas e achados anormais não classificados,114
353080,Cap 19,XIX. Lesões e envenenamentos por causas externas,611
353080,Cap 21,XXI. Contatos com serviços de saúde,238
353110,Cap 01,I. Doenças infecciosas e parasitárias,52
353110,Cap 02,II. Neoplasias (tumores),21
353110,Cap 03,III. Doenças do sangue e transtornos imunitários,23
353110,Cap 04,"IV. Doenças endócrinas, nutricionais e metabólicas",63
353110,Cap 05,V. Transtornos mentais e comportamentais,14
353110,Cap 06,VI. Doenças do sistema nervoso,10
353110,Cap 07,VII. Doenças do olho e anexos,14
353110,Cap 08,VIII. Doenças do ouvido e da apófise mastóide,19
353110,Cap 09,IX. Doenças do aparelho circulatório,59
353110,Cap 10,X. Doenças do aparelho respiratório,236
353110,Cap 11,XI. Doenças do aparelho digestivo,54
353110,Cap 12,XII. Doenças da pele e do tecido subcutâneo,78
353110,Cap 13,XIII. Doenças osteomusculares e do tecido conjuntivo,99
353110,Cap 14,XIV. Doenças do aparelho geniturinário,61
353110,Cap 15,"XV. Gravidez, parto e puerpério",34
353110,Cap 16,XVI. Afecções originadas no período perinatal,9
353110,Cap 17,XVII. Malformações congênitas e anomalias cromossômicas,1
353110,Cap 18,XVIII. Sintomas e achados anormais não classificados,92
353110,Cap 19,XIX. Lesões e envenenamentos por causas externas,1
353130,Cap 01,I. Doenças infecciosas e parasitárias,194
353130,Cap 02,II. Neoplasias (tumores),41
353130,Cap 03,III. Doenças do sangue e transtornos imunitários,27
353130,Cap 04,"IV. Doenças endócrinas, nutricionais e metabólicas",56
353130,Cap 05,V. Transtornos mentais e comportamentais,4
353130,Cap 06,VI. Doenças do sistema nervoso,53
353130,Cap 07,VII. Doenças do olho e anexos,203
353130,Cap 08,VIII. Doenças do ouvido e da apófise mastóide,3
353130,Cap 09,IX. Doenças do aparelho circulatório,286
353130,Cap 10,X. Doenças do aparelho respiratório,345
353130,Cap 11,XI. Doenças do aparelho digestivo,374
353130,Cap 12,XII. Doenças da pele e do tecido subcutâneo,41
353130,Cap 13,XIII. Doenças osteomusculares e do tecido conjuntivo,32
353130,Cap 14,XIV. Doenças do aparelho geniturinário,259
353130,Cap 15,"XV. Gravidez, parto e puerpério",260
353130,Cap 16,XVI. Afecções originadas no período perinatal,18
353130,Cap 17,XVII. Malformações congênitas e anomalias cromossômicas,9
353130,Cap 18,XVIII. Sintomas e achados anormais não classificados,13
353130,Cap 19,XIX. Lesões e envenenamentos por causas externas,262
353130,Cap 21,XXI. Contatos com serviços de saúde,63
353140,Cap 01,I. Doenças infecciosas e parasitárias,402
353140,Cap 02,II. Neoplasias (tumores),144
353140,Cap 03,III. Doenças do sangue e transtornos imunitários,17
353140,Cap 04,"IV. Doenças endócrinas, nutricionais e metabólicas",398
353140,Cap 06,VI. Doenças do sistema nervoso,34
353140,Cap 09,IX. Doenças do aparelho circulatório,493
353140,Cap 10,X. Doenças do aparelho respiratório,569
353140,Cap 11,XI. Doenças do aparelho digestivo,422
353140,Cap 12,XII. Doenças da pele e do tecido subcutâneo,25
353140,Cap 13,XIII. Doenças osteomusculares e do tecido conjuntivo,374
353140,Cap 14,XIV. Doenças do aparelho geniturinário,425
353140,Cap 18,XVIII. Sintomas e achados anormais não classificados,2
353140,Cap 19,XIX. Lesões e envenenamentos por causas externas,10
353140,Cap 21,XXI. Contatos com serviços de saúde,42
353150,Cap 01,I. Doenças infecciosas e parasitárias,71
353150,Cap 02,II. Neoplasias (tumores),34
353150,Cap 03,III. Doenças do sangue e transtornos imunitários,14
353150,Cap 04,"IV. Doenças endócrinas, nutricionais e metabólicas",34
353150,Cap 06,VI. Doenças do sistema nervoso,12
353150,Cap 07,VII. Doenças do olho e anexos,402
353150,Cap 09,IX. Doenças do aparelho circulatório,54
353150,Cap 10,X. Doenças do aparelho respiratório,266
353150,Cap 11,XI. Doenças do aparelho digestivo,128
353150,Cap 12,XII. Doenças da pele e do tecido subcutâneo,16
353150,Cap 13,XIII. Doenças osteomusculares e do tecido conjuntivo,18
353150,Cap 14,XIV. Doenças do aparelho geniturinário,207
353150,Cap 15,"XV. Gravidez, parto e puerpério",316
353150,Cap 16,XVI. Afecções originadas no período perinatal,4
353150,Cap 18,XVIII. Sintomas e achados anormais não classificados,7
353150,Cap 19,XIX. Lesões e envenenamentos por causas externas,7
353150,Cap 21,XXI. Contatos com serviços de saúde,68
353180,Cap 01,I. Doenças infecciosas e parasitárias,35
353180,Cap 02,II. Neoplasias (tumores),11
353180,Cap 03,III. Doenças do sangue e transtornos imunitários,11
353180,Cap 04,"IV. Doenças endócrinas, nutricionais e metabólicas",22
353180,Cap 05,V. Transtornos mentais e comportamentais,62
353180,Cap 06,VI. Doenças do sistema nervoso,13
353180,Cap 07,VII. Doenças do olho e anexos,1
353180,Cap 09,IX. Doenças do aparelho circulatório,75
353180,Cap 10,X. Doenças do aparelho respiratório,105
353180,Cap 11,XI. Doenças do aparelho digestivo,27
353180,Cap 12,XII. Doenças da pele e do tecido subcutâneo,8
353180,Cap 13,XIII. Doenças osteomusculares e do tecido conjuntivo,4
353180,Cap 14,XIV. Doenças do aparelho geniturinário,57
353180,Cap 15,"XV. Gravidez, parto e puerpério",505
353180,Cap 16,XVI. Afecções originadas no período perinatal,2
353180,Cap 17,XVII. Malformações congênitas e anomalias cromossômicas,1
353180,Cap 18,XVIII. Sintomas e achados anormais não classificados,19
353180,Cap 19,XIX. Lesões e envenenamentos por causas externas,53
353180,Cap 21,XXI. Contatos com serviços de saúde,79
353190,Cap 01,I. Doenças infecciosas e parasitárias,62
353190,Cap 02,II. Neoplasias (tumores),26
353190,Cap 03,III. Doenças do sangue e transtornos imunitários,22
353190,Cap 04,"IV. Doenças endócrinas, nutricionais e metabólicas",45
353190,Cap 05,V. Transtornos mentais e comportamentais,78
353190,Cap 06,VI. Doenças do sistema nervoso,45
353190,Cap 07,VII. Doenças do olho e anexos,9
353190,Cap 08,VIII. Doenças do ouvido e da apófise mastóide,4
353190,Cap 09,IX. Doenças do aparelho circulatório,166
353190,Cap 10,X. Doenças do aparelho respiratório,155
353190,Cap 11,XI. Doenças do aparelho digestivo,235
353190,Cap 12,XII. Doenças da pele e do tecido subcutâneo,118
353190,Cap 13,XIII. Doenças osteomusculares e do tecido conjuntivo,93
353190,Cap 14,XIV. Doenças do aparelho geniturinário,128
353190,Cap 15,"XV. Gravidez, parto e puerpério",204
353190,Cap 16,XVI. Afecções originadas no período perinatal,8
353190,Cap 17,XVII. Malformações congênitas e anomalias cromossômicas,3
353190,Cap 18,XVIII. Sintomas e achados anormais não classificados,95
353190,Cap 19,XIX. Lesões e envenenamentos por causas externas,163
353190,Cap 21,XXI. Contatos com serviços de saúde,120
353200,Cap 01,I. Doenças infecciosas e parasitárias,2
353200,Cap 02,II. Neoplasias (tumores),1
353200,Cap 03,III. Doenças do sangue e transtornos imunitários,6
353200,Cap 04,"IV. Doenças endócrinas, nutricionais e metabólicas",14
353200,Cap 06,VI. Doenças do sistema nervoso,1
353200,Cap 09,IX. Doenças do aparelho circulatório,30
353200,Cap 10,X. Doenças do aparelho respiratório,99
353200,Cap 11,XI. Doenças do aparelho digestivo,16
353200,Cap 12,XII. Doenças da pele e do tecido subcutâneo,5
353200,Cap 13,XIII. Doenças osteomusculares e do tecido conjuntivo,1
353200,Cap 14,XIV. Doenças do aparelho geniturinário,36
353200,Cap 19,XIX. Lesões e envenenamentos por causas externas,19
353240,Cap 01,I. Doenças infecciosas e parasitárias,34
353240,Cap 02,II. Neoplasias (tumores),9
353240,Cap 03,III. Doenças do sangue e transtornos imunitários,12
353240,Cap 04,"IV. Doenças endócrinas, nutricionais e metabólicas",27
353240,Cap 06,VI. Doenças do sistema nervoso,2
353240,Cap 08,VIII. Doenças do ouvido e da apófise mastóide,1
353240,Cap 09,IX. Doenças do aparelho circulatório,49
353240,Cap 10,X. Doenças do aparelho respiratório,65
353240,Cap 11,XI. Doenças do aparelho digestivo,27
353240,Cap 12,XII. Doenças da pele e do tecido subcutâneo,28
353240,Cap 13,XIII. Doenças osteomusculares e do tecido conjuntivo,4
353240,Cap 14,XIV. Doenças do aparelho geniturinário,50
353240,Cap 15,"XV. Gravidez, parto e puerpério",6
353240,Cap 18,XVIII. Sintomas e achados anormais não classificados,11
353240,Cap 19,XIX. Lesões e envenenamentos por causas externas,5
353240,Cap 21,XXI. Contatos com serviços de saúde,2
353250,Cap 01,I. Doenças infecciosas e parasitárias,7
353250,Cap 02,II. Neoplasias (tumores),2
353250,Cap 03,III. Doenças do sangue e transtornos imunitários,2
353250,Cap 04,"IV. Doenças endócrinas, nutricionais e metabólicas",12
353250,Cap 06,VI. Doenças do sistema nervoso,1
353250,Cap 09,IX. Doenças do aparelho circulatório,3
353250,Cap 10,X. Doenças do aparelho respiratório,13
353250,Cap 12,XII. Doenças da pele e do tecido subcutâneo,3
353250,Cap 14,XIV. Doenças do aparelho geniturinário,9
353250,Cap 18,XVIII. Sintomas e achados anormais não classificados,1
353250,Cap 19,XIX. Lesões e envenenamentos por causas externas,1
353260,Cap 01,I. Doenças infecciosas e parasitárias,80
353260,Cap 02,II. Neoplasias (tumores),206
353260,Cap 03,III. Doenças do sangue e transtornos imunitários,8
353260,Cap 04,"IV. Doenças endócrinas, nutricionais e metabólicas",45
353260,Cap 06,VI. Doenças do sistema nervoso,34
353260,Cap 09,IX. Doenças do aparelho circulatório,640
353260,Cap 10,X. Doenças do aparelho respiratório,813
353260,Cap 11,XI. Doenças do aparelho digestivo,340
353260,Cap 12,XII. Doenças da pele e do tecido subcutâneo,188
353260,Cap 13,XIII. Doenças osteomusculares e do tecido conjuntivo,45
353260,Cap 14,XIV. Doenças do aparelho geniturinário,208
353260,Cap 15,"XV. Gravidez, parto e puerpério",8
353260,Cap 16,XVI. Afecções originadas no período perinatal,3
353260,Cap 17,XVII. Malformações congênitas e anomalias cromossômicas,3
353260,Cap 18,XVIII. Sintomas e achados anormais não classificados,72
353260,Cap 19,XIX. Lesões e envenenamentos por causas externas,95
353260,Cap 21,XXI. Contatos com serviços de saúde,1
353290,Cap 01,I. Doenças infecciosas e parasitárias,21
353290,Cap 02,II. Neoplasias (tumores),15
353290,Cap 03,III. Doenças do sangue e transtornos imunitários,11
353290,Cap 04,"IV. Doenças endócrinas, nutricionais e metabólicas",9
353290,Cap 05,V. Transtornos mentais e comportamentais,11
353290,Cap 06,VI. Doenças do sistema nervoso,9
353290,Cap 08,VIII. Doenças do ouvido e da apófise mastóide,6
353290,Cap 09,IX. Doenças do aparelho circulatório,66
353290,Cap 10,X. Doenças do aparelho respiratório,42
353290,Cap 11,XI. Doenças do aparelho digestivo,54
353290,Cap 12,XII. Doenças da pele e do tecido subcutâneo,15
353290,Cap 13,XIII. Doenças osteomusculares e do tecido conjuntivo,10
353290,Cap 14,XIV. Doenças do aparelho geniturinário,36
353290,Cap 15,"XV. Gravidez, parto e puerpério",1
353290,Cap 16,XVI. Afecções originadas no período perinatal,1
353290,Cap 17,XVII. Malformações congênitas e anomalias cromossômicas,2
353290,Cap 18,XVIII. Sintomas e achados anormais não classificados,18
353290,Cap 19,XIX. Lesões e envenenamentos por causas externas,2
353290,Cap 21,XXI. Contatos com serviços de saúde,7
353300,Cap 01,I. Doenças infecciosas e parasitárias,321
353300,Cap 02,II. Neoplasias (tumores),33
353300,Cap 03,III. Doenças do sangue e transtornos imunitários,25
353300,Cap 04,"IV. Doenças endócrinas, nutricionais e metabólicas",242
353300,Cap 05,V. Transtornos mentais e comportamentais,3
353300,Cap 06,VI. Doenças do sistema nervoso,5
353300,Cap 08,VIII. Doenças do ouvido e da apófise mastóide,14
353300,Cap 09,IX. Doenças do aparelho circulatório,48
353300,Cap 10,X. Doenças do aparelho respiratório,623
353300,Cap 11,XI. Doenças do aparelho digestivo,117
353300,Cap 12,XII. Doenças da pele e do tecido subcutâneo,74
353300,Cap 13,XIII. Doenças osteomusculares e do tecido conjuntivo,37
353300,Cap 14,XIV. Doenças do aparelho geniturinário,329
353300,Cap 15,"XV. Gravidez, parto e puerpério",38
353300,Cap 16,XVI. Afecções originadas no período perinatal,2
353300,Cap 18,XVIII. Sintomas e achados anormais não classificados,30
353300,Cap 19,XIX. Lesões e envenenamentos por causas externas,24
353300,Cap 21,XXI. Contatos com serviços de saúde,1
353340,Cap 01,I. Doenças infecciosas e parasitárias,36
353340,Cap 02,II. Neoplasias (tumores),27
353340,Cap 03,III. Doenças do sangue e transtornos imunitários,13
353340,Cap 04,"IV. Doenças endócrinas, nutricionais e metabólicas",46
353340,Cap 05,V. Transtornos mentais e comportamentais,34
353340,Cap 06,VI. Doenças do sistema nervoso,18
353340,Cap 07,VII. Doenças do olho e anexos,2
353340,Cap 08,VIII. Doenças do ouvido e da apófise mastóide,5
353340,Cap 09,IX. Doenças do aparelho circulatório,144
353340,Cap 10,X. Doenças do aparelho respiratório,230
353340,Cap 11,XI. Doenças do aparelho digestivo,184
353340,Cap 12,XII. Doenças da pele e do tecido subcutâneo,34
353340,Cap 13,XIII. Doenças osteomusculares e do tecido conjuntivo,30
353340,Cap 14,XIV. Doenças do aparelho geniturinário,177
353340,Cap 15,"XV. Gravidez, parto e puerpério",294
353340,Cap 16,XVI. Afecções originadas no período perinatal,12
353340,Cap 17,XVII. Malformações congênitas e anomalias cromossômicas,1
353340,Cap 18,XVIII. Sintomas e achados anormais não classificados,24
353340,Cap 19,XIX. Lesões e envenenamentos por causas externas,216
353340,Cap 21,XXI. Contatos com serviços de saúde,97
353350,Cap 01,I. Doenças infecciosas e parasitárias,82
353350,Cap 02,II. Neoplasias (tumores),39
353350,Cap 03,III. Doenças do sangue e transtornos imunitários,37
353350,Cap 04,"IV. Doenças endócrinas, nutricionais e metabólicas",45
353350,Cap 06,VI. Doenças do sistema nervoso,54
353350,Cap 08,VIII. Doenças do ouvido e da apófise mastóide,1
353350,Cap 09,IX. Doenças do aparelho circulatório,142
353350,Cap 10,X. Doenças do aparelho respiratório,368
353350,Cap 11,XI. Doenças do aparelho digestivo,398
353350,Cap 12,XII. Doenças da pele e do tecido subcutâneo,46
353350,Cap 13,XIII. Doenças osteomusculares e do tecido conjuntivo,88
353350,Cap 14,XIV. Doenças do aparelho geniturinário,432
353350,Cap 15,"XV. Gravidez, parto e puerpério",270
353350,Cap 16,XVI. Afecções originadas no período perinatal,19
353350,Cap 18,XVIII. Sintomas e achados anormais não classificados,34
353350,Cap 19,XIX. Lesões e envenenamentos por causas externas,263
353350,Cap 21,XXI. Contatos com serviços de saúde,29
353390,Cap 01,I. Doenças infecciosas e parasitárias,129
353390,Cap 02,II. Neoplasias (tumores),35
353390,Cap 03,III. Doenças do sangue e transtornos imunitários,58
353390,Cap 04,"IV. Doenças endócrinas, nutricionais e metabólicas",82
353390,Cap 05,V. Transtornos mentais e comportamentais,6
353390,Cap 06,VI. Doenças do sistema nervoso,71
353390,Cap 07,VII. Doenças do olho e anexos,6
353390,Cap 08,VIII. Doenças do ouvido e da apófise mastóide,8
353390,Cap 09,IX. Doenças do aparelho circulatório,478
353390,Cap 10,X. Doenças do aparelho respiratório,729
353390,Cap 11,XI. Doenças do aparelho digestivo,428
353390,Cap 12,XII. Doenças da pele e do tecido subcutâneo,103
353390,Cap 13,XIII. Doenças osteomusculares e do tecido conjuntivo,56
353390,Cap 14,XIV. Doenças do aparelho geniturinário,407
353390,Cap 15,"XV. Gravidez, parto e puerpério",454
353390,Cap 16,XVI. Afecções originadas no período perinatal,18
353390,Cap 17,XVII. Malformações congênitas e anomalias cromossômicas,3
353390,Cap 18,XVIII. Sintomas e achados anormais não classificados,125
353390,Cap 19,XIX. Lesões e envenenamentos por causas externas,475
353390,Cap 21,XXI. Contatos com serviços de saúde,47
353430,Cap 01,I. Doenças infecciosas e parasitárias,113
353430,Cap 02,II. Neoplasias (tumores),49
353430,Cap 03,III. Doenças do sangue e transtornos imunitários,26
353430,Cap 04,"IV. Doenças endócrinas, nutricionais e metabólicas",103
353430,Cap 05,V. Transtornos mentais e comportamentais,101
353430,Cap 06,VI. Doenças do sistema nervoso,60
353430,Cap 08,VIII. Doenças do ouvido e da apófise mastóide,6
353430,Cap 09,IX. Doenças do aparelho circulatório,253
353430,Cap 10,X. Doenças do aparelho respiratório,319
353430,Cap 11,XI. Doenças do aparelho digestivo,198
353430,Cap 12,XII. Doenças da pele e do tecido subcutâneo,14
353430,Cap 13,XIII. Doenças osteomusculares e do tecido conjuntivo,58
353430,Cap 14,XIV. Doenças do aparelho geniturinário,463
353430,Cap 15,"XV. Gravidez, parto e puerpério",535
353430,Cap 16,XVI. Afecções originadas no período perinatal,19
353430,Cap 17,XVII. Malformações congênitas e anomalias cromossômicas,4
353430,Cap 18,XVIII. Sintomas e achados anormais não classificados,110
353430,Cap 19,XIX. Lesões e envenenamentos por causas externas,301
353430,Cap 21,XXI. Contatos com serviços de saúde,23
353440,Cap 01,I. Doenças infecciosas e parasitárias,1186
353440,Cap 02,II. Neoplasias (tumores),973
353440,Cap 03,III. Doenças do sangue e transtornos imunitários,282
353440,Cap 04,"IV. Doenças endócrinas, nutricionais e metabólicas",560
353440,Cap 05,V. Transtornos mentais e comportamentais,326
353440,Cap 06,VI. Doenças do sistema nervoso,536
353440,Cap 07,VII. Doenças do olho e anexos,7
353440,Cap 08,VIII. Doenças do ouvido e da apófise mastóide,68
353440,Cap 09,IX. Doenças do aparelho circulatório,2613
353440,Cap 10,X. Doenças do aparelho respiratório,2435
353440,Cap 11,XI. Doenças do aparelho digestivo,3256
353440,Cap 12,XII. Doenças da pele e do tecido subcutâneo,498
353440,Cap 13,XIII. Doenças osteomusculares e do tecido conjuntivo,333
353440,Cap 14,XIV. Doenças do aparelho geniturinário,1844
353440,Cap 15,"XV. Gravidez, parto e puerpério",3892
353440,Cap 16,XVI. Afecções originadas no período perinatal,1404
353440,Cap 17,XVII. Malformações congênitas e anomalias cromossômicas,112
353440,Cap 18,XVIII. Sintomas e achados anormais não classificados,1119
353440,Cap 19,XIX. Lesões e envenenamentos por causas externas,4226
353440,Cap 21,XXI. Contatos com serviços de saúde,1530
353460,Cap 01,I. Doenças infecciosas e parasitárias,380
353460,Cap 02,II. Neoplasias (tumores),5
353460,Cap 03,III. Doenças do sangue e transtornos imunitários,58
353460,Cap 04,"IV. Doenças endócrinas, nutricionais e metabólicas",59
353460,Cap 05,V. Transtornos mentais e comportamentais,14
353460,Cap 06,VI. Doenças do sistema nervoso,57
353460,Cap 08,VIII. Doenças do ouvido e da apófise mastóide,7
353460,Cap 09,IX. Doenças do aparelho circulatório,305
353460,Cap 10,X. Doenças do aparelho respiratório,269
353460,Cap 11,XI. Doenças do aparelho digestivo,311
353460,Cap 12,XII. Doenças da pele e do tecido subcutâneo,47
353460,Cap 13,XIII. Doenças osteomusculares e do tecido conjuntivo,16
353460,Cap 14,XIV. Doenças do aparelho geniturinário,152
353460,Cap 15,"XV. Gravidez, parto e puerpério",257
353460,Cap 16,XVI. Afecções originadas no período perinatal,33
353460,Cap 18,XVIII. Sintomas e achados anormais não classificados,63
353460,Cap 19,XIX. Lesões e envenenamentos por causas externas,537
353460,Cap 21,XXI. Contatos com serviços de saúde,49
353470,Cap 01,I. Doenças infecciosas e parasitárias,307
353470,Cap 02,II. Neoplasias (tumores),815
353470,Cap 03,III. Doenças do sangue e transtornos imunitários,118
353470,Cap 04,"IV. Doenças endócrinas, nutricionais e metabólicas",223
353470,Cap 05,V. Transtornos mentais e comportamentais,19
353470,Cap 06,VI. Doenças do sistema nervoso,337
353470,Cap 07,VII. Doenças do olho e anexos,9
353470,Cap 08,VIII. Doenças do ouvido e da apófise mastóide,22
353470,Cap 09,IX. Doenças do aparelho circulatório,1649
353470,Cap 10,X. Doenças do aparelho respiratório,676
353470,Cap 11,XI. Doenças do aparelho digestivo,1278
353470,Cap 12,XII. Doenças da pele e do tecido subcutâneo,126
353470,Cap 13,XIII. Doenças osteomusculares e do tecido conjuntivo,165
353470,Cap 14,XIV. Doenças do aparelho geniturinário,1066
353470,Cap 15,"XV. Gravidez, parto e puerpério",1602
353470,Cap 16,XVI. Afecções originadas no período perinatal,350
353470,Cap 17,XVII. Malformações congênitas e anomalias cromossômicas,13
353470,Cap 18,XVIII. Sintomas e achados anormais não classificados,7
353470,Cap 19,XIX. Lesões e envenenamentos por causas externas,1496
353470,Cap 21,XXI. Contatos com serviços de saúde,280
353475,Cap 01,I. Doenças infecciosas e parasitárias,28
353475,Cap 02,II. Neoplasias (tumores),11
353475,Cap 03,III. Doenças do sangue e transtornos imunitários,15
353475,Cap 04,"IV. Doenças endócrinas, nutricionais e metabólicas",12
353475,Cap 05,V. Transtornos mentais e comportamentais,2
353475,Cap 06,VI. Doenças do sistema nervoso,8
353475,Cap 08,VIII. Doenças do ouvido e da apófise mastóide,1
353475,Cap 09,IX. Doenças do aparelho circulatório,38
353475,Cap 10,X. Doenças do aparelho respiratório,125
353475,Cap 11,XI. Doenças do aparelho digestivo,70
353475,Cap 12,XII. Doenças da pele e do tecido subcutâneo,32
353475,Cap 13,XIII. Doenças osteomusculares e do tecido conjuntivo,38
353475,Cap 14,XIV. Doenças do aparelho geniturinário,138
353475,Cap 15,"XV. Gravidez, parto e puerpério",39
353475,Cap 16,XVI. Afecções originadas no período perinatal,1
353475,Cap 18,XVIII. Sintomas e achados anormais não classificados,1
353475,Cap 19,XIX. Lesões e envenenamentos por causas externas,15
353520,Cap 01,I. Doenças infecciosas e parasitárias,68
353520,Cap 02,II. Neoplasias (tumores),2
353520,Cap 03,III. Doenças do sangue e transtornos imunitários,19
353520,Cap 04,"IV. Doenças endócrinas, nutricionais e metabólicas",72
353520,Cap 06,VI. Doenças do sistema nervoso,7
353520,Cap 09,IX. Doenças do aparelho circulatório,63
353520,Cap 10,X. Doenças do aparelho respiratório,180
353520,Cap 11,XI. Doenças do aparelho digestivo,61
353520,Cap 12,XII. Doenças da pele e do tecido subcutâneo,18
353520,Cap 13,XIII. Doenças osteomusculares e do tecido conjuntivo,77
353520,Cap 14,XIV. Doenças do aparelho geniturinário,144
353520,Cap 15,"XV. Gravidez, parto e puerpério",1
353520,Cap 19,XIX. Lesões e envenenamentos por causas externas,2
353530,Cap 01,I. Doenças infecciosas e parasitárias,57
353530,Cap 02,II. Neoplasias (tumores),2
353530,Cap 03,III. Doenças do sangue e transtornos imunitários,43
353530,Cap 04,"IV. Doenças endócrinas, nutricionais e metabólicas",206
353530,Cap 05,V. Transtornos mentais e comportamentais,1
353530,Cap 06,VI. Doenças do sistema nervoso,49
353530,Cap 08,VIII. Doenças do ouvido e da apófise mastóide,4
353530,Cap 09,IX. Doenças do aparelho circulatório,390
353530,Cap 10,X. Doenças do aparelho respiratório,330
353530,Cap 11,XI. Doenças do aparelho digestivo,367
353530,Cap 12,XII. Doenças da pele e do tecido subcutâneo,33
353530,Cap 13,XIII. Doenças osteomusculares e do tecido conjuntivo,24
353530,Cap 14,XIV. Doenças do aparelho geniturinário,268
353530,Cap 15,"XV. Gravidez, parto e puerpério",194
353530,Cap 16,XVI. Afecções originadas no período perinatal,18
353530,Cap 17,XVII. Malformações congênitas e anomalias cromossômicas,20
353530,Cap 18,XVIII. Sintomas e achados anormais não classificados,31
353530,Cap 19,XIX. Lesões e envenenamentos por causas externas,158
353530,Cap 21,XXI. Contatos com serviços de saúde,156
353550,Cap 01,I. Doenças infecciosas e parasitárias,127
353550,Cap 02,II. Neoplasias (tumores),168
353550,Cap 03,III. Doenças do sangue e transtornos imunitários,52
353550,Cap 04,"IV. Doenças endócrinas, nutricionais e metabólicas",93
353550,Cap 05,V. Transtornos mentais e comportamentais,136
353550,Cap 06,VI. Doenças do sistema nervoso,81
353550,Cap 07,VII. Doenças do olho e anexos,819
353550,Cap 08,VIII. Doenças do ouvido e da apófise mastóide,1
353550,Cap 09,IX. Doenças do aparelho circulatório,506
353550,Cap 10,X. Doenças do aparelho respiratório,527
353550,Cap 11,XI. Doenças do aparelho digestivo,451
353550,Cap 12,XII. Doenças da pele e do tecido subcutâneo,344
353550,Cap 13,XIII. Doenças osteomusculares e do tecido conjuntivo,122
353550,Cap 14,XIV. Doenças do aparelho geniturinário,473
353550,Cap 15,"XV. Gravidez, parto e puerpério",652
353550,Cap 16,XVI. Afecções originadas no período perinatal,39
353550,Cap 17,XVII. Malformações congênitas e anomalias cromossômicas,4
353550,Cap 18,XVIII. Sintomas e achados anormais não classificados,160
353550,Cap 19,XIX. Lesões e envenenamentos por causas externas,492
353550,Cap 21,XXI. Contatos com serviços de saúde,79
353580,Cap 01,I. Doenças infecciosas e parasitárias,17
353580,Cap 02,II. Neoplasias (tumores),7
353580,Cap 03,III. Doenças do sangue e transtornos imunitários,42
353580,Cap 04,"IV. Doenças endócrinas, nutricionais e metabólicas",17
353580,Cap 05,V. Transtornos mentais e comportamentais,23
353580,Cap 06,VI. Doenças do sistema nervoso,35
353580,Cap 09,IX. Doenças do aparelho circulatório,35
353580,Cap 10,X. Doenças do aparelho respiratório,161
353580,Cap 11,XI. Doenças do aparelho digestivo,54
353580,Cap 12,XII. Doenças da pele e do tecido subcutâneo,37
353580,Cap 13,XIII. Doenças osteomusculares e do tecido conjuntivo,36
353580,Cap 14,XIV. Doenças do aparelho geniturinário,105
353580,Cap 15,"XV. Gravidez, parto e puerpério",187
353580,Cap 18,XVIII. Sintomas e achados anormais não classificados,5
353580,Cap 19,XIX. Lesões e envenenamentos por causas externas,6
353580,Cap 21,XXI. Contatos com serviços de saúde,30
353600,Cap 01,I. Doenças infecciosas e parasitárias,29
353600,Cap 02,II. Neoplasias (tumores),8
353600,Cap 04,"IV. Doenças endócrinas, nutricionais e metabólicas",13
353600,Cap 06,VI. Doenças do sistema nervoso,20
353600,Cap 09,IX. Doenças do aparelho circulatório,11
353600,Cap 10,X. Doenças do aparelho respiratório,43
353600,Cap 11,XI. Doenças do aparelho digestivo,8
353600,Cap 12,XII. Doenças da pele e do tecido subcutâneo,4
353600,Cap 14,XIV. Doenças do aparelho geniturinário,27
353600,Cap 15,"XV. Gravidez, parto e puerpério",6
353600,Cap 19,XIX. Lesões e envenenamentos por causas externas,15
353620,Cap 01,I. Doenças infecciosas e parasitárias,73
353620,Cap 02,II. Neoplasias (tumores),1161
353620,Cap 03,III. Doenças do sangue e transtornos imunitários,114
353620,Cap 04,"IV. Doenças endócrinas, nutricionais e metabólicas",121
353620,Cap 05,V. Transtornos mentais e comportamentais,8
353620,Cap 06,VI. Doenças do sistema nervoso,140
353620,Cap 07,VII. Doenças do olho e anexos,5
353620,Cap 08,VIII. Doenças do ouvido e da apófise mastóide,1
353620,Cap 09,IX. Doenças do aparelho circulatório,589
353620,Cap 10,X. Doenças do aparelho respiratório,435
353620,Cap 11,XI. Doenças do aparelho digestivo,1234
353620,Cap 12,XII. Doenças da pele e do tecido subcutâneo,199
353620,Cap 13,XIII. Doenças osteomusculares e do tecido conjuntivo,110
353620,Cap 14,XIV. Doenças do aparelho geniturinário,1314
353620,Cap 15,"XV. Gravidez, parto e puerpério",2254
353620,Cap 16,XVI. Afecções originadas no período perinatal,272
353620,Cap 17,XVII. Malformações congênitas e anomalias cromossômicas,16
353620,Cap 18,XVIII. Sintomas e achados anormais não classificados,291
353620,Cap 19,XIX. Lesões e envenenamentos por causas externas,826
353620,Cap 21,XXI. Contatos com serviços de saúde,355
353630,Cap 01,I. Doenças infecciosas e parasitárias,41
353630,Cap 02,II. Neoplasias (tumores),7
353630,Cap 03,III. Doenças do sangue e transtornos imunitários,21
353630,Cap 04,"IV. Doenças endócrinas, nutricionais e metabólicas",19
353630,Cap 05,V. Transtornos mentais e comportamentais,32
353630,Cap 06,VI. Doenças do sistema nervoso,26
353630,Cap 07,VII. Doenças do olho e anexos,2
353630,Cap 08,VIII. Doenças do ouvido e da apófise mastóide,2
353630,Cap 09,IX. Doenças do aparelho circulatório,61
353630,Cap 10,X. Doenças do aparelho respiratório,147
353630,Cap 11,XI. Doenças do aparelho digestivo,127
353630,Cap 12,XII. Doenças da pele e do tecido subcutâneo,18
353630,Cap 13,XIII. Doenças osteomusculares e do tecido conjuntivo,32
353630,Cap 14,XIV. Doenças do aparelho geniturinário,68
353630,Cap 15,"XV. Gravidez, parto e puerpério",175
353630,Cap 16,XVI. Afecções originadas no período perinatal,26
353630,Cap 17,XVII. Malformações congênitas e anomalias cromossômicas,2
353630,Cap 18,XVIII. Sintomas e achados anormais não classificados,19
353630,Cap 19,XIX. Lesões e envenenamentos por causas externas,138
353630,Cap 21,XXI. Contatos com serviços de saúde,20
353650,Cap 01,I. Doenças infecciosas e parasitárias,264
353650,Cap 02,II. Neoplasias (tumores),250
353650,Cap 03,III. Doenças do sangue e transtornos imunitários,17
353650,Cap 04,"IV. Doenças endócrinas, nutricionais e metabólicas",102
353650,Cap 05,V. Transtornos mentais e comportamentais,150
353650,Cap 06,VI. Doenças do sistema nervoso,63
353650,Cap 07,VII. Doenças do olho e anexos,7
353650,Cap 08,VIII. Doenças do ouvido e da apófise mastóide,12
353650,Cap 09,IX. Doenças do aparelho circulatório,496
353650,Cap 10,X. Doenças do aparelho respiratório,827
353650,Cap 11,XI. Doenças do aparelho digestivo,747
353650,Cap 12,XII. Doenças da pele e do tecido subcutâneo,117
353650,Cap 13,XIII. Doenças osteomusculares e do tecido conjuntivo,161
353650,Cap 14,XIV. Doenças do aparelho geniturinário,721
353650,Cap 15,"XV. Gravidez, parto e puerpério",515
353650,Cap 16,XVI. Afecções originadas no período perinatal,49
353650,Cap 17,XVII. Malformações congênitas e anomalias cromossômicas,29
353650,Cap 18,XVIII. Sintomas e achados anormais não classificados,282
353650,Cap 19,XIX. Lesões e envenenamentos por causas externas,365
353650,Cap 21,XXI. Contatos com serviços de saúde,119
353660,Cap 01,I. Doenças infecciosas e parasitárias,14
353660,Cap 02,II. Neoplasias (tumores),1
353660,Cap 03,III. Doenças do sangue e transtornos imunitários,2
353660,Cap 04,"IV. Doenças endócrinas, nutricionais e metabólicas",6
353660,Cap 09,IX. Doenças do aparelho circulatório,17
353660,Cap 10,X. Doenças do aparelho respiratório,45
353660,Cap 11,XI. Doenças do aparelho digestivo,6
353660,Cap 12,XII. Doenças da pele e do tecido subcutâneo,3
353660,Cap 13,XIII. Doenças osteomusculares e do tecido conjuntivo,3
353660,Cap 14,XIV. Doenças do aparelho geniturinário,35
353660,Cap 18,XVIII. Sintomas e achados anormais não classificados,4
353660,Cap 19,XIX. Lesões e envenenamentos por causas externas,3
353660,Cap 21,XXI. Contatos com serviços de saúde,1
353670,Cap 01,I. Doenças infecciosas e parasitárias,64
353670,Cap 02,II. Neoplasias (tumores),41
353670,Cap 03,III. Doenças do sangue e transtornos imunitários,21
353670,Cap 04,"IV. Doenças endócrinas, nutricionais e metabólicas",72
353670,Cap 05,V. Transtornos mentais e comportamentais,26
353670,Cap 06,VI. Doenças do sistema nervoso,29
353670,Cap 07,VII. Doenças do olho e anexos,1
353670,Cap 08,VIII. Doenças do ouvido e da apófise mastóide,7
353670,Cap 09,IX. Doenças do aparelho circulatório,287
353670,Cap 10,X. Doenças do aparelho respiratório,221
353670,Cap 11,XI. Doenças do aparelho digestivo,308
353670,Cap 12,XII. Doenças da pele e do tecido subcutâneo,71
353670,Cap 13,XIII. Doenças osteomusculares e do tecido conjuntivo,24
353670,Cap 14,XIV. Doenças do aparelho geniturinário,157
353670,Cap 15,"XV. Gravidez, parto e puerpério",306
353670,Cap 16,XVI. Afecções originadas no período perinatal,24
353670,Cap 18,XVIII. Sintomas e achados anormais não classificados,36
353670,Cap 19,XIX. Lesões e envenenamentos por causas externas,316
353670,Cap 21,XXI. Contatos com serviços de saúde,33
353700,Cap 01,I. Doenças infecciosas e parasitárias,96
353700,Cap 02,II. Neoplasias (tumores),26
353700,Cap 03,III. Doenças do sangue e transtornos imunitários,8
353700,Cap 04,"IV. Doenças endócrinas, nutricionais e metabólicas",28
353700,Cap 05,V. Transtornos mentais e comportamentais,19
353700,Cap 06,VI. Doenças do sistema nervoso,16
353700,Cap 07,VII. Doenças do olho e anexos,3
353700,Cap 08,VIII. Doenças do ouvido e da apófise mastóide,2
353700,Cap 09,IX. Doenças do aparelho circulatório,74
353700,Cap 10,X. Doenças do aparelho respiratório,151
353700,Cap 11,XI. Doenças do aparelho digestivo,59
353700,Cap 12,XII. Doenças da pele e do tecido subcutâneo,76
353700,Cap 13,XIII. Doenças osteomusculares e do tecido conjuntivo,18
353700,Cap 14,XIV. Doenças do aparelho geniturinário,79
353700,Cap 15,"XV. Gravidez, parto e puerpério",138
353700,Cap 16,XVI. Afecções originadas no período perinatal,8
353700,Cap 17,XVII. Malformações congênitas e anomalias cromossômicas,2
353700,Cap 18,XVIII. Sintomas e achados anormais não classificados,75
353700,Cap 19,XIX. Lesões e envenenamentos por causas externas,147
353700,Cap 21,XXI. Contatos com serviços de saúde,43
353710,Cap 01,I. Doenças infecciosas e parasitárias,68
353710,Cap 02,II. Neoplasias (tumores),30
353710,Cap 03,III. Doenças do sangue e transtornos imunitários,26
353710,Cap 04,"IV. Doenças endócrinas, nutricionais e metabólicas",26
353710,Cap 05,V. Transtornos mentais e comportamentais,107
353710,Cap 06,VI. Doenças do sistema nervoso,29
353710,Cap 09,IX. Doenças do aparelho circulatório,125
353710,Cap 10,X. Doenças do aparelho respiratório,162
353710,Cap 11,XI. Doenças do aparelho digestivo,242
353710,Cap 12,XII. Doenças da pele e do tecido subcutâneo,82
353710,Cap 13,XIII. Doenças osteomusculares e do tecido conjuntivo,36
353710,Cap 14,XIV. Doenças do aparelho geniturinário,50
353710,Cap 15,"XV. Gravidez, parto e puerpério",2
353710,Cap 18,XVIII. Sintomas e achados anormais não classificados,5
353710,Cap 19,XIX. Lesões e envenenamentos por causas externas,197
353710,Cap 21,XXI. Contatos com serviços de saúde,18
353730,Cap 01,I. Doenças infecciosas e parasitárias,253
353730,Cap 02,II. Neoplasias (tumores),273
353730,Cap 03,III. Doenças do sangue e transtornos imunitários,30
353730,Cap 04,"IV. Doenças endócrinas, nutricionais e metabólicas",62
353730,Cap 05,V. Transtornos mentais e comportamentais,364
353730,Cap 06,VI. Doenças do sistema nervoso,53
353730,Cap 08,VIII. Doenças do ouvido e da apófise mastóide,3
353730,Cap 09,IX. Doenças do aparelho circulatório,664
353730,Cap 10,X. Doenças do aparelho respiratório,740
353730,Cap 11,XI. Doenças do aparelho digestivo,719
353730,Cap 12,XII. Doenças da pele e do tecido subcutâneo,321
353730,Cap 13,XIII. Doenças osteomusculares e do tecido conjuntivo,202
353730,Cap 14,XIV. Doenças do aparelho geniturinário,411
353730,Cap 15,"XV. Gravidez, parto e puerpério",853
353730,Cap 16,XVI. Afecções originadas no período perinatal,94
353730,Cap 17,XVII. Malformações congênitas e anomalias cromossômicas,5
353730,Cap 18,XVIII. Sintomas e achados anormais não classificados,29
353730,Cap 19,XIX. Lesões e envenenamentos por causas externas,574
353730,Cap 21,XXI. Contatos com serviços de saúde,383
353740,Cap 01,I. Doenças infecciosas e parasitárias,48
353740,Cap 02,II. Neoplasias (tumores),21
353740,Cap 03,III. Doenças do sangue e transtornos imunitários,34
353740,Cap 04,"IV. Doenças endócrinas, nutricionais e metabólicas",9
353740,Cap 06,VI. Doenças do sistema nervoso,22
353740,Cap 08,VIII. Doenças do ouvido e da apófise mastóide,1
353740,Cap 09,IX. Doenças do aparelho circulatório,36
353740,Cap 10,X. Doenças do aparelho respiratório,106
353740,Cap 11,XI. Doenças do aparelho digestivo,82
353740,Cap 12,XII. Doenças da pele e do tecido subcutâneo,78
353740,Cap 13,XIII. Doenças osteomusculares e do tecido conjuntivo,120
353740,Cap 14,XIV. Doenças do aparelho geniturinário,160
353740,Cap 15,"XV. Gravidez, parto e puerpério",68
353740,Cap 18,XVIII. Sintomas e achados anormais não classificados,28
353740,Cap 19,XIX. Lesões e envenenamentos por causas externas,51
353740,Cap 21,XXI. Contatos com serviços de saúde,5
353780,Cap 01,I. Doenças infecciosas e parasitárias,179
353780,Cap 02,II. Neoplasias (tumores),60
353780,Cap 03,III. Doenças do sangue e transtornos imunitários,32
353780,Cap 04,"IV. Doenças endócrinas, nutricionais e metabólicas",82
353780,Cap 05,V. Transtornos mentais e comportamentais,240
353780,Cap 06,VI. Doenças do sistema nervoso,27
353780,Cap 07,VII. Doenças do olho e anexos,2
353780,Cap 08,VIII. Doenças do ouvido e da apófise mastóide,8
353780,Cap 09,IX. Doenças do aparelho circulatório,218
353780,Cap 10,X. Doenças do aparelho respiratório,602
353780,Cap 11,XI. Doenças do aparelho digestivo,266
353780,Cap 12,XII. Doenças da pele e do tecido subcutâneo,97
353780,Cap 13,XIII. Doenças osteomusculares e do tecido conjuntivo,81
353780,Cap 14,XIV. Doenças do aparelho geniturinário,351
353780,Cap 15,"XV. Gravidez, parto e puerpério",531
353780,Cap 16,XVI. Afecções originadas no período perinatal,45
353780,Cap 17,XVII. Malformações congênitas e anomalias cromossômicas,4
353780,Cap 18,XVIII. Sintomas e achados anormais não classificados,24
353780,Cap 19,XIX. Lesões e envenenamentos por causas externas,234
353780,Cap 21,XXI. Contatos com serviços de saúde,5
353790,Cap 01,I. Doenças infecciosas e parasitárias,38
353790,Cap 02,II. Neoplasias (tumores),16
353790,Cap 03,III. Doenças do sangue e transtornos imunitários,33
353790,Cap 04,"IV. Doenças endócrinas, nutricionais e metabólicas",15
353790,Cap 05,V. Transtornos mentais e comportamentais,18
353790,Cap 06,VI. Doenças do sistema nervoso,4
353790,Cap 07,VII. Doenças do olho e anexos,2
353790,Cap 08,VIII. Doenças do ouvido e da apófise mastóide,2
353790,Cap 09,IX. Doenças do aparelho circulatório,94
353790,Cap 10,X. Doenças do aparelho respiratório,127
353790,Cap 11,XI. Doenças do aparelho digestivo,130
353790,Cap 12,XII. Doenças da pele e do tecido subcutâneo,116
353790,Cap 13,XIII. Doenças osteomusculares e do tecido conjuntivo,6
353790,Cap 14,XIV. Doenças do aparelho geniturinário,50
353790,Cap 15,"XV. Gravidez, parto e puerpério",256
353790,Cap 16,XVI. Afecções originadas no período perinatal,17
353790,Cap 18,XVIII. Sintomas e achados anormais não classificados,34
353790,Cap 19,XIX. Lesões e envenenamentos por causas externas,78
353790,Cap 21,XXI. Contatos com serviços de saúde,53
353800,Cap 01,I. Doenças infecciosas e parasitárias,241
353800,Cap 02,II. Neoplasias (tumores),142
353800,Cap 03,III. Doenças do sangue e transtornos imunitários,32
353800,Cap 04,"IV. Doenças endócrinas, nutricionais e metabólicas",70
353800,Cap 05,V. Transtornos mentais e comportamentais,1
353800,Cap 06,VI. Doenças do sistema nervoso,65
353800,Cap 07,VII. Doenças do olho e anexos,10
353800,Cap 08,VIII. Doenças do ouvido e da apófise mastóide,17
353800,Cap 09,IX. Doenças do aparelho circulatório,336
353800,Cap 10,X. Doenças do aparelho respiratório,623
353800,Cap 11,XI. Doenças do aparelho digestivo,955
353800,Cap 12,XII. Doenças da pele e do tecido subcutâneo,157
353800,Cap 13,XIII. Doenças osteomusculares e do tecido conjuntivo,108
353800,Cap 14,XIV. Doenças do aparelho geniturinário,865
353800,Cap 15,"XV. Gravidez, parto e puerpério",2401
353800,Cap 16,XVI. Afecções originadas no período perinatal,413
353800,Cap 17,XVII. Malformações congênitas e anomalias cromossômicas,33
353800,Cap 18,XVIII. Sintomas e achados anormais não classificados,120
353800,Cap 19,XIX. Lesões e envenenamentos por causas externas,979
353800,Cap 21,XXI. Contatos com serviços de saúde,319
353860,Cap 01,I. Doenças infecciosas e parasitárias,48
353860,Cap 02,II. Neoplasias (tumores),20
353860,Cap 03,III. Doenças do sangue e transtornos imunitários,25
353860,Cap 04,"IV. Doenças endócrinas, nutricionais e metabólicas",12
353860,Cap 05,V. Transtornos mentais e comportamentais,20
353860,Cap 06,VI. Doenças do sistema nervoso,3
353860,Cap 09,IX. Doenças do aparelho circulatório,72
353860,Cap 10,X. Doenças do aparelho respiratório,130
353860,Cap 11,XI. Doenças do aparelho digestivo,10
353860,Cap 12,XII. Doenças da pele e do tecido subcutâneo,13
353860,Cap 13,XIII. Doenças osteomusculares e do tecido conjuntivo,3
353860,Cap 14,XIV. Doenças do aparelho geniturinário,128
353860,Cap 18,XVIII. Sintomas e achados anormais não classificados,2
353860,Cap 19,XIX. Lesões e envenenamentos por causas externas,9
353860,Cap 21,XXI. Contatos com serviços de saúde,2
353870,Cap 01,I. Doenças infecciosas e parasitárias,702
353870,Cap 02,II. Neoplasias (tumores),3928
353870,Cap 03,III. Doenças do sangue e transtornos imunitários,226
353870,Cap 04,"IV. Doenças endócrinas, nutricionais e metabólicas",795
353870,Cap 05,V. Transtornos mentais e comportamentais,28
353870,Cap 06,VI. Doenças do sistema nervoso,693
353870,Cap 07,VII. Doenças do olho e anexos,3057
353870,Cap 08,VIII. Doenças do ouvido e da apófise mastóide,112
353870,Cap 09,IX. Doenças do aparelho circulatório,3834
353870,Cap 10,X. Doenças do aparelho respiratório,1976
353870,Cap 11,XI. Doenças do aparelho digestivo,5338
353870,Cap 12,XII. Doenças da pele e do tecido subcutâneo,551
353870,Cap 13,XIII. Doenças osteomusculares e do tecido conjuntivo,1178
353870,Cap 14,XIV. Doenças do aparelho geniturinário,3595
353870,Cap 15,"XV. Gravidez, parto e puerpério",4100
353870,Cap 16,XVI. Afecções originadas no período perinatal,805
353870,Cap 17,XVII. Malformações congênitas e anomalias cromossômicas,112
353870,Cap 18,XVIII. Sintomas e achados anormais não classificados,443
353870,Cap 19,XIX. Lesões e envenenamentos por causas externas,3897
353870,Cap 21,XXI. Contatos com serviços de saúde,963
353880,Cap 01,I. Doenças infecciosas e parasitárias,216
353880,Cap 02,II. Neoplasias (tumores),25
353880,Cap 03,III. Doenças do sangue e transtornos imunitários,73
353880,Cap 04,"IV. Doenças endócrinas, nutricionais e metabólicas",67
353880,Cap 05,V. Transtornos mentais e comportamentais,18
353880,Cap 06,VI. Doenças do sistema nervoso,30
353880,Cap 08,VIII. Doenças do ouvido e da apófise mastóide,2
353880,Cap 09,IX. Doenças do aparelho circulatório,166
353880,Cap 10,X. Doenças do aparelho respiratório,359
353880,Cap 11,XI. Doenças do aparelho digestivo,256
353880,Cap 12,XII. Doenças da pele e do tecido subcutâneo,21
353880,Cap 13,XIII. Doenças osteomusculares e do tecido conjuntivo,34
353880,Cap 14,XIV. Doenças do aparelho geniturinário,199
353880,Cap 15,"XV. Gravidez, parto e puerpério",282
353880,Cap 16,XVI. Afecções originadas no período perinatal,59
353880,Cap 17,XVII. Malformações congênitas e anomalias cromossômicas,2
353880,Cap 18,XVIII. Sintomas e achados anormais não classificados,87
353880,Cap 19,XIX. Lesões e envenenamentos por causas externas,87
353880,Cap 21,XXI. Contatos com serviços de saúde,4
353890,Cap 01,I. Doenças infecciosas e parasitárias,50
353890,Cap 02,II. Neoplasias (tumores),38
353890,Cap 03,III. Doenças do sangue e transtornos imunitários,37
353890,Cap 04,"IV. Doenças endócrinas, nutricionais e metabólicas",21
353890,Cap 05,V. Transtornos mentais e comportamentais,23
353890,Cap 06,VI. Doenças do sistema nervoso,38
353890,Cap 08,VIII. Doenças do ouvido e da apófise mastóide,2
353890,Cap 09,IX. Doenças do aparelho circulatório,105
353890,Cap 10,X. Doenças do aparelho respiratório,178
353890,Cap 11,XI. Doenças do aparelho digestivo,625
353890,Cap 12,XII. Doenças da pele e do tecido subcutâneo,27
353890,Cap 13,XIII. Doenças osteomusculares e do tecido conjuntivo,5
353890,Cap 14,XIV. Doenças do aparelho geniturinário,115
353890,Cap 15,"XV. Gravidez, parto e puerpério",7
353890,Cap 17,XVII. Malformações congênitas e anomalias cromossômicas,1
353890,Cap 18,XVIII. Sintomas e achados anormais não classificados,18
353890,Cap 19,XIX. Lesões e envenenamentos por causas externas,32
353890,Cap 21,XXI. Contatos com serviços de saúde,26
353900,Cap 01,I. Doenças infecciosas e parasitárias,52
353900,Cap 02,II. Neoplasias (tumores),9
353900,Cap 03,III. Doenças do sangue e transtornos imunitários,7
353900,Cap 04,"IV. Doenças endócrinas, nutricionais e metabólicas",30
353900,Cap 05,V. Transtornos mentais e comportamentais,2
353900,Cap 07,VII. Doenças do olho e anexos,71
353900,Cap 08,VIII. Doenças do ouvido e da apófise mastóide,2
353900,Cap 09,IX. Doenças do aparelho circulatório,159
353900,Cap 10,X. Doenças do aparelho respiratório,527
353900,Cap 11,XI. Doenças do aparelho digestivo,527
353900,Cap 12,XII. Doenças da pele e do tecido subcutâneo,55
353900,Cap 13,XIII. Doenças osteomusculares e do tecido conjuntivo,2
353900,Cap 14,XIV. Doenças do aparelho geniturinário,75
353900,Cap 15,"XV. Gravidez, parto e puerpério",4
353900,Cap 17,XVII. Malformações congênitas e anomalias cromossômicas,50
353900,Cap 18,XVIII. Sintomas e achados anormais não classificados,12
353900,Cap 21,XXI. Contatos com serviços de saúde,2
353930,Cap 01,I. Doenças infecciosas e parasitárias,78
353930,Cap 02,II. Neoplasias (tumores),63
353930,Cap 03,III. Doenças do sangue e transtornos imunitários,62
353930,Cap 04,"IV. Doenças endócrinas, nutricionais e metabólicas",64
353930,Cap 05,V. Transtornos mentais e comportamentais,87
353930,Cap 06,VI. Doenças do sistema nervoso,28
353930,Cap 07,VII. Doenças do olho e anexos,6
353930,Cap 08,VIII. Doenças do ouvido e da apófise mastóide,1
353930,Cap 09,IX. Doenças do aparelho circulatório,290
353930,Cap 10,X. Doenças do aparelho respiratório,380
353930,Cap 11,XI. Doenças do aparelho digestivo,235
353930,Cap 12,XII. Doenças da pele e do tecido subcutâneo,27
353930,Cap 13,XIII. Doenças osteomusculares e do tecido conjuntivo,29
353930,Cap 14,XIV. Doenças do aparelho geniturinário,327
353930,Cap 15,"XV. Gravidez, parto e puerpério",431
353930,Cap 16,XVI. Afecções originadas no período perinatal,49
353930,Cap 17,XVII. Malformações congênitas e anomalias cromossômicas,4
353930,Cap 18,XVIII. Sintomas e achados anormais não classificados,93
353930,Cap 19,XIX. Lesões e envenenamentos por causas externas,358
353930,Cap 21,XXI. Contatos com serviços de saúde,63
353940,Cap 01,I. Doenças infecciosas e parasitárias,19
353940,Cap 02,II. Neoplasias (tumores),8
353940,Cap 03,III. Doenças do sangue e transtornos imunitários,6
353940,Cap 04,"IV. Doenças endócrinas, nutricionais e metabólicas",7
353940,Cap 06,VI. Doenças do sistema nervoso,1
353940,Cap 09,IX. Doenças do aparelho circulatório,17
353940,Cap 10,X. Doenças do aparelho respiratório,72
353940,Cap 11,XI. Doenças do aparelho digestivo,17
353940,Cap 12,XII. Doenças da pele e do tecido subcutâneo,10
353940,Cap 13,XIII. Doenças osteomusculares e do tecido conjuntivo,2
353940,Cap 14,XIV. Doenças do aparelho geniturinário,89
353940,Cap 18,XVIII. Sintomas e achados anormais não classificados,4
353940,Cap 19,XIX. Lesões e envenenamentos por causas externas,40
353950,Cap 01,I. Doenças infecciosas e parasitárias,44
353950,Cap 02,II. Neoplasias (tumores),43
353950,Cap 03,III. Doenças do sangue e transtornos imunitários,28
353950,Cap 04,"IV. Doenças endócrinas, nutricionais e metabólicas",18
353950,Cap 05,V. Transtornos mentais e comportamentais,91
353950,Cap 06,VI. Doenças do sistema nervoso,17
353950,Cap 07,VII. Doenças do olho e anexos,2
353950,Cap 08,VIII. Doenças do ouvido e da apófise mastóide,6
353950,Cap 09,IX. Doenças do aparelho circulatório,126
353950,Cap 10,X. Doenças do aparelho respiratório,146
353950,Cap 11,XI. Doenças do aparelho digestivo,219
353950,Cap 12,XII. Doenças da pele e do tecido subcutâneo,35
353950,Cap 13,XIII. Doenças osteomusculares e do tecido conjuntivo,34
353950,Cap 14,XIV. Doenças do aparelho geniturinário,147
353950,Cap 15,"XV. Gravidez, parto e puerpério",222
353950,Cap 16,XVI. Afecções originadas no período perinatal,27
353950,Cap 17,XVII. Malformações congênitas e anomalias cromossômicas,1
353950,Cap 18,XVIII. Sintomas e achados anormais não classificados,74
353950,Cap 19,XIX. Lesões e envenenamentos por causas externas,110
353950,Cap 21,XXI. Contatos com serviços de saúde,73
354000,Cap 01,I. Doenças infecciosas e parasitárias,40
354000,Cap 02,II. Neoplasias (tumores),43
354000,Cap 03,III. Doenças do sangue e transtornos imunitários,18
354000,Cap 04,"IV. Doenças endócrinas, nutricionais e metabólicas",13
354000,Cap 05,V. Transtornos mentais e comportamentais,1
354000,Cap 06,VI. Doenças do sistema nervoso,21
354000,Cap 08,VIII. Doenças do ouvido e da apófise mastóide,2
354000,Cap 09,IX. Doenças do aparelho circulatório,103
354000,Cap 10,X. Doenças do aparelho respiratório,148
354000,Cap 11,XI. Doenças do aparelho digestivo,35
354000,Cap 12,XII. Doenças da pele e do tecido subcutâneo,59
354000,Cap 13,XIII. Doenças osteomusculares e do tecido conjuntivo,10
354000,Cap 14,XIV. Doenças do aparelho geniturinário,103
354000,Cap 15,"XV. Gravidez, parto e puerpério",1
354000,Cap 17,XVII. Malformações congênitas e anomalias cromossômicas,5
354000,Cap 18,XVIII. Sintomas e achados anormais não classificados,33
354000,Cap 19,XIX. Lesões e envenenamentos por causas externas,6
354000,Cap 21,XXI. Contatos com serviços de saúde,195
354020,Cap 01,I. Doenças infecciosas e parasitárias,30
354020,Cap 02,II. Neoplasias (tumores),12
354020,Cap 03,III. Doenças do sangue e transtornos imunitários,21
354020,Cap 04,"IV. Doenças endócrinas, nutricionais e metabólicas",12
354020,Cap 06,VI. Doenças do sistema nervoso,9
354020,Cap 07,VII. Doenças do olho e anexos,204
354020,Cap 08,VIII. Doenças do ouvido e da apófise mastóide,2
354020,Cap 09,IX. Doenças do aparelho circulatório,282
354020,Cap 10,X. Doenças do aparelho respiratório,159
354020,Cap 11,XI. Doenças do aparelho digestivo,54
354020,Cap 12,XII. Doenças da pele e do tecido subcutâneo,28
354020,Cap 13,XIII. Doenças osteomusculares e do tecido conjuntivo,17
354020,Cap 14,XIV. Doenças do aparelho geniturinário,79
354020,Cap 15,"XV. Gravidez, parto e puerpério",209
354020,Cap 16,XVI. Afecções originadas no período perinatal,14
354020,Cap 17,XVII. Malformações congênitas e anomalias cromossômicas,1
354020,Cap 18,XVIII. Sintomas e achados anormais não classificados,98
354020,Cap 19,XIX. Lesões e envenenamentos por causas externas,129
354020,Cap 21,XXI. Contatos com serviços de saúde,54
354040,Cap 01,I. Doenças infecciosas e parasitárias,19
354040,Cap 02,II. Neoplasias (tumores),1
354040,Cap 03,III. Doenças do sangue e transtornos imunitários,2
354040,Cap 04,"IV. Doenças endócrinas, nutricionais e metabólicas",37
354040,Cap 05,V. Transtornos mentais e comportamentais,3
354040,Cap 08,VIII. Doenças do ouvido e da apófise mastóide,1
354040,Cap 09,IX. Doenças do aparelho circulatório,5
354040,Cap 10,X. Doenças do aparelho respiratório,39
354040,Cap 11,XI. Doenças do aparelho digestivo,5
354040,Cap 12,XII. Doenças da pele e do tecido subcutâneo,7
354040,Cap 13,XIII. Doenças osteomusculares e do tecido conjuntivo,1
354040,Cap 14,XIV. Doenças do aparelho geniturinário,37
354040,Cap 18,XVIII. Sintomas e achados anormais não classificados,1
354040,Cap 21,XXI. Contatos com serviços de saúde,1
354060,Cap 01,I. Doenças infecciosas e parasitárias,150
354060,Cap 02,II. Neoplasias (tumores),235
354060,Cap 03,III. Doenças do sangue e transtornos imunitários,74
354060,Cap 04,"IV. Doenças endócrinas, nutricionais e metabólicas",62
354060,Cap 05,V. Transtornos mentais e comportamentais,48
354060,Cap 06,VI. Doenças do sistema nervoso,43
354060,Cap 07,VII. Doenças do olho e anexos,1069
354060,Cap 08,VIII. Doenças do ouvido e da apófise mastóide,4
354060,Cap 09,IX. Doenças do aparelho circulatório,361
354060,Cap 10,X. Doenças do aparelho respiratório,314
354060,Cap 11,XI. Doenças do aparelho digestivo,565
354060,Cap 12,XII. Doenças da pele e do tecido subcutâneo,109
354060,Cap 13,XIII. Doenças osteomusculares e do tecido conjuntivo,60
354060,Cap 14,XIV. Doenças do aparelho geniturinário,441
354060,Cap 15,"XV. Gravidez, parto e puerpério",379
354060,Cap 16,XVI. Afecções originadas no período perinatal,18
354060,Cap 17,XVII. Malformações congênitas e anomalias cromossômicas,9
354060,Cap 18,XVIII. Sintomas e achados anormais não classificados,70
354060,Cap 19,XIX. Lesões e envenenamentos por causas externas,308
354060,Cap 21,XXI. Contatos com serviços de saúde,104
354070,Cap 01,I. Doenças infecciosas e parasitárias,116
354070,Cap 02,II. Neoplasias (tumores),54
354070,Cap 03,III. Doenças do sangue e transtornos imunitários,91
354070,Cap 04,"IV. Doenças endócrinas, nutricionais e metabólicas",73
354070,Cap 05,V. Transtornos mentais e comportamentais,2
354070,Cap 06,VI. Doenças do sistema nervoso,48
354070,Cap 07,VII. Doenças do olho e anexos,1
354070,Cap 08,VIII. Doenças do ouvido e da apófise mastóide,3
354070,Cap 09,IX. Doenças do aparelho circulatório,192
354070,Cap 10,X. Doenças do aparelho respiratório,385
354070,Cap 11,XI. Doenças do aparelho digestivo,274
354070,Cap 12,XII. Doenças da pele e do tecido subcutâneo,62
354070,Cap 13,XIII. Doenças osteomusculares e do tecido conjuntivo,39
354070,Cap 14,XIV. Doenças do aparelho geniturinário,337
354070,Cap 15,"XV. Gravidez, parto e puerpério",389
354070,Cap 16,XVI. Afecções originadas no período perinatal,28
354070,Cap 17,XVII. Malformações congênitas e anomalias cromossômicas,3
354070,Cap 18,XVIII. Sintomas e achados anormais não classificados,93
354070,Cap 19,XIX. Lesões e envenenamentos por causas externas,215
354070,Cap 21,XXI. Contatos com serviços de saúde,53
354080,Cap 01,I. Doenças infecciosas e parasitárias,131
354080,Cap 02,II. Neoplasias (tumores),2
354080,Cap 03,III. Doenças do sangue e transtornos imunitários,6
354080,Cap 04,"IV. Doenças endócrinas, nutricionais e metabólicas",63
354080,Cap 05,V. Transtornos mentais e comportamentais,2
354080,Cap 06,VI. Doenças do sistema nervoso,5
354080,Cap 08,VIII. Doenças do ouvido e da apófise mastóide,32
354080,Cap 09,IX. Doenças do aparelho circulatório,32
354080,Cap 10,X. Doenças do aparelho respiratório,193
354080,Cap 11,XI. Doenças do aparelho digestivo,107
354080,Cap 12,XII. Doenças da pele e do tecido subcutâneo,9
354080,Cap 13,XIII. Doenças osteomusculares e do tecido conjuntivo,28
354080,Cap 14,XIV. Doenças do aparelho geniturinário,217
354080,Cap 15,"XV. Gravidez, parto e puerpério",5
354080,Cap 18,XVIII. Sintomas e achados anormais não classificados,4
354080,Cap 19,XIX. Lesões e envenenamentos por causas externas,40
354100,Cap 01,I. Doenças infecciosas e parasitárias,352
354100,Cap 02,II. Neoplasias (tumores),274
354100,Cap 03,III. Doenças do sangue e transtornos imunitários,171
354100,Cap 04,"IV. Doenças endócrinas, nutricionais e metabólicas",179
354100,Cap 05,V. Transtornos mentais e comportamentais,575
354100,Cap 06,VI. Doenças do sistema nervoso,91
354100,Cap 07,VII. Doenças do olho e anexos,6
354100,Cap 08,VIII. Doenças do ouvido e da apófise mastóide,7
354100,Cap 09,IX. Doenças do aparelho circulatório,522
354100,Cap 10,X. Doenças do aparelho respiratório,997
354100,Cap 11,XI. Doenças do aparelho digestivo,1090
354100,Cap 12,XII. Doenças da pele e do tecido subcutâneo,232
354100,Cap 13,XIII. Doenças osteomusculares e do tecido conjuntivo,393
354100,Cap 14,XIV. Doenças do aparelho geniturinário,661
354100,Cap 15,"XV. Gravidez, parto e puerpério",2004
354100,Cap 16,XVI. Afecções originadas no período perinatal,1162
354100,Cap 17,XVII. Malformações congênitas e anomalias cromossômicas,56
354100,Cap 18,XVIII. Sintomas e achados anormais não classificados,269
354100,Cap 19,XIX. Lesões e envenenamentos por causas externas,1819
354100,Cap 21,XXI. Contatos com serviços de saúde,320
354120,Cap 01,I. Doenças infecciosas e parasitárias,392
354120,Cap 03,III. Doenças do sangue e transtornos imunitários,11
354120,Cap 04,"IV. Doenças endócrinas, nutricionais e metabólicas",134
354120,Cap 06,VI. Doenças do sistema nervoso,57
354120,Cap 09,IX. Doenças do aparelho circulatório,78
354120,Cap 10,X. Doenças do aparelho respiratório,236
354120,Cap 11,XI. Doenças do aparelho digestivo,141
354120,Cap 14,XIV. Doenças do aparelho geniturinário,194
354120,Cap 18,XVIII. Sintomas e achados anormais não classificados,1
354120,Cap 21,XXI. Contatos com serviços de saúde,1
354130,Cap 01,I. Doenças infecciosas e parasitárias,304
354130,Cap 02,II. Neoplasias (tumores),108
354130,Cap 03,III. Doenças do sangue e transtornos imunitários,26
354130,Cap 04,"IV. Doenças endócrinas, nutricionais e metabólicas",141
354130,Cap 05,V. Transtornos mentais e comportamentais,117
354130,Cap 06,VI. Doenças do sistema nervoso,26
354130,Cap 08,VIII. Doenças do ouvido e da apófise mastóide,1
354130,Cap 09,IX. Doenças do aparelho circulatório,424
354130,Cap 10,X. Doenças do aparelho respiratório,299
354130,Cap 11,XI. Doenças do aparelho digestivo,371
354130,Cap 12,XII. Doenças da pele e do tecido subcutâneo,61
354130,Cap 13,XIII. Doenças osteomusculares e do tecido conjuntivo,23
354130,Cap 14,XIV. Doenças do aparelho geniturinário,332
354130,Cap 15,"XV. Gravidez, parto e puerpério",321
354130,Cap 16,XVI. Afecções originadas no período perinatal,7
354130,Cap 17,XVII. Malformações congênitas e anomalias cromossômicas,1
354130,Cap 18,XVIII. Sintomas e achados anormais não classificados,41
354130,Cap 19,XIX. Lesões e envenenamentos por causas externas,314
354130,Cap 21,XXI. Contatos com serviços de saúde,51
354140,Cap 01,I. Doenças infecciosas e parasitárias,1663
354140,Cap 02,II. Neoplasias (tumores),6285
354140,Cap 03,III. Doenças do sangue e transtornos imunitários,268
354140,Cap 04,"IV. Doenças endócrinas, nutricionais e metabólicas",693
354140,Cap 05,V. Transtornos mentais e comportamentais,2341
354140,Cap 06,VI. Doenças do sistema nervoso,758
354140,Cap 07,VII. Doenças do olho e anexos,3801
354140,Cap 08,VIII. Doenças do ouvido e da apófise mastóide,87
354140,Cap 09,IX. Doenças do aparelho circulatório,5284
354140,Cap 10,X. Doenças do aparelho respiratório,2155
354140,Cap 11,XI. Doenças do aparelho digestivo,5140
354140,Cap 12,XII. Doenças da pele e do tecido subcutâneo,615
354140,Cap 13,XIII. Doenças osteomusculares e do tecido conjuntivo,1532
354140,Cap 14,XIV. Doenças do aparelho geniturinário,3345
354140,Cap 15,"XV. Gravidez, parto e puerpério",4022
354140,Cap 16,XVI. Afecções originadas no período perinatal,931
354140,Cap 17,XVII. Malformações congênitas e anomalias cromossômicas,260
354140,Cap 18,XVIII. Sintomas e achados anormais não classificados,942
354140,Cap 19,XIX. Lesões e envenenamentos por causas externas,3498
354140,Cap 21,XXI. Contatos com serviços de saúde,512
354150,Cap 01,I. Doenças infecciosas e parasitárias,120
354150,Cap 02,II. Neoplasias (tumores),69
354150,Cap 03,III. Doenças do sangue e transtornos imunitários,56
354150,Cap 04,"IV. Doenças endócrinas, nutricionais e metabólicas",89
354150,Cap 05,V. Transtornos mentais e comportamentais,192
354150,Cap 06,VI. Doenças do sistema nervoso,24
354150,Cap 07,VII. Doenças do olho e anexos,1
354150,Cap 08,VIII. Doenças do ouvido e da apófise mastóide,7
354150,Cap 09,IX. Doenças do aparelho circulatório,278
354150,Cap 10,X. Doenças do aparelho respiratório,380
354150,Cap 11,XI. Doenças do aparelho digestivo,220
354150,Cap 12,XII. Doenças da pele e do tecido subcutâneo,47
354150,Cap 13,XIII. Doenças osteomusculares e do tecido conjuntivo,28
354150,Cap 14,XIV. Doenças do aparelho geniturinário,250
354150,Cap 15,"XV. Gravidez, parto e puerpério",210
354150,Cap 16,XVI. Afecções originadas no período perinatal,9
354150,Cap 17,XVII. Malformações congênitas e anomalias cromossômicas,1
354150,Cap 18,XVIII. Sintomas e achados anormais não classificados,34
354150,Cap 19,XIX. Lesões e envenenamentos por causas externas,157
354150,Cap 21,XXI. Contatos com serviços de saúde,6
354160,Cap 01,I. Doenças infecciosas e parasitárias,113
354160,Cap 02,II. Neoplasias (tumores),169
354160,Cap 03,III. Doenças do sangue e transtornos imunitários,14
354160,Cap 04,"IV. Doenças endócrinas, nutricionais e metabólicas",76
354160,Cap 05,V. Transtornos mentais e comportamentais,24
354160,Cap 06,VI. Doenças do sistema nervoso,115
354160,Cap 08,VIII. Doenças do ouvido e da apófise mastóide,3
354160,Cap 09,IX. Doenças do aparelho circulatório,404
354160,Cap 10,X. Doenças do aparelho respiratório,428
354160,Cap 11,XI. Doenças do aparelho digestivo,1241
354160,Cap 12,XII. Doenças da pele e do tecido subcutâneo,79
354160,Cap 13,XIII. Doenças osteomusculares e do tecido conjuntivo,240
354160,Cap 14,XIV. Doenças do aparelho geniturinário,534
354160,Cap 15,"XV. Gravidez, parto e puerpério",7
354160,Cap 17,XVII. Malformações congênitas e anomalias cromossômicas,16
354160,Cap 18,XVIII. Sintomas e achados anormais não classificados,66
354160,Cap 19,XIX. Lesões e envenenamentos por causas externas,361
354160,Cap 21,XXI. Contatos com serviços de saúde,344
354190,Cap 01,I. Doenças infecciosas e parasitárias,4
354190,Cap 02,II. Neoplasias (tumores),6
354190,Cap 03,III. Doenças do sangue e transtornos imunitários,1
354190,Cap 04,"IV. Doenças endócrinas, nutricionais e metabólicas",11
354190,Cap 05,V. Transtornos mentais e comportamentais,17
354190,Cap 09,IX. Doenças do aparelho circulatório,16
354190,Cap 10,X. Doenças do aparelho respiratório,39
354190,Cap 11,XI. Doenças do aparelho digestivo,6
354190,Cap 12,XII. Doenças da pele e do tecido subcutâneo,8
354190,Cap 13,XIII. Doenças osteomusculares e do tecido conjuntivo,1
354190,Cap 14,XIV. Doenças do aparelho geniturinário,50
354190,Cap 19,XIX. Lesões e envenenamentos por causas externas,3
354220,Cap 01,I. Doenças infecciosas e parasitárias,160
354220,Cap 02,II. Neoplasias (tumores),80
354220,Cap 03,III. Doenças do sangue e transtornos imunitários,60
354220,Cap 04,"IV. Doenças endócrinas, nutricionais e metabólicas",174
354220,Cap 05,V. Transtornos mentais e comportamentais,168
354220,Cap 06,VI. Doenças do sistema nervoso,47
354220,Cap 07,VII. Doenças do olho e anexos,1
354220,Cap 08,VIII. Doenças do ouvido e da apófise mastóide,4
354220,Cap 09,IX. Doenças do aparelho circulatório,639
354220,Cap 10,X. Doenças do aparelho respiratório,727
354220,Cap 11,XI. Doenças do aparelho digestivo,700
354220,Cap 12,XII. Doenças da pele e do tecido subcutâneo,270
354220,Cap 13,XIII. Doenças osteomusculares e do tecido conjuntivo,72
354220,Cap 14,XIV. Doenças do aparelho geniturinário,330
354220,Cap 15,"XV. Gravidez, parto e puerpério",332
354220,Cap 16,XVI. Afecções originadas no período perinatal,13
354220,Cap 17,XVII. Malformações congênitas e anomalias cromossômicas,6
354220,Cap 18,XVIII. Sintomas e achados anormais não classificados,102
354220,Cap 19,XIX. Lesões e envenenamentos por causas externas,509
354220,Cap 21,XXI. Contatos com serviços de saúde,77
354240,Cap 01,I. Doenças infecciosas e parasitárias,75
354240,Cap 02,II. Neoplasias (tumores),22
354240,Cap 03,III. Doenças do sangue e transtornos imunitários,39
354240,Cap 04,"IV. Doenças endócrinas, nutricionais e metabólicas",137
354240,Cap 05,V. Transtornos mentais e comportamentais,59
354240,Cap 06,VI. Doenças do sistema nervoso,19
354240,Cap 09,IX. Doenças do aparelho circulatório,189
354240,Cap 10,X. Doenças do aparelho respiratório,170
354240,Cap 11,XI. Doenças do aparelho digestivo,98
354240,Cap 12,XII. Doenças da pele e do tecido subcutâneo,40
354240,Cap 13,XIII. Doenças osteomusculares e do tecido conjuntivo,7
354240,Cap 14,XIV. Doenças do aparelho geniturinário,138
354240,Cap 15,"XV. Gravidez, parto e puerpério",2
354240,Cap 18,XVIII. Sintomas e achados anormais não classificados,5
354260,Cap 01,I. Doenças infecciosas e parasitárias,147
354260,Cap 02,II. Neoplasias (tumores),93
354260,Cap 03,III. Doenças do sangue e transtornos imunitários,57
354260,Cap 04,"IV. Doenças endócrinas, nutricionais e metabólicas",59
354260,Cap 05,V. Transtornos mentais e comportamentais,101
354260,Cap 06,VI. Doenças do sistema nervoso,241
354260,Cap 07,VII. Doenças do olho e anexos,5
354260,Cap 08,VIII. Doenças do ouvido e da apófise mastóide,36
354260,Cap 09,IX. Doenças do aparelho circulatório,1399
354260,Cap 10,X. Doenças do aparelho respiratório,1270
354260,Cap 11,XI. Doenças do aparelho digestivo,1661
354260,Cap 12,XII. Doenças da pele e do tecido subcutâneo,631
354260,Cap 13,XIII. Doenças osteomusculares e do tecido conjuntivo,361
354260,Cap 14,XIV. Doenças do aparelho geniturinário,539
354260,Cap 15,"XV. Gravidez, parto e puerpério",806
354260,Cap 16,XVI. Afecções originadas no período perinatal,31
354260,Cap 17,XVII. Malformações congênitas e anomalias cromossômicas,44
354260,Cap 18,XVIII. Sintomas e achados anormais não classificados,70
354260,Cap 19,XIX. Lesões e envenenamentos por causas externas,1046
354260,Cap 21,XXI. Contatos com serviços de saúde,465
354290,Cap 01,I. Doenças infecciosas e parasitárias,8
354290,Cap 02,II. Neoplasias (tumores),38
354290,Cap 03,III. Doenças do sangue e transtornos imunitários,6
354290,Cap 04,"IV. Doenças endócrinas, nutricionais e metabólicas",2
354290,Cap 07,VII. Doenças do olho e anexos,19
354290,Cap 09,IX. Doenças do aparelho circulatório,24
354290,Cap 10,X. Doenças do aparelho respiratório,59
354290,Cap 11,XI. Doenças do aparelho digestivo,55
354290,Cap 12,XII. Doenças da pele e do tecido subcutâneo,6
354290,Cap 13,XIII. Doenças osteomusculares e do tecido conjuntivo,91
354290,Cap 14,XIV. Doenças do aparelho geniturinário,35
354290,Cap 15,"XV. Gravidez, parto e puerpério",61
354290,Cap 16,XVI. Afecções originadas no período perinatal,3
354290,Cap 17,XVII. Malformações congênitas e anomalias cromossômicas,1
354290,Cap 18,XVIII. Sintomas e achados anormais não classificados,1
354290,Cap 19,XIX. Lesões e envenenamentos por causas externas,4
354290,Cap 21,XXI. Contatos com serviços de saúde,36
354300,Cap 01,I. Doenças infecciosas e parasitárias,17
354300,Cap 02,II. Neoplasias (tumores),16
354300,Cap 03,III. Doenças do sangue e transtornos imunitários,35
354300,Cap 04,"IV. Doenças endócrinas, nutricionais e metabólicas",30
354300,Cap 05,V. Transtornos mentais e comportamentais,3
354300,Cap 08,VIII. Doenças do ouvido e da apófise mastóide,4
354300,Cap 09,IX. Doenças do aparelho circulatório,47
354300,Cap 10,X. Doenças do aparelho respiratório,116
354300,Cap 11,XI. Doenças do aparelho digestivo,21
354300,Cap 12,XII. Doenças da pele e do tecido subcutâneo,15
354300,Cap 13,XIII. Doenças osteomusculares e do tecido conjuntivo,1
354300,Cap 14,XIV. Doenças do aparelho geniturinário,55
354300,Cap 15,"XV. Gravidez, parto e puerpério",1
354300,Cap 16,XVI. Afecções originadas no período perinatal,5
354300,Cap 18,XVIII. Sintomas e achados anormais não classificados,32
354300,Cap 19,XIX. Lesões e envenenamentos por causas externas,12
354300,Cap 21,XXI. Contatos com serviços de saúde,2
354330,Cap 01,I. Doenças infecciosas e parasitárias,195
354330,Cap 02,II. Neoplasias (tumores),94
354330,Cap 03,III. Doenças do sangue e transtornos imunitários,11
354330,Cap 04,"IV. Doenças endócrinas, nutricionais e metabólicas",27
354330,Cap 05,V. Transtornos mentais e comportamentais,3
354330,Cap 06,VI. Doenças do sistema nervoso,12
354330,Cap 08,VIII. Doenças do ouvido e da apófise mastóide,1
354330,Cap 09,IX. Doenças do aparelho circulatório,278
354330,Cap 10,X. Doenças do aparelho respiratório,280
354330,Cap 11,XI. Doenças do aparelho digestivo,29
354330,Cap 12,XII. Doenças da pele e do tecido subcutâneo,25
354330,Cap 13,XIII. Doenças osteomusculares e do tecido conjuntivo,3
354330,Cap 14,XIV. Doenças do aparelho geniturinário,140
354330,Cap 15,"XV. Gravidez, parto e puerpério",549
354330,Cap 16,XVI. Afecções originadas no período perinatal,9
354330,Cap 17,XVII. Malformações congênitas e anomalias cromossômicas,1
354330,Cap 18,XVIII. Sintomas e achados anormais não classificados,3
354330,Cap 19,XIX. Lesões e envenenamentos por causas externas,11
354330,Cap 21,XXI. Contatos com serviços de saúde,208
354340,Cap 01,I. Doenças infecciosas e parasitárias,4104
354340,Cap 02,II. Neoplasias (tumores),13900
354340,Cap 03,III. Doenças do sangue e transtornos imunitários,1308
354340,Cap 04,"IV. Doenças endócrinas, nutricionais e metabólicas",1839
354340,Cap 05,V. Transtornos mentais e comportamentais,2258
354340,Cap 06,VI. Doenças do sistema nervoso,3682
354340,Cap 07,VII. Doenças do olho e anexos,4111
354340,Cap 08,VIII. Doenças do ouvido e da apófise mastóide,359
354340,Cap 09,IX. Doenças do aparelho circulatório,9958
354340,Cap 10,X. Doenças do aparelho respiratório,5779
354340,Cap 11,XI. Doenças do aparelho digestivo,9196
354340,Cap 12,XII. Doenças da pele e do tecido subcutâneo,2504
354340,Cap 13,XIII. Doenças osteomusculares e do tecido conjuntivo,2283
354340,Cap 14,XIV. Doenças do aparelho geniturinário,7784
354340,Cap 15,"XV. Gravidez, parto e puerpério",7657
354340,Cap 16,XVI. Afecções originadas no período perinatal,2716
354340,Cap 17,XVII. Malformações congênitas e anomalias cromossômicas,1415
354340,Cap 18,XVIII. Sintomas e achados anormais não classificados,2100
354340,Cap 19,XIX. Lesões e envenenamentos por causas externas,9605
354340,Cap 21,XXI. Contatos com serviços de saúde,1702
354380,Cap 01,I. Doenças infecciosas e parasitárias,19
354380,Cap 02,II. Neoplasias (tumores),2
354380,Cap 03,III. Doenças do sangue e transtornos imunitários,16
354380,Cap 04,"IV. Doenças endócrinas, nutricionais e metabólicas",22
354380,Cap 06,VI. Doenças do sistema nervoso,2
354380,Cap 09,IX. Doenças do aparelho circulatório,10
354380,Cap 10,X. Doenças do aparelho respiratório,91
354380,Cap 11,XI. Doenças do aparelho digestivo,22
354380,Cap 12,XII. Doenças da pele e do tecido subcutâneo,8
354380,Cap 13,XIII. Doenças osteomusculares e do tecido conjuntivo,1
354380,Cap 14,XIV. Doenças do aparelho geniturinário,73
354380,Cap 16,XVI. Afecções originadas no período perinatal,2
354380,Cap 18,XVIII. Sintomas e achados anormais não classificados,1
354380,Cap 19,XIX. Lesões e envenenamentos por causas externas,13
354390,Cap 01,I. Doenças infecciosas e parasitárias,833
354390,Cap 02,II. Neoplasias (tumores),1118
354390,Cap 03,III. Doenças do sangue e transtornos imunitários,158
354390,Cap 04,"IV. Doenças endócrinas, nutricionais e metabólicas",208
354390,Cap 05,V. Transtornos mentais e comportamentais,1056
354390,Cap 06,VI. Doenças do sistema nervoso,163
354390,Cap 07,VII. Doenças do olho e anexos,28
354390,Cap 08,VIII. Doenças do ouvido e da apófise mastóide,29
354390,Cap 09,IX. Doenças do aparelho circulatório,1209
354390,Cap 10,X. Doenças do aparelho respiratório,1007
354390,Cap 11,XI. Doenças do aparelho digestivo,1041
354390,Cap 12,XII. Doenças da pele e do tecido subcutâneo,150
354390,Cap 13,XIII. Doenças osteomusculares e do tecido conjuntivo,344
354390,Cap 14,XIV. Doenças do aparelho geniturinário,767
354390,Cap 15,"XV. Gravidez, parto e puerpério",1691
354390,Cap 16,XVI. Afecções originadas no período perinatal,266
354390,Cap 17,XVII. Malformações congênitas e anomalias cromossômicas,44
354390,Cap 18,XVIII. Sintomas e achados anormais não classificados,147
354390,Cap 19,XIX. Lesões e envenenamentos por causas externas,1584
354390,Cap 21,XXI. Contatos com serviços de saúde,312
354400,Cap 01,I. Doenças infecciosas e parasitárias,33
354400,Cap 02,II. Neoplasias (tumores),1
354400,Cap 03,III. Doenças do sangue e transtornos imunitários,4
354400,Cap 04,"IV. Doenças endócrinas, nutricionais e metabólicas",24
354400,Cap 05,V. Transtornos mentais e comportamentais,66
354400,Cap 06,VI. Doenças do sistema nervoso,5
354400,Cap 07,VII. Doenças do olho e anexos,1
354400,Cap 08,VIII. Doenças do ouvido e da apófise mastóide,1
354400,Cap 09,IX. Doenças do aparelho circulatório,86
354400,Cap 10,X. Doenças do aparelho respiratório,105
354400,Cap 11,XI. Doenças do aparelho digestivo,66
354400,Cap 12,XII. Doenças da pele e do tecido subcutâneo,156
354400,Cap 13,XIII. Doenças osteomusculares e do tecido conjuntivo,10
354400,Cap 14,XIV. Doenças do aparelho geniturinário,245
354400,Cap 18,XVIII. Sintomas e achados anormais não classificados,36
354400,Cap 19,XIX. Lesões e envenenamentos por causas externas,89
354400,Cap 21,XXI. Contatos com serviços de saúde,2
354420,Cap 01,I. Doenças infecciosas e parasitárias,40
354420,Cap 03,III. Doenças do sangue e transtornos imunitários,13
354420,Cap 04,"IV. Doenças endócrinas, nutricionais e metabólicas",25
354420,Cap 06,VI. Doenças do sistema nervoso,2
354420,Cap 09,IX. Doenças do aparelho circulatório,9
354420,Cap 10,X. Doenças do aparelho respiratório,59
354420,Cap 11,XI. Doenças do aparelho digestivo,12
354420,Cap 12,XII. Doenças da pele e do tecido subcutâneo,9
354420,Cap 13,XIII. Doenças osteomusculares e do tecido conjuntivo,3
354420,Cap 14,XIV. Doenças do aparelho geniturinário,30
354420,Cap 18,XVIII. Sintomas e achados anormais não classificados,3
354420,Cap 19,XIX. Lesões e envenenamentos por causas externas,2
354425,Cap 01,I. Doenças infecciosas e parasitárias,135
354425,Cap 02,II. Neoplasias (tumores),27
354425,Cap 03,III. Doenças do sangue e transtornos imunitários,23
354425,Cap 04,"IV. Doenças endócrinas, nutricionais e metabólicas",32
354425,Cap 05,V. Transtornos mentais e comportamentais,124
354425,Cap 06,VI. Doenças do sistema nervoso,105
354425,Cap 07,VII. Doenças do olho e anexos,3
354425,Cap 08,VIII. Doenças do ouvido e da apófise mastóide,6
354425,Cap 09,IX. Doenças do aparelho circulatório,510
354425,Cap 10,X. Doenças do aparelho respiratório,288
354425,Cap 11,XI. Doenças do aparelho digestivo,542
354425,Cap 12,XII. Doenças da pele e do tecido subcutâneo,127
354425,Cap 13,XIII. Doenças osteomusculares e do tecido conjuntivo,83
354425,Cap 14,XIV. Doenças do aparelho geniturinário,398
354425,Cap 15,"XV. Gravidez, parto e puerpério",189
354425,Cap 16,XVI. Afecções originadas no período perinatal,33
354425,Cap 17,XVII. Malformações congênitas e anomalias cromossômicas,7
354425,Cap 18,XVIII. Sintomas e achados anormais não classificados,45
354425,Cap 19,XIX. Lesões e envenenamentos por causas externas,333
354425,Cap 21,XXI. Contatos com serviços de saúde,119
354490,Cap 01,I. Doenças infecciosas e parasitárias,6
354490,Cap 02,II. Neoplasias (tumores),14
354490,Cap 03,III. Doenças do sangue e transtornos imunitários,1
354490,Cap 04,"IV. Doenças endócrinas, nutricionais e metabólicas",19
354490,Cap 05,V. Transtornos mentais e comportamentais,19
354490,Cap 06,VI. Doenças do sistema nervoso,2
354490,Cap 09,IX. Doenças do aparelho circulatório,26
354490,Cap 10,X. Doenças do aparelho respiratório,33
354490,Cap 11,XI. Doenças do aparelho digestivo,7
354490,Cap 12,XII. Doenças da pele e do tecido subcutâneo,2
354490,Cap 13,XIII. Doenças osteomusculares e do tecido conjuntivo,1
354490,Cap 14,XIV. Doenças do aparelho geniturinário,17
354490,Cap 15,"XV. Gravidez, parto e puerpério",70
354490,Cap 16,XVI. Afecções originadas no período perinatal,6
354490,Cap 18,XVIII. Sintomas e achados anormais não classificados,4
354490,Cap 19,XIX. Lesões e envenenamentos por causas externas,1
354490,Cap 21,XXI. Contatos com serviços de saúde,4
354500,Cap 01,I. Doenças infecciosas e parasitárias,23
354500,Cap 02,II. Neoplasias (tumores),10
354500,Cap 03,III. Doenças do sangue e transtornos imunitários,14
354500,Cap 04,"IV. Doenças endócrinas, nutricionais e metabólicas",32
354500,Cap 05,V. Transtornos mentais e comportamentais,1
354500,Cap 06,VI. Doenças do sistema nervoso,8
354500,Cap 08,VIII. Doenças do ouvido e da apófise mastóide,2
354500,Cap 09,IX. Doenças do aparelho circulatório,58
354500,Cap 10,X. Doenças do aparelho respiratório,102
354500,Cap 11,XI. Doenças do aparelho digestivo,29
354500,Cap 12,XII. Doenças da pele e do tecido subcutâneo,9
354500,Cap 13,XIII. Doenças osteomusculares e do tecido conjuntivo,4
354500,Cap 14,XIV. Doenças do aparelho geniturinário,46
354500,Cap 15,"XV. Gravidez, parto e puerpério",1
354500,Cap 18,XVIII. Sintomas e achados anormais não classificados,37
354500,Cap 19,XIX. Lesões e envenenamentos por causas externas,62
354520,Cap 01,I. Doenças infecciosas e parasitárias,46
354520,Cap 02,II. Neoplasias (tumores),229
354520,Cap 03,III. Doenças do sangue e transtornos imunitários,21
354520,Cap 04,"IV. Doenças endócrinas, nutricionais e metabólicas",214
354520,Cap 05,V. Transtornos mentais e comportamentais,128
354520,Cap 06,VI. Doenças do sistema nervoso,100
354520,Cap 07,VII. Doenças do olho e anexos,3
354520,Cap 08,VIII. Doenças do ouvido e da apófise mastóide,17
354520,Cap 09,IX. Doenças do aparelho circulatório,829
354520,Cap 10,X. Doenças do aparelho respiratório,578
354520,Cap 11,XI. Doenças do aparelho digestivo,1262
354520,Cap 12,XII. Doenças da pele e do tecido subcutâneo,297
354520,Cap 13,XIII. Doenças osteomusculares e do tecido conjuntivo,148
354520,Cap 14,XIV. Doenças do aparelho geniturinário,810
354520,Cap 15,"XV. Gravidez, parto e puerpério",892
354520,Cap 16,XVI. Afecções originadas no período perinatal,76
354520,Cap 17,XVII. Malformações congênitas e anomalias cromossômicas,13
354520,Cap 18,XVIII. Sintomas e achados anormais não classificados,355
354520,Cap 19,XIX. Lesões e envenenamentos por causas externas,525
354520,Cap 21,XXI. Contatos com serviços de saúde,513
354530,Cap 01,I. Doenças infecciosas e parasitárias,48
354530,Cap 02,II. Neoplasias (tumores),131
354530,Cap 03,III. Doenças do sangue e transtornos imunitários,13
354530,Cap 04,"IV. Doenças endócrinas, nutricionais e metabólicas",34
354530,Cap 05,V. Transtornos mentais e comportamentais,64
354530,Cap 06,VI. Doenças do sistema nervoso,8
354530,Cap 07,VII. Doenças do olho e anexos,1
354530,Cap 08,VIII. Doenças do ouvido e da apófise mastóide,4
354530,Cap 09,IX. Doenças do aparelho circulatório,422
354530,Cap 10,X. Doenças do aparelho respiratório,272
354530,Cap 11,XI. Doenças do aparelho digestivo,456
354530,Cap 12,XII. Doenças da pele e do tecido subcutâneo,78
354530,Cap 13,XIII. Doenças osteomusculares e do tecido conjuntivo,11
354530,Cap 14,XIV. Doenças do aparelho geniturinário,262
354530,Cap 15,"XV. Gravidez, parto e puerpério",259
354530,Cap 16,XVI. Afecções originadas no período perinatal,11
354530,Cap 18,XVIII. Sintomas e achados anormais não classificados,13
354530,Cap 19,XIX. Lesões e envenenamentos por causas externas,186
354530,Cap 21,XXI. Contatos com serviços de saúde,490
354540,Cap 01,I. Doenças infecciosas e parasitárias,41
354540,Cap 02,II. Neoplasias (tumores),6
354540,Cap 03,III. Doenças do sangue e transtornos imunitários,9
354540,Cap 04,"IV. Doenças endócrinas, nutricionais e metabólicas",39
354540,Cap 05,V. Transtornos mentais e comportamentais,35
354540,Cap 06,VI. Doenças do sistema nervoso,15
354540,Cap 08,VIII. Doenças do ouvido e da apófise mastóide,3
354540,Cap 09,IX. Doenças do aparelho circulatório,59
354540,Cap 10,X. Doenças do aparelho respiratório,186
354540,Cap 11,XI. Doenças do aparelho digestivo,62
354540,Cap 12,XII. Doenças da pele e do tecido subcutâneo,22
354540,Cap 13,XIII. Doenças osteomusculares e do tecido conjuntivo,14
354540,Cap 14,XIV. Doenças do aparelho geniturinário,75
354540,Cap 15,"XV. Gravidez, parto e puerpério",40
354540,Cap 16,XVI. Afecções originadas no período perinatal,1
354540,Cap 18,XVIII. Sintomas e achados anormais não classificados,55
354540,Cap 19,XIX. Lesões e envenenamentos por causas externas,82
354540,Cap 21,XXI. Contatos com serviços de saúde,18
354560,Cap 01,I. Doenças infecciosas e parasitárias,28
354560,Cap 02,II. Neoplasias (tumores),107
354560,Cap 03,III. Doenças do sangue e transtornos imunitários,8
354560,Cap 04,"IV. Doenças endócrinas, nutricionais e metabólicas",7
354560,Cap 05,V. Transtornos mentais e comportamentais,13
354560,Cap 06,VI. Doenças do sistema nervoso,25
354560,Cap 09,IX. Doenças do aparelho circulatório,294
354560,Cap 10,X. Doenças do aparelho respiratório,169
354560,Cap 11,XI. Doenças do aparelho digestivo,238
354560,Cap 12,XII. Doenças da pele e do tecido subcutâneo,19
354560,Cap 13,XIII. Doenças osteomusculares e do tecido conjuntivo,34
354560,Cap 14,XIV. Doenças do aparelho geniturinário,142
354560,Cap 16,XVI. Afecções originadas no período perinatal,9
354560,Cap 17,XVII. Malformações congênitas e anomalias cromossômicas,1
354560,Cap 18,XVIII. Sintomas e achados anormais não classificados,2
354580,Cap 01,I. Doenças infecciosas e parasitárias,195
354580,Cap 02,II. Neoplasias (tumores),805
354580,Cap 03,III. Doenças do sangue e transtornos imunitários,141
354580,Cap 04,"IV. Doenças endócrinas, nutricionais e metabólicas",54
354580,Cap 06,VI. Doenças do sistema nervoso,315
354580,Cap 07,VII. Doenças do olho e anexos,689
354580,Cap 08,VIII. Doenças do ouvido e da apófise mastóide,7
354580,Cap 09,IX. Doenças do aparelho circulatório,477
354580,Cap 10,X. Doenças do aparelho respiratório,1194
354580,Cap 11,XI. Doenças do aparelho digestivo,1226
354580,Cap 12,XII. Doenças da pele e do tecido subcutâneo,165
354580,Cap 13,XIII. Doenças osteomusculares e do tecido conjuntivo,214
354580,Cap 14,XIV. Doenças do aparelho geniturinário,624
354580,Cap 15,"XV. Gravidez, parto e puerpério",1223
354580,Cap 16,XVI. Afecções originadas no período perinatal,108
354580,Cap 17,XVII. Malformações congênitas e anomalias cromossômicas,20
354580,Cap 18,XVIII. Sintomas e achados anormais não classificados,154
354580,Cap 19,XIX. Lesões e envenenamentos por causas externas,518
354580,Cap 21,XXI. Contatos com serviços de saúde,904
354630,Cap 01,I. Doenças infecciosas e parasitárias,47
354630,Cap 02,II. Neoplasias (tumores),14
354630,Cap 03,III. Doenças do sangue e transtornos imunitários,44
354630,Cap 04,"IV. Doenças endócrinas, nutricionais e metabólicas",43
354630,Cap 05,V. Transtornos mentais e comportamentais,1
354630,Cap 06,VI. Doenças do sistema nervoso,13
354630,Cap 09,IX. Doenças do aparelho circulatório,84
354630,Cap 10,X. Doenças do aparelho respiratório,274
354630,Cap 11,XI. Doenças do aparelho digestivo,177
354630,Cap 12,XII. Doenças da pele e do tecido subcutâneo,14
354630,Cap 13,XIII. Doenças osteomusculares e do tecido conjuntivo,20
354630,Cap 14,XIV. Doenças do aparelho geniturinário,98
354630,Cap 15,"XV. Gravidez, parto e puerpério",192
354630,Cap 16,XVI. Afecções originadas no período perinatal,11
354630,Cap 17,XVII. Malformações congênitas e anomalias cromossômicas,3
354630,Cap 18,XVIII. Sintomas e achados anormais não classificados,34
354630,Cap 19,XIX. Lesões e envenenamentos por causas externas,159
354630,Cap 21,XXI. Contatos com serviços de saúde,11
354640,Cap 01,I. Doenças infecciosas e parasitárias,215
354640,Cap 02,II. Neoplasias (tumores),124
354640,Cap 03,III. Doenças do sangue e transtornos imunitários,55
354640,Cap 04,"IV. Doenças endócrinas, nutricionais e metabólicas",63
354640,Cap 05,V. Transtornos mentais e comportamentais,4
354640,Cap 06,VI. Doenças do sistema nervoso,117
354640,Cap 08,VIII. Doenças do ouvido e da apófise mastóide,10
354640,Cap 09,IX. Doenças do aparelho circulatório,407
354640,Cap 10,X. Doenças do aparelho respiratório,511
354640,Cap 11,XI. Doenças do aparelho digestivo,461
354640,Cap 12,XII. Doenças da pele e do tecido subcutâneo,74
354640,Cap 13,XIII. Doenças osteomusculares e do tecido conjuntivo,155
354640,Cap 14,XIV. Doenças do aparelho geniturinário,412
354640,Cap 15,"XV. Gravidez, parto e puerpério",679
354640,Cap 16,XVI. Afecções originadas no período perinatal,192
354640,Cap 17,XVII. Malformações congênitas e anomalias cromossômicas,13
354640,Cap 18,XVIII. Sintomas e achados anormais não classificados,62
354640,Cap 19,XIX. Lesões e envenenamentos por causas externas,437
354640,Cap 21,XXI. Contatos com serviços de saúde,156
354660,Cap 01,I. Doenças infecciosas e parasitárias,104
354660,Cap 02,II. Neoplasias (tumores),46
354660,Cap 03,III. Doenças do sangue e transtornos imunitários,84
354660,Cap 04,"IV. Doenças endócrinas, nutricionais e metabólicas",68
354660,Cap 05,V. Transtornos mentais e comportamentais,18
354660,Cap 06,VI. Doenças do sistema nervoso,91
354660,Cap 07,VII. Doenças do olho e anexos,1
354660,Cap 08,VIII. Doenças do ouvido e da apófise mastóide,6
354660,Cap 09,IX. Doenças do aparelho circulatório,450
354660,Cap 10,X. Doenças do aparelho respiratório,267
354660,Cap 11,XI. Doenças do aparelho digestivo,786
354660,Cap 12,XII. Doenças da pele e do tecido subcutâneo,96
354660,Cap 13,XIII. Doenças osteomusculares e do tecido conjuntivo,52
354660,Cap 14,XIV. Doenças do aparelho geniturinário,480
354660,Cap 15,"XV. Gravidez, parto e puerpério",528
354660,Cap 16,XVI. Afecções originadas no período perinatal,27
354660,Cap 17,XVII. Malformações congênitas e anomalias cromossômicas,3
354660,Cap 18,XVIII. Sintomas e achados anormais não classificados,97
354660,Cap 19,XIX. Lesões e envenenamentos por causas externas,293
354660,Cap 21,XXI. Contatos com serviços de saúde,55
354680,Cap 01,I. Doenças infecciosas e parasitárias,68
354680,Cap 02,II. Neoplasias (tumores),66
354680,Cap 03,III. Doenças do sangue e transtornos imunitários,39
354680,Cap 04,"IV. Doenças endócrinas, nutricionais e metabólicas",36
354680,Cap 06,VI. Doenças do sistema nervoso,39
354680,Cap 08,VIII. Doenças do ouvido e da apófise mastóide,4
354680,Cap 09,IX. Doenças do aparelho circulatório,151
354680,Cap 10,X. Doenças do aparelho respiratório,247
354680,Cap 11,XI. Doenças do aparelho digestivo,329
354680,Cap 12,XII. Doenças da pele e do tecido subcutâneo,64
354680,Cap 13,XIII. Doenças osteomusculares e do tecido conjuntivo,3
354680,Cap 14,XIV. Doenças do aparelho geniturinário,184
354680,Cap 15,"XV. Gravidez, parto e puerpério",463
354680,Cap 16,XVI. Afecções originadas no período perinatal,63
354680,Cap 18,XVIII. Sintomas e achados anormais não classificados,11
354680,Cap 19,XIX. Lesões e envenenamentos por causas externas,42
354680,Cap 21,XXI. Contatos com serviços de saúde,250
354730,Cap 01,I. Doenças infecciosas e parasitárias,152
354730,Cap 02,II. Neoplasias (tumores),72
354730,Cap 03,III. Doenças do sangue e transtornos imunitários,57
354730,Cap 04,"IV. Doenças endócrinas, nutricionais e metabólicas",83
354730,Cap 05,V. Transtornos mentais e comportamentais,32
354730,Cap 06,VI. Doenças do sistema nervoso,107
354730,Cap 07,VII. Doenças do olho e anexos,8
354730,Cap 08,VIII. Doenças do ouvido e da apófise mastóide,10
354730,Cap 09,IX. Doenças do aparelho circulatório,444
354730,Cap 10,X. Doenças do aparelho respiratório,758
354730,Cap 11,XI. Doenças do aparelho digestivo,252
354730,Cap 12,XII. Doenças da pele e do tecido subcutâneo,141
354730,Cap 13,XIII. Doenças osteomusculares e do tecido conjuntivo,71
354730,Cap 14,XIV. Doenças do aparelho geniturinário,321
354730,Cap 15,"XV. Gravidez, parto e puerpério",975
354730,Cap 16,XVI. Afecções originadas no período perinatal,71
354730,Cap 17,XVII. Malformações congênitas e anomalias cromossômicas,3
354730,Cap 18,XVIII. Sintomas e achados anormais não classificados,168
354730,Cap 19,XIX. Lesões e envenenamentos por causas externas,254
354730,Cap 21,XXI. Contatos com serviços de saúde,2
354750,Cap 01,I. Doenças infecciosas e parasitárias,25
354750,Cap 02,II. Neoplasias (tumores),84
354750,Cap 03,III. Doenças do sangue e transtornos imunitários,19
354750,Cap 04,"IV. Doenças endócrinas, nutricionais e metabólicas",14
354750,Cap 05,V. Transtornos mentais e comportamentais,664
354750,Cap 06,VI. Doenças do sistema nervoso,45
354750,Cap 07,VII. Doenças do olho e anexos,3
354750,Cap 09,IX. Doenças do aparelho circulatório,76
354750,Cap 10,X. Doenças do aparelho respiratório,167
354750,Cap 11,XI. Doenças do aparelho digestivo,106
354750,Cap 12,XII. Doenças da pele e do tecido subcutâneo,26
354750,Cap 13,XIII. Doenças osteomusculares e do tecido conjuntivo,34
354750,Cap 14,XIV. Doenças do aparelho geniturinário,160
354750,Cap 15,"XV. Gravidez, parto e puerpério",118
354750,Cap 16,XVI. Afecções originadas no período perinatal,4
354750,Cap 18,XVIII. Sintomas e achados anormais não classificados,25
354750,Cap 19,XIX. Lesões e envenenamentos por causas externas,142
354750,Cap 21,XXI. Contatos com serviços de saúde,15
354760,Cap 01,I. Doenças infecciosas e parasitárias,43
354760,Cap 02,II. Neoplasias (tumores),7
354760,Cap 03,III. Doenças do sangue e transtornos imunitários,14
354760,Cap 04,"IV. Doenças endócrinas, nutricionais e metabólicas",41
354760,Cap 05,V. Transtornos mentais e comportamentais,97
354760,Cap 06,VI. Doenças do sistema nervoso,21
354760,Cap 07,VII. Doenças do olho e anexos,4
354760,Cap 08,VIII. Doenças do ouvido e da apófise mastóide,5
354760,Cap 09,IX. Doenças do aparelho circulatório,78
354760,Cap 10,X. Doenças do aparelho respiratório,251
354760,Cap 11,XI. Doenças do aparelho digestivo,121
354760,Cap 12,XII. Doenças da pele e do tecido subcutâneo,28
354760,Cap 13,XIII. Doenças osteomusculares e do tecido conjuntivo,23
354760,Cap 14,XIV. Doenças do aparelho geniturinário,192
354760,Cap 15,"XV. Gravidez, parto e puerpério",18
354760,Cap 16,XVI. Afecções originadas no período perinatal,1
354760,Cap 18,XVIII. Sintomas e achados anormais não classificados,32
354760,Cap 19,XIX. Lesões e envenenamentos por causas externas,137
354760,Cap 21,XXI. Contatos com serviços de saúde,1
354770,Cap 01,I. Doenças infecciosas e parasitárias,137
354770,Cap 02,II. Neoplasias (tumores),42
354770,Cap 03,III. Doenças do sangue e transtornos imunitários,19
354770,Cap 04,"IV. Doenças endócrinas, nutricionais e metabólicas",73
354770,Cap 05,V. Transtornos mentais e comportamentais,116
354770,Cap 06,VI. Doenças do sistema nervoso,45
354770,Cap 07,VII. Doenças do olho e anexos,2
354770,Cap 08,VIII. Doenças do ouvido e da apófise mastóide,23
354770,Cap 09,IX. Doenças do aparelho circulatório,298
354770,Cap 10,X. Doenças do aparelho respiratório,304
354770,Cap 11,XI. Doenças do aparelho digestivo,223
354770,Cap 12,XII. Doenças da pele e do tecido subcutâneo,67
354770,Cap 13,XIII. Doenças osteomusculares e do tecido conjuntivo,92
354770,Cap 14,XIV. Doenças do aparelho geniturinário,359
354770,Cap 15,"XV. Gravidez, parto e puerpério",38
354770,Cap 18,XVIII. Sintomas e achados anormais não classificados,46
354770,Cap 19,XIX. Lesões e envenenamentos por causas externas,254
354770,Cap 21,XXI. Contatos com serviços de saúde,1
354780,Cap 01,I. Doenças infecciosas e parasitárias,1541
354780,Cap 02,II. Neoplasias (tumores),4731
354780,Cap 03,III. Doenças do sangue e transtornos imunitários,441
354780,Cap 04,"IV. Doenças endócrinas, nutricionais e metabólicas",880
354780,Cap 05,V. Transtornos mentais e comportamentais,870
354780,Cap 06,VI. Doenças do sistema nervoso,782
354780,Cap 07,VII. Doenças do olho e anexos,1924
354780,Cap 08,VIII. Doenças do ouvido e da apófise mastóide,142
354780,Cap 09,IX. Doenças do aparelho circulatório,5170
354780,Cap 10,X. Doenças do aparelho respiratório,3190
354780,Cap 11,XI. Doenças do aparelho digestivo,5151
354780,Cap 12,XII. Doenças da pele e do tecido subcutâneo,1219
354780,Cap 13,XIII. Doenças osteomusculares e do tecido conjuntivo,1167
354780,Cap 14,XIV. Doenças do aparelho geniturinário,3357
354780,Cap 15,"XV. Gravidez, parto e puerpério",4148
354780,Cap 16,XVI. Afecções originadas no período perinatal,572
354780,Cap 17,XVII. Malformações congênitas e anomalias cromossômicas,280
354780,Cap 18,XVIII. Sintomas e achados anormais não classificados,1146
354780,Cap 19,XIX. Lesões e envenenamentos por causas externas,5700
354780,Cap 21,XXI. Contatos com serviços de saúde,1268
354790,Cap 01,I. Doenças infecciosas e parasitárias,4
354790,Cap 02,II. Neoplasias (tumores),2
354790,Cap 03,III. Doenças do sangue e transtornos imunitários,1
354790,Cap 04,"IV. Doenças endócrinas, nutricionais e metabólicas",6
354790,Cap 05,V. Transtornos mentais e comportamentais,14
354790,Cap 09,IX. Doenças do aparelho circulatório,22
354790,Cap 10,X. Doenças do aparelho respiratório,67
354790,Cap 11,XI. Doenças do aparelho digestivo,8
354790,Cap 12,XII. Doenças da pele e do tecido subcutâneo,4
354790,Cap 13,XIII. Doenças osteomusculares e do tecido conjuntivo,2
354790,Cap 14,XIV. Doenças do aparelho geniturinário,17
354790,Cap 18,XVIII. Sintomas e achados anormais não classificados,6
354790,Cap 19,XIX. Lesões e envenenamentos por causas externas,8
354850,Cap 01,I. Doenças infecciosas e parasitárias,1292
354850,Cap 02,II. Neoplasias (tumores),5029
354850,Cap 03,III. Doenças do sangue e transtornos imunitários,281
354850,Cap 04,"IV. Doenças endócrinas, nutricionais e metabólicas",862
354850,Cap 05,V. Transtornos mentais e comportamentais,541
354850,Cap 06,VI. Doenças do sistema nervoso,430
354850,Cap 07,VII. Doenças do olho e anexos,228
354850,Cap 08,VIII. Doenças do ouvido e da apófise mastóide,46
354850,Cap 09,IX. Doenças do aparelho circulatório,2990
354850,Cap 10,X. Doenças do aparelho respiratório,2094
354850,Cap 11,XI. Doenças do aparelho digestivo,4881
354850,Cap 12,XII. Doenças da pele e do tecido subcutâneo,621
354850,Cap 13,XIII. Doenças osteomusculares e do tecido conjuntivo,578
354850,Cap 14,XIV. Doenças do aparelho geniturinário,2965
354850,Cap 15,"XV. Gravidez, parto e puerpério",5649
354850,Cap 16,XVI. Afecções originadas no período perinatal,1244
354850,Cap 17,XVII. Malformações congênitas e anomalias cromossômicas,295
354850,Cap 18,XVIII. Sintomas e achados anormais não classificados,379
354850,Cap 19,XIX. Lesões e envenenamentos por causas externas,3060
354850,Cap 21,XXI. Contatos com serviços de saúde,625
354860,Cap 01,I. Doenças infecciosas e parasitárias,43
354860,Cap 02,II. Neoplasias (tumores),7
354860,Cap 03,III. Doenças do sangue e transtornos imunitários,23
354860,Cap 04,"IV. Doenças endócrinas, nutricionais e metabólicas",42
354860,Cap 06,VI. Doenças do sistema nervoso,8
354860,Cap 08,VIII. Doenças do ouvido e da apófise mastóide,1
354860,Cap 09,IX. Doenças do aparelho circulatório,70
354860,Cap 10,X. Doenças do aparelho respiratório,115
354860,Cap 11,XI. Doenças do aparelho digestivo,44
354860,Cap 12,XII. Doenças da pele e do tecido subcutâneo,6
354860,Cap 13,XIII. Doenças osteomusculares e do tecido conjuntivo,3
354860,Cap 14,XIV. Doenças do aparelho geniturinário,42
354860,Cap 15,"XV. Gravidez, parto e puerpério",8
354860,Cap 16,XVI. Afecções originadas no período perinatal,4
354860,Cap 18,XVIII. Sintomas e achados anormais não classificados,2
354860,Cap 19,XIX. Lesões e envenenamentos por causas externas,76
354870,Cap 01,I. Doenças infecciosas e parasitárias,2369
354870,Cap 02,II. Neoplasias (tumores),3043
354870,Cap 03,III. Doenças do sangue e transtornos imunitários,214
354870,Cap 04,"IV. Doenças endócrinas, nutricionais e metabólicas",887
354870,Cap 05,V. Transtornos mentais e comportamentais,1161
354870,Cap 06,VI. Doenças do sistema nervoso,814
354870,Cap 07,VII. Doenças do olho e anexos,129
354870,Cap 08,VIII. Doenças do ouvido e da apófise mastóide,61
354870,Cap 09,IX. Doenças do aparelho circulatório,4825
354870,Cap 10,X. Doenças do aparelho respiratório,2843
354870,Cap 11,XI. Doenças do aparelho digestivo,5027
354870,Cap 12,XII. Doenças da pele e do tecido subcutâneo,971
354870,Cap 13,XIII. Doenças osteomusculares e do tecido conjuntivo,823
354870,Cap 14,XIV. Doenças do aparelho geniturinário,3376
354870,Cap 15,"XV. Gravidez, parto e puerpério",5447
354870,Cap 16,XVI. Afecções originadas no período perinatal,801
354870,Cap 17,XVII. Malformações congênitas e anomalias cromossômicas,276
354870,Cap 18,XVIII. Sintomas e achados anormais não classificados,1075
354870,Cap 19,XIX. Lesões e envenenamentos por causas externas,5240
354870,Cap 21,XXI. Contatos com serviços de saúde,1780
354880,Cap 01,I. Doenças infecciosas e parasitárias,734
354880,Cap 02,II. Neoplasias (tumores),815
354880,Cap 03,III. Doenças do sangue e transtornos imunitários,244
354880,Cap 04,"IV. Doenças endócrinas, nutricionais e metabólicas",422
354880,Cap 05,V. Transtornos mentais e comportamentais,295
354880,Cap 06,VI. Doenças do sistema nervoso,292
354880,Cap 07,VII. Doenças do olho e anexos,74
354880,Cap 08,VIII. Doenças do ouvido e da apófise mastóide,41
354880,Cap 09,IX. Doenças do aparelho circulatório,1812
354880,Cap 10,X. Doenças do aparelho respiratório,1672
354880,Cap 11,XI. Doenças do aparelho digestivo,2380
354880,Cap 12,XII. Doenças da pele e do tecido subcutâneo,193
354880,Cap 13,XIII. Doenças osteomusculares e do tecido conjuntivo,160
354880,Cap 14,XIV. Doenças do aparelho geniturinário,1668
354880,Cap 15,"XV. Gravidez, parto e puerpério",753
354880,Cap 16,XVI. Afecções originadas no período perinatal,132
354880,Cap 17,XVII. Malformações congênitas e anomalias cromossômicas,43
354880,Cap 18,XVIII. Sintomas e achados anormais não classificados,403
354880,Cap 19,XIX. Lesões e envenenamentos por causas externas,1120
354880,Cap 21,XXI. Contatos com serviços de saúde,554
354890,Cap 01,I. Doenças infecciosas e parasitárias,1211
354890,Cap 02,II. Neoplasias (tumores),2224
354890,Cap 03,III. Doenças do sangue e transtornos imunitários,152
354890,Cap 04,"IV. Doenças endócrinas, nutricionais e metabólicas",336
354890,Cap 05,V. Transtornos mentais e comportamentais,238
354890,Cap 06,VI. Doenças do sistema nervoso,586
354890,Cap 07,VII. Doenças do olho e anexos,27
354890,Cap 08,VIII. Doenças do ouvido e da apófise mastóide,54
354890,Cap 09,IX. Doenças do aparelho circulatório,3151
354890,Cap 10,X. Doenças do aparelho respiratório,2041
354890,Cap 11,XI. Doenças do aparelho digestivo,2303
354890,Cap 12,XII. Doenças da pele e do tecido subcutâneo,356
354890,Cap 13,XIII. Doenças osteomusculares e do tecido conjuntivo,529
354890,Cap 14,XIV. Doenças do aparelho geniturinário,1919
354890,Cap 15,"XV. Gravidez, parto e puerpério",2141
354890,Cap 16,XVI. Afecções originadas no período perinatal,273
354890,Cap 17,XVII. Malformações congênitas e anomalias cromossômicas,147
354890,Cap 18,XVIII. Sintomas e achados anormais não classificados,841
354890,Cap 19,XIX. Lesões e envenenamentos por causas externas,2470
354890,Cap 21,XXI. Contatos com serviços de saúde,629
354910,Cap 01,I. Doenças infecciosas e parasitárias,247
354910,Cap 02,II. Neoplasias (tumores),847
354910,Cap 03,III. Doenças do sangue e transtornos imunitários,33
354910,Cap 04,"IV. Doenças endócrinas, nutricionais e metabólicas",111
354910,Cap 05,V. Transtornos mentais e comportamentais,7
354910,Cap 06,VI. Doenças do sistema nervoso,64
354910,Cap 08,VIII. Doenças do ouvido e da apófise mastóide,3
354910,Cap 09,IX. Doenças do aparelho circulatório,866
354910,Cap 10,X. Doenças do aparelho respiratório,504
354910,Cap 11,XI. Doenças do aparelho digestivo,717
354910,Cap 12,XII. Doenças da pele e do tecido subcutâneo,92
354910,Cap 13,XIII. Doenças osteomusculares e do tecido conjuntivo,295
354910,Cap 14,XIV. Doenças do aparelho geniturinário,615
354910,Cap 15,"XV. Gravidez, parto e puerpério",996
354910,Cap 16,XVI. Afecções originadas no período perinatal,30
354910,Cap 18,XVIII. Sintomas e achados anormais não classificados,392
354910,Cap 19,XIX. Lesões e envenenamentos por causas externas,854
354910,Cap 21,XXI. Contatos com serviços de saúde,136
354940,Cap 01,I. Doenças infecciosas e parasitárias,186
354940,Cap 02,II. Neoplasias (tumores),123
354940,Cap 03,III. Doenças do sangue e transtornos imunitários,62
354940,Cap 04,"IV. Doenças endócrinas, nutricionais e metabólicas",130
354940,Cap 05,V. Transtornos mentais e comportamentais,2
354940,Cap 06,VI. Doenças do sistema nervoso,215
354940,Cap 07,VII. Doenças do olho e anexos,1
354940,Cap 08,VIII. Doenças do ouvido e da apófise mastóide,4
354940,Cap 09,IX. Doenças do aparelho circulatório,580
354940,Cap 10,X. Doenças do aparelho respiratório,391
354940,Cap 11,XI. Doenças do aparelho digestivo,443
354940,Cap 12,XII. Doenças da pele e do tecido subcutâneo,45
354940,Cap 13,XIII. Doenças osteomusculares e do tecido conjuntivo,112
354940,Cap 14,XIV. Doenças do aparelho geniturinário,711
354940,Cap 15,"XV. Gravidez, parto e puerpério",451
354940,Cap 16,XVI. Afecções originadas no período perinatal,21
354940,Cap 17,XVII. Malformações congênitas e anomalias cromossômicas,4
354940,Cap 18,XVIII. Sintomas e achados anormais não classificados,113
354940,Cap 19,XIX. Lesões e envenenamentos por causas externas,360
354940,Cap 21,XXI. Contatos com serviços de saúde,68
354970,Cap 01,I. Doenças infecciosas e parasitárias,98
354970,Cap 02,II. Neoplasias (tumores),144
354970,Cap 03,III. Doenças do sangue e transtornos imunitários,65
354970,Cap 04,"IV. Doenças endócrinas, nutricionais e metabólicas",89
354970,Cap 05,V. Transtornos mentais e comportamentais,5
354970,Cap 06,VI. Doenças do sistema nervoso,87
354970,Cap 09,IX. Doenças do aparelho circulatório,572
354970,Cap 10,X. Doenças do aparelho respiratório,516
354970,Cap 11,XI. Doenças do aparelho digestivo,709
354970,Cap 12,XII. Doenças da pele e do tecido subcutâneo,37
354970,Cap 13,XIII. Doenças osteomusculares e do tecido conjuntivo,226
354970,Cap 14,XIV. Doenças do aparelho geniturinário,299
354970,Cap 15,"XV. Gravidez, parto e puerpério",722
354970,Cap 16,XVI. Afecções originadas no período perinatal,20
354970,Cap 17,XVII. Malformações congênitas e anomalias cromossômicas,2
354970,Cap 18,XVIII. Sintomas e achados anormais não classificados,88
354970,Cap 19,XIX. Lesões e envenenamentos por causas externas,578
354970,Cap 21,XXI. Contatos com serviços de saúde,77
354980,Cap 01,I. Doenças infecciosas e parasitárias,5490
354980,Cap 02,II. Neoplasias (tumores),10795
354980,Cap 03,III. Doenças do sangue e transtornos imunitários,539
354980,Cap 04,"IV. Doenças endócrinas, nutricionais e metabólicas",1997
354980,Cap 05,V. Transtornos mentais e comportamentais,1191
354980,Cap 06,VI. Doenças do sistema nervoso,2309
354980,Cap 07,VII. Doenças do olho e anexos,2394
354980,Cap 08,VIII. Doenças do ouvido e da apófise mastóide,377
354980,Cap 09,IX. Doenças do aparelho circulatório,11548
354980,Cap 10,X. Doenças do aparelho respiratório,8026
354980,Cap 11,XI. Doenças do aparelho digestivo,11411
354980,Cap 12,XII. Doenças da pele e do tecido subcutâneo,2040
354980,Cap 13,XIII. Doenças osteomusculares e do tecido conjuntivo,2298
354980,Cap 14,XIV. Doenças do aparelho geniturinário,10507
354980,Cap 15,"XV. Gravidez, parto e puerpério",7908
354980,Cap 16,XVI. Afecções originadas no período perinatal,1421
354980,Cap 17,XVII. Malformações congênitas e anomalias cromossômicas,1482
354980,Cap 18,XVIII. Sintomas e achados anormais não classificados,917
354980,Cap 19,XIX. Lesões e envenenamentos por causas externas,10184
354980,Cap 21,XXI. Contatos com serviços de saúde,3134
354990,Cap 01,I. Doenças infecciosas e parasitárias,2222
354990,Cap 02,II. Neoplasias (tumores),7732
354990,Cap 03,III. Doenças do sangue e transtornos imunitários,509
354990,Cap 04,"IV. Doenças endócrinas, nutricionais e metabólicas",1688
354990,Cap 05,V. Transtornos mentais e comportamentais,1057
354990,Cap 06,VI. Doenças do sistema nervoso,1414
354990,Cap 07,VII. Doenças do olho e anexos,813
354990,Cap 08,VIII. Doenças do ouvido e da apófise mastóide,107
354990,Cap 09,IX. Doenças do aparelho circulatório,9157
354990,Cap 10,X. Doenças do aparelho respiratório,4281
354990,Cap 11,XI. Doenças do aparelho digestivo,8165
354990,Cap 12,XII. Doenças da pele e do tecido subcutâneo,978
354990,Cap 13,XIII. Doenças osteomusculares e do tecido conjuntivo,1649
354990,Cap 14,XIV. Doenças do aparelho geniturinário,4461
354990,Cap 15,"XV. Gravidez, parto e puerpério",6403
354990,Cap 16,XVI. Afecções originadas no período perinatal,805
354990,Cap 17,XVII. Malformações congênitas e anomalias cromossômicas,372
354990,Cap 18,XVIII. Sintomas e achados anormais não classificados,1131
354990,Cap 19,XIX. Lesões e envenenamentos por causas externas,5894
354990,Cap 21,XXI. Contatos com serviços de saúde,956
355000,Cap 01,I. Doenças infecciosas e parasitárias,16
355000,Cap 02,II. Neoplasias (tumores),1
355000,Cap 04,"IV. Doenças endócrinas, nutricionais e metabólicas",14
355000,Cap 05,V. Transtornos mentais e comportamentais,3
355000,Cap 06,VI. Doenças do sistema nervoso,2
355000,Cap 09,IX. Doenças do aparelho circulatório,22
355000,Cap 10,X. Doenças do aparelho respiratório,40
355000,Cap 11,XI. Doenças do aparelho digestivo,3
355000,Cap 12,XII. Doenças da pele e do tecido subcutâneo,5
355000,Cap 13,XIII. Doenças osteomusculares e do tecido conjuntivo,1
355000,Cap 14,XIV. Doenças do aparelho geniturinário,29
355000,Cap 18,XVIII. Sintomas e achados anormais não classificados,1
355000,Cap 19,XIX. Lesões e envenenamentos por causas externas,2
355000,Cap 21,XXI. Contatos com serviços de saúde,1
355010,Cap 01,I. Doenças infecciosas e parasitárias,145
355010,Cap 02,II. Neoplasias (tumores),28
355010,Cap 03,III. Doenças do sangue e transtornos imunitários,18
355010,Cap 04,"IV. Doenças endócrinas, nutricionais e metabólicas",86
355010,Cap 05,V. Transtornos mentais e comportamentais,178
355010,Cap 06,VI. Doenças do sistema nervoso,52
355010,Cap 07,VII. Doenças do olho e anexos,2
355010,Cap 08,VIII. Doenças do ouvido e da apófise mastóide,2
355010,Cap 09,IX. Doenças do aparelho circulatório,252
355010,Cap 10,X. Doenças do aparelho respiratório,303
355010,Cap 11,XI. Doenças do aparelho digestivo,196
355010,Cap 12,XII. Doenças da pele e do tecido subcutâneo,19
355010,Cap 13,XIII. Doenças osteomusculares e do tecido conjuntivo,10
355010,Cap 14,XIV. Doenças do aparelho geniturinário,145
355010,Cap 15,"XV. Gravidez, parto e puerpério",7
355010,Cap 16,XVI. Afecções originadas no período perinatal,1
355010,Cap 18,XVIII. Sintomas e achados anormais não classificados,152
355010,Cap 19,XIX. Lesões e envenenamentos por causas externas,48
355010,Cap 21,XXI. Contatos com serviços de saúde,1
355020,Cap 01,I. Doenças infecciosas e parasitárias,36
355020,Cap 02,II. Neoplasias (tumores),97
355020,Cap 03,III. Doenças do sangue e transtornos imunitários,12
355020,Cap 04,"IV. Doenças endócrinas, nutricionais e metabólicas",46
355020,Cap 05,V. Transtornos mentais e comportamentais,70
355020,Cap 06,VI. Doenças do sistema nervoso,13
355020,Cap 07,VII. Doenças do olho e anexos,1
355020,Cap 08,VIII. Doenças do ouvido e da apófise mastóide,2
355020,Cap 09,IX. Doenças do aparelho circulatório,202
355020,Cap 10,X. Doenças do aparelho respiratório,176
355020,Cap 11,XI. Doenças do aparelho digestivo,377
355020,Cap 12,XII. Doenças da pele e do tecido subcutâneo,57
355020,Cap 13,XIII. Doenças osteomusculares e do tecido conjuntivo,15
355020,Cap 14,XIV. Doenças do aparelho geniturinário,112
355020,Cap 17,XVII. Malformações congênitas e anomalias cromossômicas,1
355020,Cap 18,XVIII. Sintomas e achados anormais não classificados,20
355020,Cap 19,XIX. Lesões e envenenamentos por causas externas,65
355020,Cap 21,XXI. Contatos com serviços de saúde,78
355030,Cap 01,I. Doenças infecciosas e parasitárias,36134
355030,Cap 02,II. Neoplasias (tumores),78055
355030,Cap 03,III. Doenças do sangue e transtornos imunitários,9573
355030,Cap 04,"IV. Doenças endócrinas, nutricionais e metabólicas",11111
355030,Cap 05,V. Transtornos mentais e comportamentais,17335
355030,Cap 06,VI. Doenças do sistema nervoso,21011
355030,Cap 07,VII. Doenças do olho e anexos,23534
355030,Cap 08,VIII. Doenças do ouvido e da apófise mastóide,1890
355030,Cap 09,IX. Doenças do aparelho circulatório,84028
355030,Cap 10,X. Doenças do aparelho respiratório,61414
355030,Cap 11,XI. Doenças do aparelho digestivo,76655
355030,Cap 12,XII. Doenças da pele e do tecido subcutâneo,17039
355030,Cap 13,XIII. Doenças osteomusculares e do tecido conjuntivo,16539
355030,Cap 14,XIV. Doenças do aparelho geniturinário,64631
355030,Cap 15,"XV. Gravidez, parto e puerpério",91206
355030,Cap 16,XVI. Afecções originadas no período perinatal,16896
355030,Cap 17,XVII. Malformações congênitas e anomalias cromossômicas,9978
355030,Cap 18,XVIII. Sintomas e achados anormais não classificados,14359
355030,Cap 19,XIX. Lesões e envenenamentos por causas externas,73806
355030,Cap 21,XXI. Contatos com serviços de saúde,26257
355040,Cap 01,I. Doenças infecciosas e parasitárias,40
355040,Cap 02,II. Neoplasias (tumores),360
355040,Cap 03,III. Doenças do sangue e transtornos imunitários,12
355040,Cap 04,"IV. Doenças endócrinas, nutricionais e metabólicas",32
355040,Cap 05,V. Transtornos mentais e comportamentais,28
355040,Cap 06,VI. Doenças do sistema nervoso,58
355040,Cap 07,VII. Doenças do olho e anexos,182
355040,Cap 08,VIII. Doenças do ouvido e da apófise mastóide,3
355040,Cap 09,IX. Doenças do aparelho circulatório,436
355040,Cap 10,X. Doenças do aparelho respiratório,589
355040,Cap 11,XI. Doenças do aparelho digestivo,497
355040,Cap 12,XII. Doenças da pele e do tecido subcutâneo,46
355040,Cap 13,XIII. Doenças osteomusculares e do tecido conjuntivo,149
355040,Cap 14,XIV. Doenças do aparelho geniturinário,824
355040,Cap 15,"XV. Gravidez, parto e puerpério",413
355040,Cap 16,XVI. Afecções originadas no período perinatal,1
355040,Cap 17,XVII. Malformações congênitas e anomalias cromossômicas,12
355040,Cap 18,XVIII. Sintomas e achados anormais não classificados,174
355040,Cap 19,XIX. Lesões e envenenamentos por causas externas,215
355040,Cap 21,XXI. Contatos com serviços de saúde,379
355060,Cap 01,I. Doenças infecciosas e parasitárias,195
355060,Cap 02,II. Neoplasias (tumores),86
355060,Cap 03,III. Doenças do sangue e transtornos imunitários,52
355060,Cap 04,"IV. Doenças endócrinas, nutricionais e metabólicas",144
355060,Cap 05,V. Transtornos mentais e comportamentais,64
355060,Cap 06,VI. Doenças do sistema nervoso,49
355060,Cap 07,VII. Doenças do olho e anexos,1
355060,Cap 08,VIII. Doenças do ouvido e da apófise mastóide,7
355060,Cap 09,IX. Doenças do aparelho circulatório,356
355060,Cap 10,X. Doenças do aparelho respiratório,513
355060,Cap 11,XI. Doenças do aparelho digestivo,877
355060,Cap 12,XII. Doenças da pele e do tecido subcutâneo,143
355060,Cap 13,XIII. Doenças osteomusculares e do tecido conjuntivo,43
355060,Cap 14,XIV. Doenças do aparelho geniturinário,431
355060,Cap 15,"XV. Gravidez, parto e puerpério",1368
355060,Cap 16,XVI. Afecções originadas no período perinatal,182
355060,Cap 18,XVIII. Sintomas e achados anormais não classificados,80
355060,Cap 19,XIX. Lesões e envenenamentos por causas externas,338
355060,Cap 21,XXI. Contatos com serviços de saúde,359
355070,Cap 01,I. Doenças infecciosas e parasitárias,631
355070,Cap 02,II. Neoplasias (tumores),253
355070,Cap 03,III. Doenças do sangue e transtornos imunitários,71
355070,Cap 04,"IV. Doenças endócrinas, nutricionais e metabólicas",129
355070,Cap 05,V. Transtornos mentais e comportamentais,45
355070,Cap 06,VI. Doenças do sistema nervoso,112
355070,Cap 07,VII. Doenças do olho e anexos,27
355070,Cap 08,VIII. Doenças do ouvido e da apófise mastóide,22
355070,Cap 09,IX. Doenças do aparelho circulatório,562
355070,Cap 10,X. Doenças do aparelho respiratório,694
355070,Cap 11,XI. Doenças do aparelho digestivo,641
355070,Cap 12,XII. Doenças da pele e do tecido subcutâneo,129
355070,Cap 13,XIII. Doenças osteomusculares e do tecido conjuntivo,77
355070,Cap 14,XIV. Doenças do aparelho geniturinário,624
355070,Cap 15,"XV. Gravidez, parto e puerpério",1284
355070,Cap 16,XVI. Afecções originadas no período perinatal,113
355070,Cap 17,XVII. Malformações congênitas e anomalias cromossômicas,8
355070,Cap 18,XVIII. Sintomas e achados anormais não classificados,191
355070,Cap 19,XIX. Lesões e envenenamentos por causas externas,524
355070,Cap 21,XXI. Contatos com serviços de saúde,242
355080,Cap 01,I. Doenças infecciosas e parasitárias,17
355080,Cap 02,II. Neoplasias (tumores),42
355080,Cap 03,III. Doenças do sangue e transtornos imunitários,16
355080,Cap 04,"IV. Doenças endócrinas, nutricionais e metabólicas",6
355080,Cap 05,V. Transtornos mentais e comportamentais,16
355080,Cap 06,VI. Doenças do sistema nervoso,7
355080,Cap 08,VIII. Doenças do ouvido e da apófise mastóide,1
355080,Cap 09,IX. Doenças do aparelho circulatório,71
355080,Cap 10,X. Doenças do aparelho respiratório,103
355080,Cap 11,XI. Doenças do aparelho digestivo,81
355080,Cap 12,XII. Doenças da pele e do tecido subcutâneo,58
355080,Cap 13,XIII. Doenças osteomusculares e do tecido conjuntivo,3
355080,Cap 14,XIV. Doenças do aparelho geniturinário,77
355080,Cap 15,"XV. Gravidez, parto e puerpério",1
355080,Cap 16,XVI. Afecções originadas no período perinatal,1
355080,Cap 18,XVIII. Sintomas e achados anormais não classificados,13
355080,Cap 19,XIX. Lesões e envenenamentos por causas externas,60
355080,Cap 21,XXI. Contatos com serviços de saúde,6
355090,Cap 01,I. Doenças infecciosas e parasitárias,54
355090,Cap 03,III. Doenças do sangue e transtornos imunitários,6
355090,Cap 04,"IV. Doenças endócrinas, nutricionais e metabólicas",63
355090,Cap 05,V. Transtornos mentais e comportamentais,6
355090,Cap 06,VI. Doenças do sistema nervoso,2
355090,Cap 09,IX. Doenças do aparelho circulatório,32
355090,Cap 10,X. Doenças do aparelho respiratório,56
355090,Cap 11,XI. Doenças do aparelho digestivo,35
355090,Cap 13,XIII. Doenças osteomusculares e do tecido conjuntivo,27
355090,Cap 14,XIV. Doenças do aparelho geniturinário,24
355090,Cap 15,"XV. Gravidez, parto e puerpério",1
355090,Cap 19,XIX. Lesões e envenenamentos por causas externas,4
355100,Cap 01,I. Doenças infecciosas e parasitárias,753
355100,Cap 02,II. Neoplasias (tumores),69
355100,Cap 03,III. Doenças do sangue e transtornos imunitários,90
355100,Cap 04,"IV. Doenças endócrinas, nutricionais e metabólicas",206
355100,Cap 05,V. Transtornos mentais e comportamentais,227
355100,Cap 06,VI. Doenças do sistema nervoso,66
355100,Cap 07,VII. Doenças do olho e anexos,832
355100,Cap 08,VIII. Doenças do ouvido e da apófise mastóide,2
355100,Cap 09,IX. Doenças do aparelho circulatório,1080
355100,Cap 10,X. Doenças do aparelho respiratório,322
355100,Cap 11,XI. Doenças do aparelho digestivo,805
355100,Cap 12,XII. Doenças da pele e do tecido subcutâneo,177
355100,Cap 13,XIII. Doenças osteomusculares e do tecido conjuntivo,51
355100,Cap 14,XIV. Doenças do aparelho geniturinário,606
355100,Cap 15,"XV. Gravidez, parto e puerpério",2320
355100,Cap 16,XVI. Afecções originadas no período perinatal,445
355100,Cap 17,XVII. Malformações congênitas e anomalias cromossômicas,45
355100,Cap 18,XVIII. Sintomas e achados anormais não classificados,112
355100,Cap 19,XIX. Lesões e envenenamentos por causas externas,1095
355100,Cap 21,XXI. Contatos com serviços de saúde,265
355150,Cap 01,I. Doenças infecciosas e parasitárias,196
355150,Cap 02,II. Neoplasias (tumores),198
355150,Cap 03,III. Doenças do sangue e transtornos imunitários,35
355150,Cap 04,"IV. Doenças endócrinas, nutricionais e metabólicas",136
355150,Cap 05,V. Transtornos mentais e comportamentais,241
355150,Cap 06,VI. Doenças do sistema nervoso,118
355150,Cap 07,VII. Doenças do olho e anexos,2
355150,Cap 09,IX. Doenças do aparelho circulatório,558
355150,Cap 10,X. Doenças do aparelho respiratório,468
355150,Cap 11,XI. Doenças do aparelho digestivo,905
355150,Cap 12,XII. Doenças da pele e do tecido subcutâneo,73
355150,Cap 13,XIII. Doenças osteomusculares e do tecido conjuntivo,115
355150,Cap 14,XIV. Doenças do aparelho geniturinário,196
355150,Cap 15,"XV. Gravidez, parto e puerpério",23
355150,Cap 17,XVII. Malformações congênitas e anomalias cromossômicas,10
355150,Cap 18,XVIII. Sintomas e achados anormais não classificados,19
355150,Cap 19,XIX. Lesões e envenenamentos por causas externas,196
355150,Cap 21,XXI. Contatos com serviços de saúde,4
355160,Cap 01,I. Doenças infecciosas e parasitárias,49
355160,Cap 02,II. Neoplasias (tumores),143
355160,Cap 03,III. Doenças do sangue e transtornos imunitários,30
355160,Cap 04,"IV. Doenças endócrinas, nutricionais e metabólicas",42
355160,Cap 05,V. Transtornos mentais e comportamentais,54
355160,Cap 06,VI. Doenças do sistema nervoso,66
355160,Cap 07,VII. Doenças do olho e anexos,20
355160,Cap 08,VIII. Doenças do ouvido e da apófise mastóide,2
355160,Cap 09,IX. Doenças do aparelho circulatório,550
355160,Cap 10,X. Doenças do aparelho respiratório,208
355160,Cap 11,XI. Doenças do aparelho digestivo,420
355160,Cap 12,XII. Doenças da pele e do tecido subcutâneo,25
355160,Cap 13,XIII. Doenças osteomusculares e do tecido conjuntivo,137
355160,Cap 14,XIV. Doenças do aparelho geniturinário,325
355160,Cap 15,"XV. Gravidez, parto e puerpério",220
355160,Cap 16,XVI. Afecções originadas no período perinatal,17
355160,Cap 17,XVII. Malformações congênitas e anomalias cromossômicas,3
355160,Cap 18,XVIII. Sintomas e achados anormais não classificados,77
355160,Cap 19,XIX. Lesões e envenenamentos por causas externas,175
355160,Cap 21,XXI. Contatos com serviços de saúde,72
355170,Cap 01,I. Doenças infecciosas e parasitárias,153
355170,Cap 02,II. Neoplasias (tumores),147
355170,Cap 03,III. Doenças do sangue e transtornos imunitários,56
355170,Cap 04,"IV. Doenças endócrinas, nutricionais e metabólicas",133
355170,Cap 05,V. Transtornos mentais e comportamentais,4
355170,Cap 06,VI. Doenças do sistema nervoso,127
355170,Cap 08,VIII. Doenças do ouvido e da apófise mastóide,6
355170,Cap 09,IX. Doenças do aparelho circulatório,634
355170,Cap 10,X. Doenças do aparelho respiratório,490
355170,Cap 11,XI. Doenças do aparelho digestivo,851
355170,Cap 12,XII. Doenças da pele e do tecido subcutâneo,108
355170,Cap 13,XIII. Doenças osteomusculares e do tecido conjuntivo,435
355170,Cap 14,XIV. Doenças do aparelho geniturinário,547
355170,Cap 15,"XV. Gravidez, parto e puerpério",987
355170,Cap 16,XVI. Afecções originadas no período perinatal,168
355170,Cap 17,XVII. Malformações congênitas e anomalias cromossômicas,34
355170,Cap 18,XVIII. Sintomas e achados anormais não classificados,195
355170,Cap 19,XIX. Lesões e envenenamentos por causas externas,1624
355170,Cap 21,XXI. Contatos com serviços de saúde,212
355200,Cap 02,II. Neoplasias (tumores),1
355200,Cap 05,V. Transtornos mentais e comportamentais,6
355200,Cap 10,X. Doenças do aparelho respiratório,11
355200,Cap 12,XII. Doenças da pele e do tecido subcutâneo,1
355200,Cap 14,XIV. Doenças do aparelho geniturinário,6
355200,Cap 18,XVIII. Sintomas e achados anormais não classificados,1
355210,Cap 01,I. Doenças infecciosas e parasitárias,101
355210,Cap 02,II. Neoplasias (tumores),748
355210,Cap 03,III. Doenças do sangue e transtornos imunitários,46
355210,Cap 04,"IV. Doenças endócrinas, nutricionais e metabólicas",51
355210,Cap 05,V. Transtornos mentais e comportamentais,21
355210,Cap 06,VI. Doenças do sistema nervoso,40
355210,Cap 07,VII. Doenças do olho e anexos,130
355210,Cap 08,VIII. Doenças do ouvido e da apófise mastóide,6
355210,Cap 09,IX. Doenças do aparelho circulatório,454
355210,Cap 10,X. Doenças do aparelho respiratório,342
355210,Cap 11,XI. Doenças do aparelho digestivo,419
355210,Cap 12,XII. Doenças da pele e do tecido subcutâneo,71
355210,Cap 13,XIII. Doenças osteomusculares e do tecido conjuntivo,48
355210,Cap 14,XIV. Doenças do aparelho geniturinário,294
355210,Cap 15,"XV. Gravidez, parto e puerpério",253
355210,Cap 16,XVI. Afecções originadas no período perinatal,34
355210,Cap 17,XVII. Malformações congênitas e anomalias cromossômicas,2
355210,Cap 18,XVIII. Sintomas e achados anormais não classificados,132
355210,Cap 19,XIX. Lesões e envenenamentos por causas externas,294
355210,Cap 21,XXI. Contatos com serviços de saúde,111
355220,Cap 01,I. Doenças infecciosas e parasitárias,1314
355220,Cap 02,II. Neoplasias (tumores),6134
355220,Cap 03,III. Doenças do sangue e transtornos imunitários,680
355220,Cap 04,"IV. Doenças endócrinas, nutricionais e metabólicas",865
355220,Cap 05,V. Transtornos mentais e comportamentais,647
355220,Cap 06,VI. Doenças do sistema nervoso,927
355220,Cap 07,VII. Doenças do olho e anexos,1327
355220,Cap 08,VIII. Doenças do ouvido e da apófise mastóide,152
355220,Cap 09,IX. Doenças do aparelho circulatório,8727
355220,Cap 10,X. Doenças do aparelho respiratório,5185
355220,Cap 11,XI. Doenças do aparelho digestivo,7955
355220,Cap 12,XII. Doenças da pele e do tecido subcutâneo,1475
355220,Cap 13,XIII. Doenças osteomusculares e do tecido conjuntivo,1239
355220,Cap 14,XIV. Doenças do aparelho geniturinário,6021
355220,Cap 15,"XV. Gravidez, parto e puerpério",7807
355220,Cap 16,XVI. Afecções originadas no período perinatal,1455
355220,Cap 17,XVII. Malformações congênitas e anomalias cromossômicas,569
355220,Cap 18,XVIII. Sintomas e achados anormais não classificados,969
355220,Cap 19,XIX. Lesões e envenenamentos por causas externas,7840
355220,Cap 21,XXI. Contatos com serviços de saúde,969
355230,Cap 01,I. Doenças infecciosas e parasitárias,12
355230,Cap 02,II. Neoplasias (tumores),2
355230,Cap 03,III. Doenças do sangue e transtornos imunitários,11
355230,Cap 04,"IV. Doenças endócrinas, nutricionais e metabólicas",12
355230,Cap 06,VI. Doenças do sistema nervoso,1
355230,Cap 09,IX. Doenças do aparelho circulatório,4
355230,Cap 10,X. Doenças do aparelho respiratório,56
355230,Cap 11,XI. Doenças do aparelho digestivo,10
355230,Cap 12,XII. Doenças da pele e do tecido subcutâneo,4
355230,Cap 13,XIII. Doenças osteomusculares e do tecido conjuntivo,2
355230,Cap 14,XIV. Doenças do aparelho geniturinário,42
355230,Cap 15,"XV. Gravidez, parto e puerpério",34
355230,Cap 18,XVIII. Sintomas e achados anormais não classificados,2
355230,Cap 19,XIX. Lesões e envenenamentos por causas externas,1
355230,Cap 21,XXI. Contatos com serviços de saúde,1
355240,Cap 01,I. Doenças infecciosas e parasitárias,240
355240,Cap 02,II. Neoplasias (tumores),538
355240,Cap 03,III. Doenças do sangue e transtornos imunitários,70
355240,Cap 04,"IV. Doenças endócrinas, nutricionais e metabólicas",145
355240,Cap 05,V. Transtornos mentais e comportamentais,17
355240,Cap 06,VI. Doenças do sistema nervoso,292
355240,Cap 07,VII. Doenças do olho e anexos,1
355240,Cap 08,VIII. Doenças do ouvido e da apófise mastóide,14
355240,Cap 09,IX. Doenças do aparelho circulatório,791
355240,Cap 10,X. Doenças do aparelho respiratório,965
355240,Cap 11,XI. Doenças do aparelho digestivo,2404
355240,Cap 12,XII. Doenças da pele e do tecido subcutâneo,216
355240,Cap 13,XIII. Doenças osteomusculares e do tecido conjuntivo,279
355240,Cap 14,XIV. Doenças do aparelho geniturinário,859
355240,Cap 15,"XV. Gravidez, parto e puerpério",2509
355240,Cap 16,XVI. Afecções originadas no período perinatal,548
355240,Cap 17,XVII. Malformações congênitas e anomalias cromossômicas,113
355240,Cap 18,XVIII. Sintomas e achados anormais não classificados,196
355240,Cap 19,XIX. Lesões e envenenamentos por causas externas,2077
355240,Cap 21,XXI. Contatos com serviços de saúde,530
355250,Cap 01,I. Doenças infecciosas e parasitárias,352
355250,Cap 02,II. Neoplasias (tumores),36
355250,Cap 03,III. Doenças do sangue e transtornos imunitários,28
355250,Cap 04,"IV. Doenças endócrinas, nutricionais e metabólicas",125
355250,Cap 05,V. Transtornos mentais e comportamentais,6
355250,Cap 06,VI. Doenças do sistema nervoso,86
355250,Cap 08,VIII. Doenças do ouvido e da apófise mastóide,2
355250,Cap 09,IX. Doenças do aparelho circulatório,893
355250,Cap 10,X. Doenças do aparelho respiratório,1026
355250,Cap 11,XI. Doenças do aparelho digestivo,916
355250,Cap 12,XII. Doenças da pele e do tecido subcutâneo,84
355250,Cap 13,XIII. Doenças osteomusculares e do tecido conjuntivo,289
355250,Cap 14,XIV. Doenças do aparelho geniturinário,266
355250,Cap 15,"XV. Gravidez, parto e puerpério",2388
355250,Cap 16,XVI. Afecções originadas no período perinatal,335
355250,Cap 17,XVII. Malformações congênitas e anomalias cromossômicas,38
355250,Cap 18,XVIII. Sintomas e achados anormais não classificados,52
355250,Cap 19,XIX. Lesões e envenenamentos por causas externas,1179
355250,Cap 21,XXI. Contatos com serviços de saúde,325
355260,Cap 01,I. Doenças infecciosas e parasitárias,177
355260,Cap 03,III. Doenças do sangue e transtornos imunitários,3
355260,Cap 04,"IV. Doenças endócrinas, nutricionais e metabólicas",23
355260,Cap 05,V. Transtornos mentais e comportamentais,1
355260,Cap 06,VI. Doenças do sistema nervoso,1
355260,Cap 07,VII. Doenças do olho e anexos,1
355260,Cap 08,VIII. Doenças do ouvido e da apófise mastóide,4
355260,Cap 09,IX. Doenças do aparelho circulatório,43
355260,Cap 10,X. Doenças do aparelho respiratório,206
355260,Cap 11,XI. Doenças do aparelho digestivo,257
355260,Cap 12,XII. Doenças da pele e do tecido subcutâneo,32
355260,Cap 13,XIII. Doenças osteomusculares e do tecido conjuntivo,9
355260,Cap 14,XIV. Doenças do aparelho geniturinário,117
355260,Cap 15,"XV. Gravidez, parto e puerpério",4
355260,Cap 18,XVIII. Sintomas e achados anormais não classificados,6
355260,Cap 21,XXI. Contatos com serviços de saúde,135
355270,Cap 01,I. Doenças infecciosas e parasitárias,138
355270,Cap 02,II. Neoplasias (tumores),1
355270,Cap 03,III. Doenças do sangue e transtornos imunitários,11
355270,Cap 04,"IV. Doenças endócrinas, nutricionais e metabólicas",39
355270,Cap 06,VI. Doenças do sistema nervoso,1
355270,Cap 08,VIII. Doenças do ouvido e da apófise mastóide,6
355270,Cap 09,IX. Doenças do aparelho circulatório,83
355270,Cap 10,X. Doenças do aparelho respiratório,227
355270,Cap 11,XI. Doenças do aparelho digestivo,99
355270,Cap 12,XII. Doenças da pele e do tecido subcutâneo,104
355270,Cap 14,XIV. Doenças do aparelho geniturinário,82
355270,Cap 15,"XV. Gravidez, parto e puerpério",100
355270,Cap 18,XVIII. Sintomas e achados anormais não classificados,1
355270,Cap 21,XXI. Contatos com serviços de saúde,13
355280,Cap 01,I. Doenças infecciosas e parasitárias,598
355280,Cap 02,II. Neoplasias (tumores),670
355280,Cap 03,III. Doenças do sangue e transtornos imunitários,80
355280,Cap 04,"IV. Doenças endócrinas, nutricionais e metabólicas",227
355280,Cap 05,V. Transtornos mentais e comportamentais,490
355280,Cap 06,VI. Doenças do sistema nervoso,216
355280,Cap 07,VII. Doenças do olho e anexos,39
355280,Cap 08,VIII. Doenças do ouvido e da apófise mastóide,15
355280,Cap 09,IX. Doenças do aparelho circulatório,3068
355280,Cap 10,X. Doenças do aparelho respiratório,2165
355280,Cap 11,XI. Doenças do aparelho digestivo,3102
355280,Cap 12,XII. Doenças da pele e do tecido subcutâneo,442
355280,Cap 13,XIII. Doenças osteomusculares e do tecido conjuntivo,230
355280,Cap 14,XIV. Doenças do aparelho geniturinário,1175
355280,Cap 15,"XV. Gravidez, parto e puerpério",3430
355280,Cap 16,XVI. Afecções originadas no período perinatal,573
355280,Cap 17,XVII. Malformações congênitas e anomalias cromossômicas,206
355280,Cap 18,XVIII. Sintomas e achados anormais não classificados,405
355280,Cap 19,XIX. Lesões e envenenamentos por causas externas,2973
355280,Cap 21,XXI. Contatos com serviços de saúde,181
355300,Cap 01,I. Doenças infecciosas e parasitárias,23
355300,Cap 02,II. Neoplasias (tumores),16
355300,Cap 03,III. Doenças do sangue e transtornos imunitários,7
355300,Cap 04,"IV. Doenças endócrinas, nutricionais e metabólicas",13
355300,Cap 05,V. Transtornos mentais e comportamentais,57
355300,Cap 06,VI. Doenças do sistema nervoso,5
355300,Cap 08,VIII. Doenças do ouvido e da apófise mastóide,1
355300,Cap 09,IX. Doenças do aparelho circulatório,21
355300,Cap 10,X. Doenças do aparelho respiratório,123
355300,Cap 11,XI. Doenças do aparelho digestivo,80
355300,Cap 12,XII. Doenças da pele e do tecido subcutâneo,24
355300,Cap 13,XIII. Doenças osteomusculares e do tecido conjuntivo,5
355300,Cap 14,XIV. Doenças do aparelho geniturinário,79
355300,Cap 15,"XV. Gravidez, parto e puerpério",165
355300,Cap 16,XVI. Afecções originadas no período perinatal,15
355300,Cap 18,XVIII. Sintomas e achados anormais não classificados,10
355300,Cap 19,XIX. Lesões e envenenamentos por causas externas,17
355300,Cap 21,XXI. Contatos com serviços de saúde,10
355330,Cap 01,I. Doenças infecciosas e parasitárias,27
355330,Cap 02,II. Neoplasias (tumores),54
355330,Cap 03,III. Doenças do sangue e transtornos imunitários,35
355330,Cap 04,"IV. Doenças endócrinas, nutricionais e metabólicas",23
355330,Cap 05,V. Transtornos mentais e comportamentais,8
355330,Cap 06,VI. Doenças do sistema nervoso,18
355330,Cap 08,VIII. Doenças do ouvido e da apófise mastóide,3
355330,Cap 09,IX. Doenças do aparelho circulatório,127
355330,Cap 10,X. Doenças do aparelho respiratório,155
355330,Cap 11,XI. Doenças do aparelho digestivo,162
355330,Cap 12,XII. Doenças da pele e do tecido subcutâneo,16
355330,Cap 13,XIII. Doenças osteomusculares e do tecido conjuntivo,21
355330,Cap 14,XIV. Doenças do aparelho geniturinário,265
355330,Cap 15,"XV. Gravidez, parto e puerpério",204
355330,Cap 16,XVI. Afecções originadas no período perinatal,9
355330,Cap 17,XVII. Malformações congênitas e anomalias cromossômicas,2
355330,Cap 18,XVIII. Sintomas e achados anormais não classificados,35
355330,Cap 19,XIX. Lesões e envenenamentos por causas externas,98
355330,Cap 21,XXI. Contatos com serviços de saúde,14
355340,Cap 01,I. Doenças infecciosas e parasitárias,509
355340,Cap 03,III. Doenças do sangue e transtornos imunitários,7
355340,Cap 04,"IV. Doenças endócrinas, nutricionais e metabólicas",155
355340,Cap 05,V. Transtornos mentais e comportamentais,221
355340,Cap 06,VI. Doenças do sistema nervoso,1
355340,Cap 09,IX. Doenças do aparelho circulatório,9
355340,Cap 10,X. Doenças do aparelho respiratório,294
355340,Cap 11,XI. Doenças do aparelho digestivo,43
355340,Cap 12,XII. Doenças da pele e do tecido subcutâneo,1
355340,Cap 14,XIV. Doenças do aparelho geniturinário,245
355340,Cap 18,XVIII. Sintomas e achados anormais não classificados,1
355340,Cap 19,XIX. Lesões e envenenamentos por causas externas,3
355360,Cap 01,I. Doenças infecciosas e parasitárias,34
355360,Cap 02,II. Neoplasias (tumores),29
355360,Cap 03,III. Doenças do sangue e transtornos imunitários,17
355360,Cap 04,"IV. Doenças endócrinas, nutricionais e metabólicas",9
355360,Cap 05,V. Transtornos mentais e comportamentais,1
355360,Cap 06,VI. Doenças do sistema nervoso,3
355360,Cap 08,VIII. Doenças do ouvido e da apófise mastóide,1
355360,Cap 09,IX. Doenças do aparelho circulatório,46
355360,Cap 10,X. Doenças do aparelho respiratório,76
355360,Cap 11,XI. Doenças do aparelho digestivo,80
355360,Cap 12,XII. Doenças da pele e do tecido subcutâneo,10
355360,Cap 13,XIII. Doenças osteomusculares e do tecido conjuntivo,1
355360,Cap 14,XIV. Doenças do aparelho geniturinário,67
355360,Cap 16,XVI. Afecções originadas no período perinatal,1
355360,Cap 18,XVIII. Sintomas e achados anormais não classificados,1
355360,Cap 19,XIX. Lesões e envenenamentos por causas externas,18
355360,Cap 21,XXI. Contatos com serviços de saúde,1
355370,Cap 01,I. Doenças infecciosas e parasitárias,169
355370,Cap 02,II. Neoplasias (tumores),96
355370,Cap 03,III. Doenças do sangue e transtornos imunitários,39
355370,Cap 04,"IV. Doenças endócrinas, nutricionais e metabólicas",96
355370,Cap 05,V. Transtornos mentais e comportamentais,56
355370,Cap 06,VI. Doenças do sistema nervoso,159
355370,Cap 08,VIII. Doenças do ouvido e da apófise mastóide,5
355370,Cap 09,IX. Doenças do aparelho circulatório,330
355370,Cap 10,X. Doenças do aparelho respiratório,459
355370,Cap 11,XI. Doenças do aparelho digestivo,399
355370,Cap 12,XII. Doenças da pele e do tecido subcutâneo,278
355370,Cap 13,XIII. Doenças osteomusculares e do tecido conjuntivo,424
355370,Cap 14,XIV. Doenças do aparelho geniturinário,450
355370,Cap 15,"XV. Gravidez, parto e puerpério",490
355370,Cap 16,XVI. Afecções originadas no período perinatal,72
355370,Cap 17,XVII. Malformações congênitas e anomalias cromossômicas,11
355370,Cap 18,XVIII. Sintomas e achados anormais não classificados,325
355370,Cap 19,XIX. Lesões e envenenamentos por causas externas,472
355370,Cap 21,XXI. Contatos com serviços de saúde,101
355380,Cap 01,I. Doenças infecciosas e parasitárias,40
355380,Cap 02,II. Neoplasias (tumores),69
355380,Cap 03,III. Doenças do sangue e transtornos imunitários,42
355380,Cap 04,"IV. Doenças endócrinas, nutricionais e metabólicas",71
355380,Cap 05,V. Transtornos mentais e comportamentais,98
355380,Cap 06,VI. Doenças do sistema nervoso,48
355380,Cap 08,VIII. Doenças do ouvido e da apófise mastóide,7
355380,Cap 09,IX. Doenças do aparelho circulatório,90
355380,Cap 10,X. Doenças do aparelho respiratório,249
355380,Cap 11,XI. Doenças do aparelho digestivo,317
355380,Cap 12,XII. Doenças da pele e do tecido subcutâneo,125
355380,Cap 13,XIII. Doenças osteomusculares e do tecido conjuntivo,50
355380,Cap 14,XIV. Doenças do aparelho geniturinário,231
355380,Cap 15,"XV. Gravidez, parto e puerpério",279
355380,Cap 16,XVI. Afecções originadas no período perinatal,14
355380,Cap 18,XVIII. Sintomas e achados anormais não classificados,136
355380,Cap 19,XIX. Lesões e envenenamentos por causas externas,223
355380,Cap 21,XXI. Contatos com serviços de saúde,87
355400,Cap 01,I. Doenças infecciosas e parasitárias,124
355400,Cap 02,II. Neoplasias (tumores),92
355400,Cap 03,III. Doenças do sangue e transtornos imunitários,63
355400,Cap 04,"IV. Doenças endócrinas, nutricionais e metabólicas",73
355400,Cap 05,V. Transtornos mentais e comportamentais,110
355400,Cap 06,VI. Doenças do sistema nervoso,50
355400,Cap 07,VII. Doenças do olho e anexos,1
355400,Cap 08,VIII. Doenças do ouvido e da apófise mastóide,3
355400,Cap 09,IX. Doenças do aparelho circulatório,356
355400,Cap 10,X. Doenças do aparelho respiratório,506
355400,Cap 11,XI. Doenças do aparelho digestivo,702
355400,Cap 12,XII. Doenças da pele e do tecido subcutâneo,59
355400,Cap 13,XIII. Doenças osteomusculares e do tecido conjuntivo,57
355400,Cap 14,XIV. Doenças do aparelho geniturinário,233
355400,Cap 15,"XV. Gravidez, parto e puerpério",1704
355400,Cap 16,XVI. Afecções originadas no período perinatal,101
355400,Cap 17,XVII. Malformações congênitas e anomalias cromossômicas,13
355400,Cap 18,XVIII. Sintomas e achados anormais não classificados,33
355400,Cap 19,XIX. Lesões e envenenamentos por causas externas,456
355400,Cap 21,XXI. Contatos com serviços de saúde,237
355410,Cap 01,I. Doenças infecciosas e parasitárias,425
355410,Cap 02,II. Neoplasias (tumores),2779
355410,Cap 03,III. Doenças do sangue e transtornos imunitários,352
355410,Cap 04,"IV. Doenças endócrinas, nutricionais e metabólicas",171
355410,Cap 05,V. Transtornos mentais e comportamentais,71
355410,Cap 06,VI. Doenças do sistema nervoso,530
355410,Cap 07,VII. Doenças do olho e anexos,2410
355410,Cap 08,VIII. Doenças do ouvido e da apófise mastóide,75
355410,Cap 09,IX. Doenças do aparelho circulatório,2875
355410,Cap 10,X. Doenças do aparelho respiratório,2075
355410,Cap 11,XI. Doenças do aparelho digestivo,2307
355410,Cap 12,XII. Doenças da pele e do tecido subcutâneo,314
355410,Cap 13,XIII. Doenças osteomusculares e do tecido conjuntivo,401
355410,Cap 14,XIV. Doenças do aparelho geniturinário,2070
355410,Cap 15,"XV. Gravidez, parto e puerpério",3398
355410,Cap 16,XVI. Afecções originadas no período perinatal,404
355410,Cap 17,XVII. Malformações congênitas e anomalias cromossômicas,174
355410,Cap 18,XVIII. Sintomas e achados anormais não classificados,290
355410,Cap 19,XIX. Lesões e envenenamentos por causas externas,3145
355410,Cap 21,XXI. Contatos com serviços de saúde,351
355430,Cap 01,I. Doenças infecciosas e parasitárias,94
355430,Cap 02,II. Neoplasias (tumores),3
355430,Cap 03,III. Doenças do sangue e transtornos imunitários,26
355430,Cap 04,"IV. Doenças endócrinas, nutricionais e metabólicas",79
355430,Cap 05,V. Transtornos mentais e comportamentais,46
355430,Cap 06,VI. Doenças do sistema nervoso,24
355430,Cap 08,VIII. Doenças do ouvido e da apófise mastóide,1
355430,Cap 09,IX. Doenças do aparelho circulatório,114
355430,Cap 10,X. Doenças do aparelho respiratório,239
355430,Cap 11,XI. Doenças do aparelho digestivo,71
355430,Cap 12,XII. Doenças da pele e do tecido subcutâneo,54
355430,Cap 13,XIII. Doenças osteomusculares e do tecido conjuntivo,26
355430,Cap 14,XIV. Doenças do aparelho geniturinário,131
355430,Cap 15,"XV. Gravidez, parto e puerpério",117
355430,Cap 16,XVI. Afecções originadas no período perinatal,12
355430,Cap 18,XVIII. Sintomas e achados anormais não classificados,25
355430,Cap 19,XIX. Lesões e envenenamentos por causas externas,76
355430,Cap 21,XXI. Contatos com serviços de saúde,7
355440,Cap 01,I. Doenças infecciosas e parasitárias,2
355440,Cap 03,III. Doenças do sangue e transtornos imunitários,1
355440,Cap 04,"IV. Doenças endócrinas, nutricionais e metabólicas",1
355440,Cap 06,VI. Doenças do sistema nervoso,1
355440,Cap 10,X. Doenças do aparelho respiratório,17
355440,Cap 12,XII. Doenças da pele e do tecido subcutâneo,2
355440,Cap 14,XIV. Doenças do aparelho geniturinário,12
355450,Cap 01,I. Doenças infecciosas e parasitárias,57
355450,Cap 02,II. Neoplasias (tumores),78
355450,Cap 03,III. Doenças do sangue e transtornos imunitários,15
355450,Cap 04,"IV. Doenças endócrinas, nutricionais e metabólicas",64
355450,Cap 05,V. Transtornos mentais e comportamentais,9
355450,Cap 06,VI. Doenças do sistema nervoso,36
355450,Cap 09,IX. Doenças do aparelho circulatório,170
355450,Cap 10,X. Doenças do aparelho respiratório,216
355450,Cap 11,XI. Doenças do aparelho digestivo,134
355450,Cap 12,XII. Doenças da pele e do tecido subcutâneo,17
355450,Cap 13,XIII. Doenças osteomusculares e do tecido conjuntivo,66
355450,Cap 14,XIV. Doenças do aparelho geniturinário,133
355450,Cap 15,"XV. Gravidez, parto e puerpério",768
355450,Cap 16,XVI. Afecções originadas no período perinatal,67
355450,Cap 17,XVII. Malformações congênitas e anomalias cromossômicas,5
355450,Cap 18,XVIII. Sintomas e achados anormais não classificados,56
355450,Cap 19,XIX. Lesões e envenenamentos por causas externas,158
355450,Cap 21,XXI. Contatos com serviços de saúde,20
355470,Cap 01,I. Doenças infecciosas e parasitárias,2
355470,Cap 02,II. Neoplasias (tumores),6
355470,Cap 03,III. Doenças do sangue e transtornos imunitários,1
355470,Cap 04,"IV. Doenças endócrinas, nutricionais e metabólicas",3
355470,Cap 05,V. Transtornos mentais e comportamentais,1
355470,Cap 06,VI. Doenças do sistema nervoso,2
355470,Cap 08,VIII. Doenças do ouvido e da apófise mastóide,1
355470,Cap 09,IX. Doenças do aparelho circulatório,5
355470,Cap 10,X. Doenças do aparelho respiratório,37
355470,Cap 11,XI. Doenças do aparelho digestivo,6
355470,Cap 12,XII. Doenças da pele e do tecido subcutâneo,2
355470,Cap 13,XIII. Doenças osteomusculares e do tecido conjuntivo,1
355470,Cap 14,XIV. Doenças do aparelho geniturinário,13
355470,Cap 18,XVIII. Sintomas e achados anormais não classificados,2
355470,Cap 19,XIX. Lesões e envenenamentos por causas externas,2
355470,Cap 21,XXI. Contatos com serviços de saúde,1
355500,Cap 01,I. Doenças infecciosas e parasitárias,550
355500,Cap 02,II. Neoplasias (tumores),725
355500,Cap 03,III. Doenças do sangue e transtornos imunitários,41
355500,Cap 04,"IV. Doenças endócrinas, nutricionais e metabólicas",136
355500,Cap 05,V. Transtornos mentais e comportamentais,14
355500,Cap 06,VI. Doenças do sistema nervoso,148
355500,Cap 07,VII. Doenças do olho e anexos,4
355500,Cap 08,VIII. Doenças do ouvido e da apófise mastóide,4
355500,Cap 09,IX. Doenças do aparelho circulatório,973
355500,Cap 10,X. Doenças do aparelho respiratório,850
355500,Cap 11,XI. Doenças do aparelho digestivo,1035
355500,Cap 12,XII. Doenças da pele e do tecido subcutâneo,149
355500,Cap 13,XIII. Doenças osteomusculares e do tecido conjuntivo,253
355500,Cap 14,XIV. Doenças do aparelho geniturinário,567
355500,Cap 15,"XV. Gravidez, parto e puerpério",1003
355500,Cap 16,XVI. Afecções originadas no período perinatal,60
355500,Cap 17,XVII. Malformações congênitas e anomalias cromossômicas,20
355500,Cap 18,XVIII. Sintomas e achados anormais não classificados,146
355500,Cap 19,XIX. Lesões e envenenamentos por causas externas,876
355500,Cap 21,XXI. Contatos com serviços de saúde,346
355510,Cap 01,I. Doenças infecciosas e parasitárias,293
355510,Cap 02,II. Neoplasias (tumores),40
355510,Cap 03,III. Doenças do sangue e transtornos imunitários,66
355510,Cap 04,"IV. Doenças endócrinas, nutricionais e metabólicas",50
355510,Cap 06,VI. Doenças do sistema nervoso,11
355510,Cap 08,VIII. Doenças do ouvido e da apófise mastóide,7
355510,Cap 09,IX. Doenças do aparelho circulatório,196
355510,Cap 10,X. Doenças do aparelho respiratório,309
355510,Cap 11,XI. Doenças do aparelho digestivo,151
355510,Cap 12,XII. Doenças da pele e do tecido subcutâneo,10
355510,Cap 13,XIII. Doenças osteomusculares e do tecido conjuntivo,1
355510,Cap 14,XIV. Doenças do aparelho geniturinário,116
355510,Cap 15,"XV. Gravidez, parto e puerpério",59
355510,Cap 16,XVI. Afecções originadas no período perinatal,14
355510,Cap 18,XVIII. Sintomas e achados anormais não classificados,16
355510,Cap 19,XIX. Lesões e envenenamentos por causas externas,19
355540,Cap 01,I. Doenças infecciosas e parasitárias,272
355540,Cap 02,II. Neoplasias (tumores),64
355540,Cap 03,III. Doenças do sangue e transtornos imunitários,53
355540,Cap 04,"IV. Doenças endócrinas, nutricionais e metabólicas",92
355540,Cap 05,V. Transtornos mentais e comportamentais,229
355540,Cap 06,VI. Doenças do sistema nervoso,63
355540,Cap 07,VII. Doenças do olho e anexos,32
355540,Cap 08,VIII. Doenças do ouvido e da apófise mastóide,3
355540,Cap 09,IX. Doenças do aparelho circulatório,575
355540,Cap 10,X. Doenças do aparelho respiratório,437
355540,Cap 11,XI. Doenças do aparelho digestivo,538
355540,Cap 12,XII. Doenças da pele e do tecido subcutâneo,172
355540,Cap 13,XIII. Doenças osteomusculares e do tecido conjuntivo,48
355540,Cap 14,XIV. Doenças do aparelho geniturinário,258
355540,Cap 15,"XV. Gravidez, parto e puerpério",1072
355540,Cap 16,XVI. Afecções originadas no período perinatal,21
355540,Cap 17,XVII. Malformações congênitas e anomalias cromossômicas,8
355540,Cap 18,XVIII. Sintomas e achados anormais não classificados,76
355540,Cap 19,XIX. Lesões e envenenamentos por causas externas,772
355540,Cap 21,XXI. Contatos com serviços de saúde,26
355580,Cap 01,I. Doenças infecciosas e parasitárias,47
355580,Cap 03,III. Doenças do sangue e transtornos imunitários,2
355580,Cap 04,"IV. Doenças endócrinas, nutricionais e metabólicas",64
355580,Cap 08,VIII. Doenças do ouvido e da apófise mastóide,2
355580,Cap 09,IX. Doenças do aparelho circulatório,5
355580,Cap 10,X. Doenças do aparelho respiratório,156
355580,Cap 11,XI. Doenças do aparelho digestivo,4
355580,Cap 12,XII. Doenças da pele e do tecido subcutâneo,20
355580,Cap 13,XIII. Doenças osteomusculares e do tecido conjuntivo,5
355580,Cap 14,XIV. Doenças do aparelho geniturinário,129
355580,Cap 19,XIX. Lesões e envenenamentos por causas externas,2
355600,Cap 01,I. Doenças infecciosas e parasitárias,127
355600,Cap 02,II. Neoplasias (tumores),182
355600,Cap 03,III. Doenças do sangue e transtornos imunitários,9
355600,Cap 04,"IV. Doenças endócrinas, nutricionais e metabólicas",51
355600,Cap 06,VI. Doenças do sistema nervoso,5
355600,Cap 08,VIII. Doenças do ouvido e da apófise mastóide,3
355600,Cap 09,IX. Doenças do aparelho circulatório,108
355600,Cap 10,X. Doenças do aparelho respiratório,220
355600,Cap 11,XI. Doenças do aparelho digestivo,181
355600,Cap 12,XII. Doenças da pele e do tecido subcutâneo,173
355600,Cap 13,XIII. Doenças osteomusculares e do tecido conjuntivo,5
355600,Cap 14,XIV. Doenças do aparelho geniturinário,147
355600,Cap 15,"XV. Gravidez, parto e puerpério",18
355600,Cap 18,XVIII. Sintomas e achados anormais não classificados,14
355600,Cap 19,XIX. Lesões e envenenamentos por causas externas,11
355600,Cap 21,XXI. Contatos com serviços de saúde,9
355620,Cap 01,I. Doenças infecciosas e parasitárias,379
355620,Cap 02,II. Neoplasias (tumores),102
355620,Cap 03,III. Doenças do sangue e transtornos imunitários,67
355620,Cap 04,"IV. Doenças endócrinas, nutricionais e metabólicas",89
355620,Cap 05,V. Transtornos mentais e comportamentais,2
355620,Cap 06,VI. Doenças do sistema nervoso,86
355620,Cap 09,IX. Doenças do aparelho circulatório,598
355620,Cap 10,X. Doenças do aparelho respiratório,506
355620,Cap 11,XI. Doenças do aparelho digestivo,597
355620,Cap 12,XII. Doenças da pele e do tecido subcutâneo,132
355620,Cap 13,XIII. Doenças osteomusculares e do tecido conjuntivo,80
355620,Cap 14,XIV. Doenças do aparelho geniturinário,433
355620,Cap 15,"XV. Gravidez, parto e puerpério",642
355620,Cap 16,XVI. Afecções originadas no período perinatal,29
355620,Cap 17,XVII. Malformações congênitas e anomalias cromossômicas,8
355620,Cap 18,XVIII. Sintomas e achados anormais não classificados,80
355620,Cap 19,XIX. Lesões e envenenamentos por causas externas,1013
355620,Cap 21,XXI. Contatos com serviços de saúde,19
355630,Cap 01,I. Doenças infecciosas e parasitárias,46
355630,Cap 02,II. Neoplasias (tumores),35
355630,Cap 03,III. Doenças do sangue e transtornos imunitários,3
355630,Cap 04,"IV. Doenças endócrinas, nutricionais e metabólicas",21
355630,Cap 05,V. Transtornos mentais e comportamentais,9
355630,Cap 06,VI. Doenças do sistema nervoso,19
355630,Cap 07,VII. Doenças do olho e anexos,99
355630,Cap 08,VIII. Doenças do ouvido e da apófise mastóide,1
355630,Cap 09,IX. Doenças do aparelho circulatório,53
355630,Cap 10,X. Doenças do aparelho respiratório,356
355630,Cap 11,XI. Doenças do aparelho digestivo,84
355630,Cap 12,XII. Doenças da pele e do tecido subcutâneo,15
355630,Cap 13,XIII. Doenças osteomusculares e do tecido conjuntivo,15
355630,Cap 14,XIV. Doenças do aparelho geniturinário,110
355630,Cap 15,"XV. Gravidez, parto e puerpério",144
355630,Cap 16,XVI. Afecções originadas no período perinatal,3
355630,Cap 17,XVII. Malformações congênitas e anomalias cromossômicas,1
355630,Cap 18,XVIII. Sintomas e achados anormais não classificados,12
355630,Cap 19,XIX. Lesões e envenenamentos por causas externas,35
355630,Cap 21,XXI. Contatos com serviços de saúde,32
355640,Cap 01,I. Doenças infecciosas e parasitárias,69
355640,Cap 02,II. Neoplasias (tumores),12
355640,Cap 03,III. Doenças do sangue e transtornos imunitários,24
355640,Cap 04,"IV. Doenças endócrinas, nutricionais e metabólicas",92
355640,Cap 06,VI. Doenças do sistema nervoso,6
355640,Cap 08,VIII. Doenças do ouvido e da apófise mastóide,1
355640,Cap 09,IX. Doenças do aparelho circulatório,297
355640,Cap 10,X. Doenças do aparelho respiratório,300
355640,Cap 11,XI. Doenças do aparelho digestivo,207
355640,Cap 12,XII. Doenças da pele e do tecido subcutâneo,36
355640,Cap 13,XIII. Doenças osteomusculares e do tecido conjuntivo,9
355640,Cap 14,XIV. Doenças do aparelho geniturinário,269
355640,Cap 15,"XV. Gravidez, parto e puerpério",385
355640,Cap 16,XVI. Afecções originadas no período perinatal,12
355640,Cap 17,XVII. Malformações congênitas e anomalias cromossômicas,3
355640,Cap 18,XVIII. Sintomas e achados anormais não classificados,18
355640,Cap 19,XIX. Lesões e envenenamentos por causas externas,176
355640,Cap 21,XXI. Contatos com serviços de saúde,261
355650,Cap 01,I. Doenças infecciosas e parasitárias,30
355650,Cap 02,II. Neoplasias (tumores),20
355650,Cap 03,III. Doenças do sangue e transtornos imunitários,12
355650,Cap 04,"IV. Doenças endócrinas, nutricionais e metabólicas",25
355650,Cap 05,V. Transtornos mentais e comportamentais,199
355650,Cap 06,VI. Doenças do sistema nervoso,10
355650,Cap 09,IX. Doenças do aparelho circulatório,95
355650,Cap 10,X. Doenças do aparelho respiratório,140
355650,Cap 11,XI. Doenças do aparelho digestivo,28
355650,Cap 12,XII. Doenças da pele e do tecido subcutâneo,12
355650,Cap 13,XIII. Doenças osteomusculares e do tecido conjuntivo,1
355650,Cap 14,XIV. Doenças do aparelho geniturinário,65
355650,Cap 18,XVIII. Sintomas e achados anormais não classificados,49
355650,Cap 19,XIX. Lesões e envenenamentos por causas externas,31
355670,Cap 01,I. Doenças infecciosas e parasitárias,204
355670,Cap 02,II. Neoplasias (tumores),146
355670,Cap 03,III. Doenças do sangue e transtornos imunitários,45
355670,Cap 04,"IV. Doenças endócrinas, nutricionais e metabólicas",50
355670,Cap 05,V. Transtornos mentais e comportamentais,56
355670,Cap 06,VI. Doenças do sistema nervoso,107
355670,Cap 07,VII. Doenças do olho e anexos,2
355670,Cap 08,VIII. Doenças do ouvido e da apófise mastóide,2
355670,Cap 09,IX. Doenças do aparelho circulatório,473
355670,Cap 10,X. Doenças do aparelho respiratório,422
355670,Cap 11,XI. Doenças do aparelho digestivo,767
355670,Cap 12,XII. Doenças da pele e do tecido subcutâneo,565
355670,Cap 13,XIII. Doenças osteomusculares e do tecido conjuntivo,191
355670,Cap 14,XIV. Doenças do aparelho geniturinário,757
355670,Cap 15,"XV. Gravidez, parto e puerpério",476
355670,Cap 16,XVI. Afecções originadas no período perinatal,54
355670,Cap 17,XVII. Malformações congênitas e anomalias cromossômicas,20
355670,Cap 18,XVIII. Sintomas e achados anormais não classificados,85
355670,Cap 19,XIX. Lesões e envenenamentos por causas externas,486
355670,Cap 21,XXI. Contatos com serviços de saúde,683
355680,Cap 01,I. Doenças infecciosas e parasitárias,34
355680,Cap 02,II. Neoplasias (tumores),10
355680,Cap 03,III. Doenças do sangue e transtornos imunitários,26
355680,Cap 04,"IV. Doenças endócrinas, nutricionais e metabólicas",12
355680,Cap 05,V. Transtornos mentais e comportamentais,6
355680,Cap 07,VII. Doenças do olho e anexos,4
355680,Cap 09,IX. Doenças do aparelho circulatório,16
355680,Cap 10,X. Doenças do aparelho respiratório,103
355680,Cap 11,XI. Doenças do aparelho digestivo,43
355680,Cap 12,XII. Doenças da pele e do tecido subcutâneo,19
355680,Cap 13,XIII. Doenças osteomusculares e do tecido conjuntivo,3
355680,Cap 14,XIV. Doenças do aparelho geniturinário,123
355680,Cap 15,"XV. Gravidez, parto e puerpério",1
355680,Cap 18,XVIII. Sintomas e achados anormais não classificados,7
355680,Cap 19,XIX. Lesões e envenenamentos por causas externas,11
355680,Cap 21,XXI. Contatos com serviços de saúde,4
355700,Cap 01,I. Doenças infecciosas e parasitárias,177
355700,Cap 02,II. Neoplasias (tumores),70
355700,Cap 03,III. Doenças do sangue e transtornos imunitários,45
355700,Cap 04,"IV. Doenças endócrinas, nutricionais e metabólicas",50
355700,Cap 05,V. Transtornos mentais e comportamentais,78
355700,Cap 06,VI. Doenças do sistema nervoso,17
355700,Cap 07,VII. Doenças do olho e anexos,193
355700,Cap 08,VIII. Doenças do ouvido e da apófise mastóide,4
355700,Cap 09,IX. Doenças do aparelho circulatório,369
355700,Cap 10,X. Doenças do aparelho respiratório,323
355700,Cap 11,XI. Doenças do aparelho digestivo,365
355700,Cap 12,XII. Doenças da pele e do tecido subcutâneo,59
355700,Cap 13,XIII. Doenças osteomusculares e do tecido conjuntivo,11
355700,Cap 14,XIV. Doenças do aparelho geniturinário,416
355700,Cap 15,"XV. Gravidez, parto e puerpério",1120
355700,Cap 16,XVI. Afecções originadas no período perinatal,104
355700,Cap 17,XVII. Malformações congênitas e anomalias cromossômicas,12
355700,Cap 18,XVIII. Sintomas e achados anormais não classificados,23
355700,Cap 19,XIX. Lesões e envenenamentos por causas externas,125
355700,Cap 21,XXI. Contatos com serviços de saúde,326
355710,Cap 01,I. Doenças infecciosas e parasitárias,245
355710,Cap 02,II. Neoplasias (tumores),59
355710,Cap 03,III. Doenças do sangue e transtornos imunitários,61
355710,Cap 04,"IV. Doenças endócrinas, nutricionais e metabólicas",209
355710,Cap 05,V. Transtornos mentais e comportamentais,78
355710,Cap 06,VI. Doenças do sistema nervoso,187
355710,Cap 07,VII. Doenças do olho e anexos,15
355710,Cap 08,VIII. Doenças do ouvido e da apófise mastóide,27
355710,Cap 09,IX. Doenças do aparelho circulatório,1655
355710,Cap 10,X. Doenças do aparelho respiratório,599
355710,Cap 11,XI. Doenças do aparelho digestivo,946
355710,Cap 12,XII. Doenças da pele e do tecido subcutâneo,71
355710,Cap 13,XIII. Doenças osteomusculares e do tecido conjuntivo,449
355710,Cap 14,XIV. Doenças do aparelho geniturinário,989
355710,Cap 15,"XV. Gravidez, parto e puerpério",1500
355710,Cap 16,XVI. Afecções originadas no período perinatal,293
355710,Cap 17,XVII. Malformações congênitas e anomalias cromossômicas,18
355710,Cap 18,XVIII. Sintomas e achados anormais não classificados,1832
355710,Cap 19,XIX. Lesões e envenenamentos por causas externas,2204
355710,Cap 21,XXI. Contatos com serviços de saúde,225
355720,Cap 01,I. Doenças infecciosas e parasitárias,112
355720,Cap 02,II. Neoplasias (tumores),15
355720,Cap 03,III. Doenças do sangue e transtornos imunitários,16
355720,Cap 04,"IV. Doenças endócrinas, nutricionais e metabólicas",116
355720,Cap 05,V. Transtornos mentais e comportamentais,75
355720,Cap 06,VI. Doenças do sistema nervoso,11
355720,Cap 08,VIII. Doenças do ouvido e da apófise mastóide,2
355720,Cap 09,IX. Doenças do aparelho circulatório,85
355720,Cap 10,X. Doenças do aparelho respiratório,206
355720,Cap 11,XI. Doenças do aparelho digestivo,264
355720,Cap 12,XII. Doenças da pele e do tecido subcutâneo,17
355720,Cap 13,XIII. Doenças osteomusculares e do tecido conjuntivo,11
355720,Cap 14,XIV. Doenças do aparelho geniturinário,195
355720,Cap 15,"XV. Gravidez, parto e puerpério",86
355720,Cap 16,XVI. Afecções originadas no período perinatal,10
355720,Cap 18,XVIII. Sintomas e achados anormais não classificados,2
355720,Cap 19,XIX. Lesões e envenenamentos por causas externas,11
355720,Cap 21,XXI. Contatos com serviços de saúde,1
