codigo,municipio,periodo,internacoes
350010,ADAMANTINA,2025/Jul,477.0
350010,ADAMANTINA,2025/Ago,441.0
350010,ADAMANTINA,2025/Set,470.0
350010,ADAMANTINA,2025/Out,485.0
350010,ADAMANTINA,2025/Nov,420.0
350010,ADAMANTINA,2025/Dez,425.0
350010,ADAMANTINA,2026/Jan,454.0
350010,ADAMANTINA,2026/Fev,417.0
350010,ADAMANTINA,2026/Mar,426.0
350010,ADAMANTINA,2026/Abr,435.0
350010,ADAMANTINA,2026/Mai,455.0
350010,ADAMANTINA,2026/Jun,455.0
350030,AGUAI,2025/Jul,36.0
350030,AGUAI,2025/Ago,39.0
350030,AGUAI,2025/Set,43.0
350030,AGUAI,2025/Out,25.0
350030,AGUAI,2025/Nov,25.0
350030,AGUAI,2025/Dez,38.0
350030,AGUAI,2026/Jan,29.0
350030,AGUAI,2026/Fev,37.0
350030,AGUAI,2026/Mar,35.0
350030,AGUAI,2026/Abr,37.0
350030,AGUAI,2026/Mai,32.0
350030,AGUAI,2026/Jun,33.0
350050,AGUAS DE LINDOIA,2025/Jul,113.0
350050,AGUAS DE LINDOIA,2025/Ago,102.0
350050,AGUAS DE LINDOIA,2025/Set,89.0
350050,AGUAS DE LINDOIA,2025/Out,107.0
350050,AGUAS DE LINDOIA,2025/Nov,101.0
350050,AGUAS DE LINDOIA,2025/Dez,111.0
350050,AGUAS DE LINDOIA,2026/Jan,106.0
350050,AGUAS DE LINDOIA,2026/Fev,114.0
350050,AGUAS DE LINDOIA,2026/Mar,96.0
350050,AGUAS DE LINDOIA,2026/Abr,113.0
350050,AGUAS DE LINDOIA,2026/Mai,100.0
350050,AGUAS DE LINDOIA,2026/Jun,98.0
350070,AGUDOS,2025/Jul,100.0
350070,AGUDOS,2025/Ago,101.0
350070,AGUDOS,2025/Set,107.0
350070,AGUDOS,2025/Out,101.0
350070,AGUDOS,2025/Nov,83.0
350070,AGUDOS,2025/Dez,73.0
350070,AGUDOS,2026/Jan,75.0
350070,AGUDOS,2026/Fev,92.0
350070,AGUDOS,2026/Mar,92.0
350070,AGUDOS,2026/Abr,78.0
350070,AGUDOS,2026/Mai,108.0
350070,AGUDOS,2026/Jun,96.0
350100,ALTINOPOLIS,2025/Jul,183.0
350100,ALTINOPOLIS,2025/Ago,152.0
350100,ALTINOPOLIS,2025/Set,166.0
350100,ALTINOPOLIS,2025/Out,195.0
350100,ALTINOPOLIS,2025/Nov,144.0
350100,ALTINOPOLIS,2025/Dez,141.0
350100,ALTINOPOLIS,2026/Jan,147.0
350100,ALTINOPOLIS,2026/Fev,157.0
350100,ALTINOPOLIS,2026/Mar,146.0
350100,ALTINOPOLIS,2026/Abr,154.0
350100,ALTINOPOLIS,2026/Mai,149.0
350100,ALTINOPOLIS,2026/Jun,147.0
350110,ALTO ALEGRE,2025/Jul,3.0
350110,ALTO ALEGRE,2025/Set,7.0
350110,ALTO ALEGRE,2025/Out,5.0
350110,ALTO ALEGRE,2025/Nov,1.0
350110,ALTO ALEGRE,2026/Jan,5.0
350110,ALTO ALEGRE,2026/Fev,2.0
350110,ALTO ALEGRE,2026/Mar,5.0
350110,ALTO ALEGRE,2026/Abr,6.0
350110,ALTO ALEGRE,2026/Mai,5.0
350110,ALTO ALEGRE,2026/Jun,6.0
350130,ALVARES MACHADO,2025/Jul,58.0
350130,ALVARES MACHADO,2025/Ago,79.0
350130,ALVARES MACHADO,2025/Set,62.0
350130,ALVARES MACHADO,2025/Out,62.0
350130,ALVARES MACHADO,2025/Nov,61.0
350130,ALVARES MACHADO,2025/Dez,69.0
350130,ALVARES MACHADO,2026/Jan,75.0
350130,ALVARES MACHADO,2026/Fev,61.0
350130,ALVARES MACHADO,2026/Mar,54.0
350130,ALVARES MACHADO,2026/Abr,50.0
350130,ALVARES MACHADO,2026/Mai,45.0
350130,ALVARES MACHADO,2026/Jun,56.0
350160,AMERICANA,2025/Jul,959.0
350160,AMERICANA,2025/Ago,923.0
350160,AMERICANA,2025/Set,831.0
350160,AMERICANA,2025/Out,801.0
350160,AMERICANA,2025/Nov,698.0
350160,AMERICANA,2025/Dez,644.0
350160,AMERICANA,2026/Jan,746.0
350160,AMERICANA,2026/Fev,624.0
350160,AMERICANA,2026/Mar,801.0
350160,AMERICANA,2026/Abr,725.0
350160,AMERICANA,2026/Mai,789.0
350160,AMERICANA,2026/Jun,834.0
350170,AMERICO BRASILIENSE,2025/Jul,583.0
350170,AMERICO BRASILIENSE,2025/Ago,511.0
350170,AMERICO BRASILIENSE,2025/Set,539.0
350170,AMERICO BRASILIENSE,2025/Out,679.0
350170,AMERICO BRASILIENSE,2025/Nov,596.0
350170,AMERICO BRASILIENSE,2025/Dez,366.0
350170,AMERICO BRASILIENSE,2026/Jan,570.0
350170,AMERICO BRASILIENSE,2026/Fev,504.0
350170,AMERICO BRASILIENSE,2026/Mar,579.0
350170,AMERICO BRASILIENSE,2026/Abr,653.0
350170,AMERICO BRASILIENSE,2026/Mai,585.0
350170,AMERICO BRASILIENSE,2026/Jun,585.0
350190,AMPARO,2025/Jul,418.0
350190,AMPARO,2025/Ago,416.0
350190,AMPARO,2025/Set,330.0
350190,AMPARO,2025/Out,414.0
350190,AMPARO,2025/Nov,386.0
350190,AMPARO,2025/Dez,370.0
350190,AMPARO,2026/Jan,412.0
350190,AMPARO,2026/Fev,392.0
350190,AMPARO,2026/Mar,370.0
350190,AMPARO,2026/Abr,380.0
350190,AMPARO,2026/Mai,364.0
350190,AMPARO,2026/Jun,351.0
350210,ANDRADINA,2025/Jul,330.0
350210,ANDRADINA,2025/Ago,314.0
350210,ANDRADINA,2025/Set,263.0
350210,ANDRADINA,2025/Out,251.0
350210,ANDRADINA,2025/Nov,278.0
350210,ANDRADINA,2025/Dez,274.0
350210,ANDRADINA,2026/Jan,290.0
350210,ANDRADINA,2026/Fev,255.0
350210,ANDRADINA,2026/Mar,282.0
350210,ANDRADINA,2026/Abr,249.0
350210,ANDRADINA,2026/Mai,282.0
350210,ANDRADINA,2026/Jun,284.0
350220,ANGATUBA,2025/Jul,153.0
350220,ANGATUBA,2025/Ago,163.0
350220,ANGATUBA,2025/Set,172.0
350220,ANGATUBA,2025/Out,137.0
350220,ANGATUBA,2025/Nov,134.0
350220,ANGATUBA,2025/Dez,99.0
350220,ANGATUBA,2026/Jan,165.0
350220,ANGATUBA,2026/Fev,167.0
350220,ANGATUBA,2026/Mar,124.0
350220,ANGATUBA,2026/Abr,151.0
350220,ANGATUBA,2026/Mai,170.0
350220,ANGATUBA,2026/Jun,167.0
350250,APARECIDA,2025/Jul,397.0
350250,APARECIDA,2025/Ago,379.0
350250,APARECIDA,2025/Set,407.0
350250,APARECIDA,2025/Out,436.0
350250,APARECIDA,2025/Nov,594.0
350250,APARECIDA,2025/Dez,517.0
350250,APARECIDA,2026/Jan,408.0
350250,APARECIDA,2026/Fev,366.0
350250,APARECIDA,2026/Mar,412.0
350250,APARECIDA,2026/Abr,439.0
350250,APARECIDA,2026/Mai,395.0
350250,APARECIDA,2026/Jun,395.0
350260,APARECIDA D'OESTE,2025/Jul,6.0
350260,APARECIDA D'OESTE,2025/Ago,8.0
350260,APARECIDA D'OESTE,2025/Set,6.0
350260,APARECIDA D'OESTE,2025/Out,3.0
350260,APARECIDA D'OESTE,2025/Nov,5.0
350260,APARECIDA D'OESTE,2025/Dez,9.0
350260,APARECIDA D'OESTE,2026/Jan,3.0
350260,APARECIDA D'OESTE,2026/Fev,17.0
350260,APARECIDA D'OESTE,2026/Mar,12.0
350260,APARECIDA D'OESTE,2026/Abr,12.0
350260,APARECIDA D'OESTE,2026/Mai,8.0
350270,APIAI,2025/Jul,298.0
350270,APIAI,2025/Ago,267.0
350270,APIAI,2025/Set,282.0
350270,APIAI,2025/Out,292.0
350270,APIAI,2025/Nov,299.0
350270,APIAI,2025/Dez,325.0
350270,APIAI,2026/Jan,279.0
350270,APIAI,2026/Fev,280.0
350270,APIAI,2026/Mar,352.0
350270,APIAI,2026/Abr,333.0
350270,APIAI,2026/Mai,381.0
350270,APIAI,2026/Jun,351.0
350280,ARACATUBA,2025/Jul,1176.0
350280,ARACATUBA,2025/Ago,1198.0
350280,ARACATUBA,2025/Set,1254.0
350280,ARACATUBA,2025/Out,1236.0
350280,ARACATUBA,2025/Nov,982.0
350280,ARACATUBA,2025/Dez,989.0
350280,ARACATUBA,2026/Jan,1302.0
350280,ARACATUBA,2026/Fev,1044.0
350280,ARACATUBA,2026/Mar,1216.0
350280,ARACATUBA,2026/Abr,1174.0
350280,ARACATUBA,2026/Mai,1203.0
350280,ARACATUBA,2026/Jun,1257.0
350310,ARANDU,2025/Jul,8.0
350310,ARANDU,2025/Ago,11.0
350310,ARANDU,2025/Set,12.0
350310,ARANDU,2025/Out,10.0
350310,ARANDU,2025/Nov,9.0
350310,ARANDU,2025/Dez,8.0
350310,ARANDU,2026/Jan,10.0
350310,ARANDU,2026/Fev,4.0
350310,ARANDU,2026/Mar,5.0
350310,ARANDU,2026/Abr,10.0
350310,ARANDU,2026/Mai,6.0
350320,ARARAQUARA,2025/Jul,1745.0
350320,ARARAQUARA,2025/Ago,1779.0
350320,ARARAQUARA,2025/Set,1890.0
350320,ARARAQUARA,2025/Out,1803.0
350320,ARARAQUARA,2025/Nov,1973.0
350320,ARARAQUARA,2025/Dez,1614.0
350320,ARARAQUARA,2026/Jan,1794.0
350320,ARARAQUARA,2026/Fev,1524.0
350320,ARARAQUARA,2026/Mar,1790.0
350320,ARARAQUARA,2026/Abr,1750.0
350320,ARARAQUARA,2026/Mai,1812.0
350320,ARARAQUARA,2026/Jun,1907.0
350330,ARARAS,2025/Jul,602.0
350330,ARARAS,2025/Ago,596.0
350330,ARARAS,2025/Set,607.0
350330,ARARAS,2025/Out,689.0
350330,ARARAS,2025/Nov,647.0
350330,ARARAS,2025/Dez,692.0
350330,ARARAS,2026/Jan,645.0
350330,ARARAS,2026/Fev,561.0
350330,ARARAS,2026/Mar,725.0
350330,ARARAS,2026/Abr,723.0
350330,ARARAS,2026/Mai,806.0
350330,ARARAS,2026/Jun,757.0
350340,AREALVA,2025/Jul,24.0
350340,AREALVA,2025/Ago,23.0
350340,AREALVA,2025/Set,26.0
350340,AREALVA,2025/Out,19.0
350340,AREALVA,2025/Nov,17.0
350340,AREALVA,2025/Dez,17.0
350340,AREALVA,2026/Jan,16.0
350340,AREALVA,2026/Fev,22.0
350340,AREALVA,2026/Mar,34.0
350340,AREALVA,2026/Abr,20.0
350340,AREALVA,2026/Mai,28.0
350340,AREALVA,2026/Jun,14.0
350400,ASSIS,2025/Jul,974.0
350400,ASSIS,2025/Ago,952.0
350400,ASSIS,2025/Set,830.0
350400,ASSIS,2025/Out,994.0
350400,ASSIS,2025/Nov,852.0
350400,ASSIS,2025/Dez,895.0
350400,ASSIS,2026/Jan,843.0
350400,ASSIS,2026/Fev,846.0
350400,ASSIS,2026/Mar,1032.0
350400,ASSIS,2026/Abr,900.0
350400,ASSIS,2026/Mai,940.0
350400,ASSIS,2026/Jun,961.0
350410,ATIBAIA,2025/Jul,415.0
350410,ATIBAIA,2025/Ago,405.0
350410,ATIBAIA,2025/Set,339.0
350410,ATIBAIA,2025/Out,336.0
350410,ATIBAIA,2025/Nov,379.0
350410,ATIBAIA,2025/Dez,360.0
350410,ATIBAIA,2026/Jan,348.0
350410,ATIBAIA,2026/Fev,348.0
350410,ATIBAIA,2026/Mar,366.0
350410,ATIBAIA,2026/Abr,349.0
350410,ATIBAIA,2026/Mai,385.0
350410,ATIBAIA,2026/Jun,357.0
350420,AURIFLAMA,2025/Jul,211.0
350420,AURIFLAMA,2025/Ago,209.0
350420,AURIFLAMA,2025/Set,183.0
350420,AURIFLAMA,2025/Out,211.0
350420,AURIFLAMA,2025/Nov,215.0
350420,AURIFLAMA,2025/Dez,278.0
350420,AURIFLAMA,2026/Jan,205.0
350420,AURIFLAMA,2026/Fev,215.0
350420,AURIFLAMA,2026/Mar,183.0
350420,AURIFLAMA,2026/Abr,262.0
350420,AURIFLAMA,2026/Mai,274.0
350420,AURIFLAMA,2026/Jun,246.0
350450,AVARE,2025/Jul,733.0
350450,AVARE,2025/Ago,695.0
350450,AVARE,2025/Set,648.0
350450,AVARE,2025/Out,579.0
350450,AVARE,2025/Nov,600.0
350450,AVARE,2025/Dez,582.0
350450,AVARE,2026/Jan,647.0
350450,AVARE,2026/Fev,607.0
350450,AVARE,2026/Mar,669.0
350450,AVARE,2026/Abr,669.0
350450,AVARE,2026/Mai,642.0
350450,AVARE,2026/Jun,692.0
350520,BARIRI,2025/Jul,189.0
350520,BARIRI,2025/Ago,202.0
350520,BARIRI,2025/Set,214.0
350520,BARIRI,2025/Out,213.0
350520,BARIRI,2025/Nov,153.0
350520,BARIRI,2025/Dez,173.0
350520,BARIRI,2026/Jan,178.0
350520,BARIRI,2026/Fev,146.0
350520,BARIRI,2026/Mar,170.0
350520,BARIRI,2026/Abr,144.0
350520,BARIRI,2026/Mai,170.0
350520,BARIRI,2026/Jun,145.0
350530,BARRA BONITA,2025/Jul,214.0
350530,BARRA BONITA,2025/Ago,205.0
350530,BARRA BONITA,2025/Set,183.0
350530,BARRA BONITA,2025/Out,184.0
350530,BARRA BONITA,2025/Nov,161.0
350530,BARRA BONITA,2025/Dez,163.0
350530,BARRA BONITA,2026/Jan,104.0
350530,BARRA BONITA,2026/Fev,99.0
350530,BARRA BONITA,2026/Mar,143.0
350530,BARRA BONITA,2026/Abr,137.0
350530,BARRA BONITA,2026/Mai,175.0
350530,BARRA BONITA,2026/Jun,168.0
350550,BARRETOS,2025/Jul,2604.0
350550,BARRETOS,2025/Ago,2892.0
350550,BARRETOS,2025/Set,2877.0
350550,BARRETOS,2025/Out,2633.0
350550,BARRETOS,2025/Nov,2930.0
350550,BARRETOS,2025/Dez,2687.0
350550,BARRETOS,2026/Jan,2746.0
350550,BARRETOS,2026/Fev,2411.0
350550,BARRETOS,2026/Mar,2600.0
350550,BARRETOS,2026/Abr,2830.0
350550,BARRETOS,2026/Mai,2824.0
350550,BARRETOS,2026/Jun,2724.0
350570,BARUERI,2025/Jul,3296.0
350570,BARUERI,2025/Ago,3452.0
350570,BARUERI,2025/Set,3429.0
350570,BARUERI,2025/Out,3659.0
350570,BARUERI,2025/Nov,3215.0
350570,BARUERI,2025/Dez,3008.0
350570,BARUERI,2026/Jan,2912.0
350570,BARUERI,2026/Fev,3216.0
350570,BARUERI,2026/Mar,3681.0
350570,BARUERI,2026/Abr,3613.0
350570,BARUERI,2026/Mai,3772.0
350570,BARUERI,2026/Jun,3844.0
350580,BASTOS,2025/Jul,122.0
350580,BASTOS,2025/Ago,96.0
350580,BASTOS,2025/Set,80.0
350580,BASTOS,2025/Out,83.0
350580,BASTOS,2025/Nov,91.0
350580,BASTOS,2025/Dez,98.0
350580,BASTOS,2026/Jan,95.0
350580,BASTOS,2026/Fev,59.0
350580,BASTOS,2026/Mar,102.0
350580,BASTOS,2026/Abr,99.0
350580,BASTOS,2026/Mai,125.0
350580,BASTOS,2026/Jun,98.0
350590,BATATAIS,2025/Jul,331.0
350590,BATATAIS,2025/Ago,363.0
350590,BATATAIS,2025/Set,308.0
350590,BATATAIS,2025/Out,310.0
350590,BATATAIS,2025/Nov,275.0
350590,BATATAIS,2025/Dez,301.0
350590,BATATAIS,2026/Jan,264.0
350590,BATATAIS,2026/Fev,287.0
350590,BATATAIS,2026/Mar,314.0
350590,BATATAIS,2026/Abr,296.0
350590,BATATAIS,2026/Mai,302.0
350590,BATATAIS,2026/Jun,317.0
350600,BAURU,2025/Jul,3439.0
350600,BAURU,2025/Ago,3547.0
350600,BAURU,2025/Set,3480.0
350600,BAURU,2025/Out,3807.0
350600,BAURU,2025/Nov,3637.0
350600,BAURU,2025/Dez,3731.0
350600,BAURU,2026/Jan,3589.0
350600,BAURU,2026/Fev,3468.0
350600,BAURU,2026/Mar,3972.0
350600,BAURU,2026/Abr,3893.0
350600,BAURU,2026/Mai,3889.0
350600,BAURU,2026/Jun,3872.0
350610,BEBEDOURO,2025/Jul,786.0
350610,BEBEDOURO,2025/Ago,767.0
350610,BEBEDOURO,2025/Set,720.0
350610,BEBEDOURO,2025/Out,786.0
350610,BEBEDOURO,2025/Nov,704.0
350610,BEBEDOURO,2025/Dez,638.0
350610,BEBEDOURO,2026/Jan,657.0
350610,BEBEDOURO,2026/Fev,618.0
350610,BEBEDOURO,2026/Mar,703.0
350610,BEBEDOURO,2026/Abr,720.0
350610,BEBEDOURO,2026/Mai,687.0
350610,BEBEDOURO,2026/Jun,661.0
350630,BERNARDINO DE CAMPOS,2025/Jul,62.0
350630,BERNARDINO DE CAMPOS,2025/Ago,78.0
350630,BERNARDINO DE CAMPOS,2025/Set,65.0
350630,BERNARDINO DE CAMPOS,2025/Out,72.0
350630,BERNARDINO DE CAMPOS,2025/Nov,59.0
350630,BERNARDINO DE CAMPOS,2025/Dez,59.0
350630,BERNARDINO DE CAMPOS,2026/Jan,41.0
350630,BERNARDINO DE CAMPOS,2026/Fev,61.0
350630,BERNARDINO DE CAMPOS,2026/Mar,69.0
350630,BERNARDINO DE CAMPOS,2026/Abr,66.0
350630,BERNARDINO DE CAMPOS,2026/Mai,53.0
350630,BERNARDINO DE CAMPOS,2026/Jun,67.0
350635,BERTIOGA,2025/Jul,284.0
350635,BERTIOGA,2025/Ago,269.0
350635,BERTIOGA,2025/Set,287.0
350635,BERTIOGA,2025/Out,316.0
350635,BERTIOGA,2025/Nov,300.0
350635,BERTIOGA,2025/Dez,250.0
350635,BERTIOGA,2026/Jan,313.0
350635,BERTIOGA,2026/Fev,339.0
350635,BERTIOGA,2026/Mar,375.0
350635,BERTIOGA,2026/Abr,377.0
350635,BERTIOGA,2026/Mai,350.0
350635,BERTIOGA,2026/Jun,311.0
350640,BILAC,2025/Jul,19.0
350640,BILAC,2025/Ago,22.0
350640,BILAC,2025/Set,22.0
350640,BILAC,2025/Out,23.0
350640,BILAC,2025/Nov,15.0
350640,BILAC,2025/Dez,17.0
350640,BILAC,2026/Jan,15.0
350640,BILAC,2026/Fev,19.0
350640,BILAC,2026/Mar,16.0
350640,BILAC,2026/Abr,19.0
350640,BILAC,2026/Mai,15.0
350640,BILAC,2026/Jun,16.0
350650,BIRIGUI,2025/Jul,417.0
350650,BIRIGUI,2025/Ago,417.0
350650,BIRIGUI,2025/Set,416.0
350650,BIRIGUI,2025/Out,416.0
350650,BIRIGUI,2025/Nov,416.0
350650,BIRIGUI,2025/Dez,417.0
350650,BIRIGUI,2026/Jan,339.0
350650,BIRIGUI,2026/Fev,388.0
350650,BIRIGUI,2026/Mar,405.0
350650,BIRIGUI,2026/Abr,422.0
350650,BIRIGUI,2026/Mai,421.0
350650,BIRIGUI,2026/Jun,426.0
350670,BOA ESPERANCA DO SUL,2025/Jul,12.0
350670,BOA ESPERANCA DO SUL,2025/Ago,11.0
350670,BOA ESPERANCA DO SUL,2025/Set,8.0
350670,BOA ESPERANCA DO SUL,2025/Out,8.0
350670,BOA ESPERANCA DO SUL,2025/Nov,17.0
350670,BOA ESPERANCA DO SUL,2025/Dez,16.0
350670,BOA ESPERANCA DO SUL,2026/Jan,9.0
350670,BOA ESPERANCA DO SUL,2026/Fev,7.0
350670,BOA ESPERANCA DO SUL,2026/Mar,13.0
350670,BOA ESPERANCA DO SUL,2026/Abr,6.0
350670,BOA ESPERANCA DO SUL,2026/Mai,9.0
350670,BOA ESPERANCA DO SUL,2026/Jun,16.0
350680,BOCAINA,2025/Jul,15.0
350680,BOCAINA,2025/Ago,12.0
350680,BOCAINA,2025/Set,15.0
350680,BOCAINA,2025/Out,16.0
350680,BOCAINA,2025/Nov,10.0
350680,BOCAINA,2025/Dez,7.0
350680,BOCAINA,2026/Jan,14.0
350680,BOCAINA,2026/Fev,12.0
350680,BOCAINA,2026/Mar,17.0
350680,BOCAINA,2026/Abr,14.0
350680,BOCAINA,2026/Mai,14.0
350680,BOCAINA,2026/Jun,12.0
350700,BOITUVA,2025/Jul,207.0
350700,BOITUVA,2025/Ago,202.0
350700,BOITUVA,2025/Set,191.0
350700,BOITUVA,2025/Out,193.0
350700,BOITUVA,2025/Nov,160.0
350700,BOITUVA,2025/Dez,152.0
350700,BOITUVA,2026/Jan,166.0
350700,BOITUVA,2026/Fev,158.0
350700,BOITUVA,2026/Mar,217.0
350700,BOITUVA,2026/Abr,179.0
350700,BOITUVA,2026/Mai,223.0
350700,BOITUVA,2026/Jun,197.0
350710,BOM JESUS DOS PERDOES,2025/Jul,21.0
350710,BOM JESUS DOS PERDOES,2025/Ago,24.0
350710,BOM JESUS DOS PERDOES,2025/Set,13.0
350710,BOM JESUS DOS PERDOES,2025/Out,14.0
350710,BOM JESUS DOS PERDOES,2025/Nov,16.0
350710,BOM JESUS DOS PERDOES,2025/Dez,18.0
350710,BOM JESUS DOS PERDOES,2026/Jan,22.0
350710,BOM JESUS DOS PERDOES,2026/Fev,10.0
350710,BOM JESUS DOS PERDOES,2026/Mar,20.0
350710,BOM JESUS DOS PERDOES,2026/Abr,19.0
350710,BOM JESUS DOS PERDOES,2026/Mai,19.0
350740,BORBOREMA,2025/Jul,64.0
350740,BORBOREMA,2025/Ago,76.0
350740,BORBOREMA,2025/Set,75.0
350740,BORBOREMA,2025/Out,66.0
350740,BORBOREMA,2025/Nov,83.0
350740,BORBOREMA,2025/Dez,90.0
350740,BORBOREMA,2026/Jan,66.0
350740,BORBOREMA,2026/Fev,69.0
350740,BORBOREMA,2026/Mar,65.0
350740,BORBOREMA,2026/Abr,59.0
350740,BORBOREMA,2026/Mai,71.0
350740,BORBOREMA,2026/Jun,76.0
350750,BOTUCATU,2025/Jul,2518.0
350750,BOTUCATU,2025/Ago,2641.0
350750,BOTUCATU,2025/Set,2532.0
350750,BOTUCATU,2025/Out,2651.0
350750,BOTUCATU,2025/Nov,2629.0
350750,BOTUCATU,2025/Dez,2437.0
350750,BOTUCATU,2026/Jan,2508.0
350750,BOTUCATU,2026/Fev,2530.0
350750,BOTUCATU,2026/Mar,2735.0
350750,BOTUCATU,2026/Abr,2456.0
350750,BOTUCATU,2026/Mai,2520.0
350750,BOTUCATU,2026/Jun,2500.0
350760,BRAGANCA PAULISTA,2025/Jul,1656.0
350760,BRAGANCA PAULISTA,2025/Ago,1576.0
350760,BRAGANCA PAULISTA,2025/Set,1635.0
350760,BRAGANCA PAULISTA,2025/Out,1522.0
350760,BRAGANCA PAULISTA,2025/Nov,1449.0
350760,BRAGANCA PAULISTA,2025/Dez,1310.0
350760,BRAGANCA PAULISTA,2026/Jan,1548.0
350760,BRAGANCA PAULISTA,2026/Fev,1576.0
350760,BRAGANCA PAULISTA,2026/Mar,1675.0
350760,BRAGANCA PAULISTA,2026/Abr,1623.0
350760,BRAGANCA PAULISTA,2026/Mai,1546.0
350760,BRAGANCA PAULISTA,2026/Jun,1531.0
350790,BROTAS,2025/Jul,71.0
350790,BROTAS,2025/Ago,64.0
350790,BROTAS,2025/Set,56.0
350790,BROTAS,2025/Out,49.0
350790,BROTAS,2025/Nov,43.0
350790,BROTAS,2025/Dez,52.0
350790,BROTAS,2026/Jan,58.0
350790,BROTAS,2026/Fev,49.0
350790,BROTAS,2026/Mar,69.0
350790,BROTAS,2026/Abr,69.0
350790,BROTAS,2026/Mai,66.0
350790,BROTAS,2026/Jun,55.0
350810,BURITAMA,2025/Jul,115.0
350810,BURITAMA,2025/Ago,134.0
350810,BURITAMA,2025/Set,119.0
350810,BURITAMA,2025/Out,152.0
350810,BURITAMA,2025/Nov,109.0
350810,BURITAMA,2025/Dez,120.0
350810,BURITAMA,2026/Jan,91.0
350810,BURITAMA,2026/Fev,91.0
350810,BURITAMA,2026/Mar,138.0
350810,BURITAMA,2026/Abr,133.0
350810,BURITAMA,2026/Mai,160.0
350810,BURITAMA,2026/Jun,138.0
350840,CABREUVA,2025/Jul,64.0
350840,CABREUVA,2025/Ago,29.0
350840,CABREUVA,2025/Set,30.0
350840,CABREUVA,2025/Nov,94.0
350840,CABREUVA,2025/Dez,233.0
350840,CABREUVA,2026/Jan,78.0
350840,CABREUVA,2026/Fev,75.0
350840,CABREUVA,2026/Mar,87.0
350840,CABREUVA,2026/Abr,73.0
350840,CABREUVA,2026/Mai,79.0
350840,CABREUVA,2026/Jun,77.0
350850,CACAPAVA,2025/Jul,305.0
350850,CACAPAVA,2025/Ago,549.0
350850,CACAPAVA,2025/Set,386.0
350850,CACAPAVA,2025/Out,300.0
350850,CACAPAVA,2025/Nov,325.0
350850,CACAPAVA,2025/Dez,266.0
350850,CACAPAVA,2026/Jan,300.0
350850,CACAPAVA,2026/Fev,436.0
350850,CACAPAVA,2026/Mar,91.0
350850,CACAPAVA,2026/Abr,275.0
350850,CACAPAVA,2026/Mai,323.0
350850,CACAPAVA,2026/Jun,445.0
350870,CACONDE,2025/Jul,186.0
350870,CACONDE,2025/Ago,177.0
350870,CACONDE,2025/Set,188.0
350870,CACONDE,2025/Out,165.0
350870,CACONDE,2025/Nov,173.0
350870,CACONDE,2025/Dez,124.0
350870,CACONDE,2026/Jan,71.0
350870,CACONDE,2026/Fev,153.0
350870,CACONDE,2026/Mar,166.0
350870,CACONDE,2026/Abr,176.0
350870,CACONDE,2026/Mai,168.0
350870,CACONDE,2026/Jun,183.0
350880,CAFELANDIA,2025/Jul,95.0
350880,CAFELANDIA,2025/Ago,88.0
350880,CAFELANDIA,2025/Set,71.0
350880,CAFELANDIA,2025/Out,60.0
350880,CAFELANDIA,2025/Nov,78.0
350880,CAFELANDIA,2025/Dez,65.0
350880,CAFELANDIA,2026/Jan,67.0
350880,CAFELANDIA,2026/Fev,59.0
350880,CAFELANDIA,2026/Mar,60.0
350880,CAFELANDIA,2026/Abr,56.0
350880,CAFELANDIA,2026/Mai,71.0
350880,CAFELANDIA,2026/Jun,74.0
350900,CAIEIRAS,2025/Jul,426.0
350900,CAIEIRAS,2025/Ago,438.0
350900,CAIEIRAS,2025/Set,389.0
350900,CAIEIRAS,2025/Out,402.0
350900,CAIEIRAS,2025/Nov,361.0
350900,CAIEIRAS,2025/Dez,419.0
350900,CAIEIRAS,2026/Jan,320.0
350900,CAIEIRAS,2026/Fev,362.0
350900,CAIEIRAS,2026/Mar,464.0
350900,CAIEIRAS,2026/Abr,452.0
350900,CAIEIRAS,2026/Mai,540.0
350900,CAIEIRAS,2026/Jun,579.0
350920,CAJAMAR,2025/Jul,233.0
350920,CAJAMAR,2025/Ago,256.0
350920,CAJAMAR,2025/Set,304.0
350920,CAJAMAR,2025/Out,250.0
350920,CAJAMAR,2025/Nov,300.0
350920,CAJAMAR,2025/Dez,306.0
350920,CAJAMAR,2026/Jan,305.0
350920,CAJAMAR,2026/Fev,309.0
350920,CAJAMAR,2026/Mar,318.0
350920,CAJAMAR,2026/Abr,327.0
350920,CAJAMAR,2026/Mai,302.0
350920,CAJAMAR,2026/Jun,285.0
350930,CAJOBI,2025/Jul,49.0
350930,CAJOBI,2025/Ago,50.0
350930,CAJOBI,2025/Set,47.0
350930,CAJOBI,2025/Out,42.0
350930,CAJOBI,2025/Nov,31.0
350930,CAJOBI,2025/Dez,28.0
350930,CAJOBI,2026/Jan,48.0
350930,CAJOBI,2026/Mar,71.0
350930,CAJOBI,2026/Abr,71.0
350930,CAJOBI,2026/Mai,34.0
350930,CAJOBI,2026/Jun,26.0
350940,CAJURU,2025/Jul,290.0
350940,CAJURU,2025/Ago,300.0
350940,CAJURU,2025/Set,274.0
350940,CAJURU,2025/Out,278.0
350940,CAJURU,2025/Nov,250.0
350940,CAJURU,2025/Dez,249.0
350940,CAJURU,2026/Jan,251.0
350940,CAJURU,2026/Fev,273.0
350940,CAJURU,2026/Mar,235.0
350940,CAJURU,2026/Abr,253.0
350940,CAJURU,2026/Mai,257.0
350940,CAJURU,2026/Jun,361.0
350950,CAMPINAS,2025/Jul,7881.0
350950,CAMPINAS,2025/Ago,7375.0
350950,CAMPINAS,2025/Set,7786.0
350950,CAMPINAS,2025/Out,7808.0
350950,CAMPINAS,2025/Nov,7442.0
350950,CAMPINAS,2025/Dez,6507.0
350950,CAMPINAS,2026/Jan,6143.0
350950,CAMPINAS,2026/Fev,7121.0
350950,CAMPINAS,2026/Mar,7514.0
350950,CAMPINAS,2026/Abr,7712.0
350950,CAMPINAS,2026/Mai,7106.0
350950,CAMPINAS,2026/Jun,7089.0
350960,CAMPO LIMPO PAULISTA,2025/Jul,362.0
350960,CAMPO LIMPO PAULISTA,2025/Ago,307.0
350960,CAMPO LIMPO PAULISTA,2025/Set,317.0
350960,CAMPO LIMPO PAULISTA,2025/Out,344.0
350960,CAMPO LIMPO PAULISTA,2025/Nov,300.0
350960,CAMPO LIMPO PAULISTA,2025/Dez,353.0
350960,CAMPO LIMPO PAULISTA,2026/Jan,346.0
350960,CAMPO LIMPO PAULISTA,2026/Fev,294.0
350960,CAMPO LIMPO PAULISTA,2026/Mar,361.0
350960,CAMPO LIMPO PAULISTA,2026/Abr,338.0
350960,CAMPO LIMPO PAULISTA,2026/Mai,379.0
350960,CAMPO LIMPO PAULISTA,2026/Jun,307.0
350970,CAMPOS DO JORDAO,2025/Jul,240.0
350970,CAMPOS DO JORDAO,2025/Ago,252.0
350970,CAMPOS DO JORDAO,2025/Set,212.0
350970,CAMPOS DO JORDAO,2025/Out,236.0
350970,CAMPOS DO JORDAO,2025/Nov,235.0
350970,CAMPOS DO JORDAO,2025/Dez,214.0
350970,CAMPOS DO JORDAO,2026/Jan,215.0
350970,CAMPOS DO JORDAO,2026/Fev,219.0
350970,CAMPOS DO JORDAO,2026/Mar,242.0
350970,CAMPOS DO JORDAO,2026/Abr,235.0
350970,CAMPOS DO JORDAO,2026/Mai,281.0
350970,CAMPOS DO JORDAO,2026/Jun,220.0
351000,CANDIDO MOTA,2025/Jul,232.0
351000,CANDIDO MOTA,2025/Ago,167.0
351000,CANDIDO MOTA,2025/Set,259.0
351000,CANDIDO MOTA,2025/Out,201.0
351000,CANDIDO MOTA,2025/Nov,172.0
351000,CANDIDO MOTA,2025/Dez,173.0
351000,CANDIDO MOTA,2026/Jan,223.0
351000,CANDIDO MOTA,2026/Fev,148.0
351000,CANDIDO MOTA,2026/Mar,204.0
351000,CANDIDO MOTA,2026/Abr,247.0
351000,CANDIDO MOTA,2026/Mai,231.0
351000,CANDIDO MOTA,2026/Jun,227.0
351020,CAPAO BONITO,2025/Jul,260.0
351020,CAPAO BONITO,2025/Ago,234.0
351020,CAPAO BONITO,2025/Set,249.0
351020,CAPAO BONITO,2025/Out,258.0
351020,CAPAO BONITO,2025/Nov,229.0
351020,CAPAO BONITO,2025/Dez,267.0
351020,CAPAO BONITO,2026/Jan,207.0
351020,CAPAO BONITO,2026/Fev,228.0
351020,CAPAO BONITO,2026/Mar,250.0
351020,CAPAO BONITO,2026/Abr,227.0
351020,CAPAO BONITO,2026/Mai,258.0
351020,CAPAO BONITO,2026/Jun,255.0
351040,CAPIVARI,2025/Jul,234.0
351040,CAPIVARI,2025/Ago,264.0
351040,CAPIVARI,2025/Set,223.0
351040,CAPIVARI,2025/Out,316.0
351040,CAPIVARI,2025/Nov,186.0
351040,CAPIVARI,2025/Dez,206.0
351040,CAPIVARI,2026/Jan,201.0
351040,CAPIVARI,2026/Fev,203.0
351040,CAPIVARI,2026/Mar,291.0
351040,CAPIVARI,2026/Abr,195.0
351040,CAPIVARI,2026/Mai,223.0
351040,CAPIVARI,2026/Jun,181.0
351050,CARAGUATATUBA,2025/Jul,1879.0
351050,CARAGUATATUBA,2025/Ago,2106.0
351050,CARAGUATATUBA,2025/Set,1874.0
351050,CARAGUATATUBA,2025/Out,2170.0
351050,CARAGUATATUBA,2025/Nov,1973.0
351050,CARAGUATATUBA,2025/Dez,1788.0
351050,CARAGUATATUBA,2026/Jan,1937.0
351050,CARAGUATATUBA,2026/Fev,1673.0
351050,CARAGUATATUBA,2026/Mar,2140.0
351050,CARAGUATATUBA,2026/Abr,2121.0
351050,CARAGUATATUBA,2026/Mai,2095.0
351050,CARAGUATATUBA,2026/Jun,1893.0
351060,CARAPICUIBA,2025/Jul,1486.0
351060,CARAPICUIBA,2025/Ago,1382.0
351060,CARAPICUIBA,2025/Set,791.0
351060,CARAPICUIBA,2025/Out,1667.0
351060,CARAPICUIBA,2025/Nov,1325.0
351060,CARAPICUIBA,2025/Dez,1456.0
351060,CARAPICUIBA,2026/Jan,1297.0
351060,CARAPICUIBA,2026/Fev,1282.0
351060,CARAPICUIBA,2026/Mar,1663.0
351060,CARAPICUIBA,2026/Abr,1533.0
351060,CARAPICUIBA,2026/Mai,1587.0
351060,CARAPICUIBA,2026/Jun,1574.0
351070,CARDOSO,2025/Jul,37.0
351070,CARDOSO,2025/Ago,30.0
351070,CARDOSO,2025/Set,46.0
351070,CARDOSO,2025/Out,35.0
351070,CARDOSO,2025/Nov,39.0
351070,CARDOSO,2025/Dez,32.0
351070,CARDOSO,2026/Jan,25.0
351070,CARDOSO,2026/Fev,22.0
351070,CARDOSO,2026/Mar,46.0
351070,CARDOSO,2026/Abr,42.0
351070,CARDOSO,2026/Mai,33.0
351070,CARDOSO,2026/Jun,30.0
351080,CASA BRANCA,2025/Jul,230.0
351080,CASA BRANCA,2025/Ago,197.0
351080,CASA BRANCA,2025/Set,189.0
351080,CASA BRANCA,2025/Out,226.0
351080,CASA BRANCA,2025/Nov,190.0
351080,CASA BRANCA,2025/Dez,211.0
351080,CASA BRANCA,2026/Jan,142.0
351080,CASA BRANCA,2026/Fev,169.0
351080,CASA BRANCA,2026/Mar,162.0
351080,CASA BRANCA,2026/Abr,135.0
351080,CASA BRANCA,2026/Mai,224.0
351080,CASA BRANCA,2026/Jun,187.0
351100,CASTILHO,2025/Jul,78.0
351100,CASTILHO,2025/Ago,122.0
351100,CASTILHO,2025/Set,92.0
351100,CASTILHO,2025/Out,121.0
351100,CASTILHO,2025/Nov,84.0
351100,CASTILHO,2025/Dez,75.0
351100,CASTILHO,2026/Jan,73.0
351100,CASTILHO,2026/Fev,72.0
351100,CASTILHO,2026/Mar,86.0
351100,CASTILHO,2026/Abr,62.0
351100,CASTILHO,2026/Mai,48.0
351100,CASTILHO,2026/Jun,33.0
351110,CATANDUVA,2025/Jul,1576.0
351110,CATANDUVA,2025/Ago,1514.0
351110,CATANDUVA,2025/Set,1635.0
351110,CATANDUVA,2025/Out,1579.0
351110,CATANDUVA,2025/Nov,1259.0
351110,CATANDUVA,2025/Dez,1647.0
351110,CATANDUVA,2026/Jan,1754.0
351110,CATANDUVA,2026/Fev,1658.0
351110,CATANDUVA,2026/Mar,1656.0
351110,CATANDUVA,2026/Abr,1569.0
351110,CATANDUVA,2026/Mai,1596.0
351110,CATANDUVA,2026/Jun,1555.0
351140,CERQUEIRA CESAR,2025/Jul,149.0
351140,CERQUEIRA CESAR,2025/Ago,132.0
351140,CERQUEIRA CESAR,2025/Set,127.0
351140,CERQUEIRA CESAR,2025/Out,147.0
351140,CERQUEIRA CESAR,2025/Nov,106.0
351140,CERQUEIRA CESAR,2025/Dez,126.0
351140,CERQUEIRA CESAR,2026/Jan,132.0
351140,CERQUEIRA CESAR,2026/Fev,140.0
351140,CERQUEIRA CESAR,2026/Mar,167.0
351140,CERQUEIRA CESAR,2026/Abr,124.0
351140,CERQUEIRA CESAR,2026/Mai,121.0
351140,CERQUEIRA CESAR,2026/Jun,123.0
351150,CERQUILHO,2025/Jul,28.0
351150,CERQUILHO,2025/Ago,69.0
351150,CERQUILHO,2025/Set,90.0
351150,CERQUILHO,2025/Out,51.0
351150,CERQUILHO,2025/Nov,151.0
351150,CERQUILHO,2025/Dez,99.0
351150,CERQUILHO,2026/Jan,61.0
351150,CERQUILHO,2026/Fev,100.0
351150,CERQUILHO,2026/Mar,71.0
351150,CERQUILHO,2026/Abr,76.0
351150,CERQUILHO,2026/Mai,111.0
351150,CERQUILHO,2026/Jun,97.0
351160,CESARIO LANGE,2025/Jul,45.0
351160,CESARIO LANGE,2025/Ago,42.0
351160,CESARIO LANGE,2025/Set,46.0
351160,CESARIO LANGE,2025/Out,50.0
351160,CESARIO LANGE,2025/Nov,55.0
351160,CESARIO LANGE,2025/Dez,44.0
351160,CESARIO LANGE,2026/Jan,41.0
351160,CESARIO LANGE,2026/Fev,39.0
351160,CESARIO LANGE,2026/Mar,49.0
351160,CESARIO LANGE,2026/Abr,47.0
351160,CESARIO LANGE,2026/Mai,46.0
351160,CESARIO LANGE,2026/Jun,47.0
351170,CHARQUEADA,2025/Jul,36.0
351170,CHARQUEADA,2025/Ago,27.0
351170,CHARQUEADA,2025/Set,26.0
351170,CHARQUEADA,2025/Out,18.0
351170,CHARQUEADA,2025/Nov,27.0
351170,CHARQUEADA,2025/Dez,23.0
351170,CHARQUEADA,2026/Jan,30.0
351170,CHARQUEADA,2026/Fev,30.0
351170,CHARQUEADA,2026/Mar,18.0
351170,CHARQUEADA,2026/Abr,26.0
351170,CHARQUEADA,2026/Mai,27.0
351170,CHARQUEADA,2026/Jun,24.0
351190,CLEMENTINA,2025/Jul,25.0
351190,CLEMENTINA,2025/Ago,14.0
351190,CLEMENTINA,2025/Set,24.0
351190,CLEMENTINA,2025/Out,27.0
351190,CLEMENTINA,2025/Nov,16.0
351190,CLEMENTINA,2025/Dez,14.0
351190,CLEMENTINA,2026/Jan,16.0
351190,CLEMENTINA,2026/Fev,9.0
351190,CLEMENTINA,2026/Mar,21.0
351190,CLEMENTINA,2026/Abr,19.0
351190,CLEMENTINA,2026/Mai,31.0
351190,CLEMENTINA,2026/Jun,21.0
351200,COLINA,2025/Jul,97.0
351200,COLINA,2025/Ago,84.0
351200,COLINA,2025/Set,88.0
351200,COLINA,2025/Out,114.0
351200,COLINA,2025/Nov,72.0
351200,COLINA,2025/Dez,81.0
351200,COLINA,2026/Jan,82.0
351200,COLINA,2026/Fev,68.0
351200,COLINA,2026/Mar,103.0
351200,COLINA,2026/Abr,80.0
351200,COLINA,2026/Mai,93.0
351200,COLINA,2026/Jun,123.0
351210,COLOMBIA,2025/Jul,6.0
351210,COLOMBIA,2025/Ago,3.0
351210,COLOMBIA,2025/Set,3.0
351210,COLOMBIA,2025/Out,1.0
351210,COLOMBIA,2025/Nov,6.0
351210,COLOMBIA,2025/Dez,3.0
351220,CONCHAL,2025/Jul,192.0
351220,CONCHAL,2025/Ago,218.0
351220,CONCHAL,2025/Set,185.0
351220,CONCHAL,2025/Out,318.0
351220,CONCHAL,2025/Nov,333.0
351220,CONCHAL,2025/Dez,233.0
351220,CONCHAL,2026/Jan,216.0
351220,CONCHAL,2026/Fev,121.0
351220,CONCHAL,2026/Mar,195.0
351220,CONCHAL,2026/Abr,182.0
351220,CONCHAL,2026/Mai,213.0
351220,CONCHAL,2026/Jun,222.0
351230,CONCHAS,2025/Jul,36.0
351230,CONCHAS,2025/Ago,24.0
351230,CONCHAS,2025/Set,24.0
351230,CONCHAS,2025/Out,21.0
351230,CONCHAS,2025/Nov,20.0
351230,CONCHAS,2025/Dez,16.0
351230,CONCHAS,2026/Jan,16.0
351230,CONCHAS,2026/Fev,29.0
351230,CONCHAS,2026/Mar,32.0
351230,CONCHAS,2026/Abr,20.0
351230,CONCHAS,2026/Mai,26.0
351230,CONCHAS,2026/Jun,35.0
351280,COSMOPOLIS,2025/Jul,138.0
351280,COSMOPOLIS,2025/Ago,179.0
351280,COSMOPOLIS,2025/Set,152.0
351280,COSMOPOLIS,2025/Out,140.0
351280,COSMOPOLIS,2025/Nov,160.0
351280,COSMOPOLIS,2025/Dez,154.0
351280,COSMOPOLIS,2026/Jan,152.0
351280,COSMOPOLIS,2026/Fev,122.0
351280,COSMOPOLIS,2026/Mar,135.0
351280,COSMOPOLIS,2026/Abr,154.0
351280,COSMOPOLIS,2026/Mai,142.0
351280,COSMOPOLIS,2026/Jun,136.0
351300,COTIA,2025/Jul,1104.0
351300,COTIA,2025/Ago,1187.0
351300,COTIA,2025/Set,768.0
351300,COTIA,2025/Out,1413.0
351300,COTIA,2025/Nov,1025.0
351300,COTIA,2025/Dez,1195.0
351300,COTIA,2026/Jan,1057.0
351300,COTIA,2026/Fev,1110.0
351300,COTIA,2026/Mar,1112.0
351300,COTIA,2026/Abr,1259.0
351300,COTIA,2026/Mai,1114.0
351300,COTIA,2026/Jun,1148.0
351310,CRAVINHOS,2025/Jul,33.0
351310,CRAVINHOS,2025/Ago,30.0
351310,CRAVINHOS,2025/Set,36.0
351310,CRAVINHOS,2025/Out,32.0
351310,CRAVINHOS,2025/Nov,19.0
351310,CRAVINHOS,2025/Dez,15.0
351310,CRAVINHOS,2026/Jan,17.0
351310,CRAVINHOS,2026/Fev,22.0
351340,CRUZEIRO,2025/Jul,454.0
351340,CRUZEIRO,2025/Ago,485.0
351340,CRUZEIRO,2025/Set,443.0
351340,CRUZEIRO,2025/Out,482.0
351340,CRUZEIRO,2025/Nov,457.0
351340,CRUZEIRO,2025/Dez,499.0
351340,CRUZEIRO,2026/Jan,509.0
351340,CRUZEIRO,2026/Fev,475.0
351340,CRUZEIRO,2026/Mar,575.0
351340,CRUZEIRO,2026/Abr,579.0
351340,CRUZEIRO,2026/Mai,643.0
351340,CRUZEIRO,2026/Jun,728.0
351350,CUBATAO,2025/Jul,558.0
351350,CUBATAO,2025/Ago,539.0
351350,CUBATAO,2025/Set,565.0
351350,CUBATAO,2025/Out,575.0
351350,CUBATAO,2025/Nov,547.0
351350,CUBATAO,2025/Dez,583.0
351350,CUBATAO,2026/Jan,508.0
351350,CUBATAO,2026/Fev,493.0
351350,CUBATAO,2026/Mar,527.0
351350,CUBATAO,2026/Abr,535.0
351350,CUBATAO,2026/Mai,572.0
351350,CUBATAO,2026/Jun,514.0
351360,CUNHA,2025/Jul,122.0
351360,CUNHA,2025/Ago,116.0
351360,CUNHA,2025/Set,110.0
351360,CUNHA,2025/Out,129.0
351360,CUNHA,2025/Nov,105.0
351360,CUNHA,2025/Dez,119.0
351360,CUNHA,2026/Jan,108.0
351360,CUNHA,2026/Fev,106.0
351360,CUNHA,2026/Mar,107.0
351360,CUNHA,2026/Abr,101.0
351360,CUNHA,2026/Mai,130.0
351360,CUNHA,2026/Jun,106.0
351370,DESCALVADO,2025/Jul,154.0
351370,DESCALVADO,2025/Ago,122.0
351370,DESCALVADO,2025/Set,183.0
351370,DESCALVADO,2025/Out,145.0
351370,DESCALVADO,2025/Nov,150.0
351370,DESCALVADO,2025/Dez,147.0
351370,DESCALVADO,2026/Jan,116.0
351370,DESCALVADO,2026/Fev,147.0
351370,DESCALVADO,2026/Mar,113.0
351370,DESCALVADO,2026/Abr,148.0
351370,DESCALVADO,2026/Mai,138.0
351370,DESCALVADO,2026/Jun,169.0
351380,DIADEMA,2025/Jul,2029.0
351380,DIADEMA,2025/Ago,2189.0
351380,DIADEMA,2025/Set,1891.0
351380,DIADEMA,2025/Out,1870.0
351380,DIADEMA,2025/Nov,1790.0
351380,DIADEMA,2025/Dez,1863.0
351380,DIADEMA,2026/Jan,1923.0
351380,DIADEMA,2026/Fev,1928.0
351380,DIADEMA,2026/Mar,2430.0
351380,DIADEMA,2026/Abr,2068.0
351380,DIADEMA,2026/Mai,2047.0
351380,DIADEMA,2026/Jun,1975.0
351390,DIVINOLANDIA,2025/Jul,466.0
351390,DIVINOLANDIA,2025/Ago,422.0
351390,DIVINOLANDIA,2025/Set,379.0
351390,DIVINOLANDIA,2025/Out,429.0
351390,DIVINOLANDIA,2025/Nov,370.0
351390,DIVINOLANDIA,2025/Dez,264.0
351390,DIVINOLANDIA,2026/Jan,364.0
351390,DIVINOLANDIA,2026/Fev,350.0
351390,DIVINOLANDIA,2026/Mar,404.0
351390,DIVINOLANDIA,2026/Abr,452.0
351390,DIVINOLANDIA,2026/Mai,426.0
351390,DIVINOLANDIA,2026/Jun,368.0
351410,DOIS CORREGOS,2025/Jul,130.0
351410,DOIS CORREGOS,2025/Ago,125.0
351410,DOIS CORREGOS,2025/Set,108.0
351410,DOIS CORREGOS,2025/Out,79.0
351410,DOIS CORREGOS,2025/Nov,105.0
351410,DOIS CORREGOS,2025/Dez,119.0
351410,DOIS CORREGOS,2026/Jan,100.0
351410,DOIS CORREGOS,2026/Fev,95.0
351410,DOIS CORREGOS,2026/Mar,102.0
351410,DOIS CORREGOS,2026/Abr,99.0
351410,DOIS CORREGOS,2026/Mai,110.0
351410,DOIS CORREGOS,2026/Jun,112.0
351440,DRACENA,2025/Jul,290.0
351440,DRACENA,2025/Ago,252.0
351440,DRACENA,2025/Set,277.0
351440,DRACENA,2025/Out,250.0
351440,DRACENA,2025/Nov,264.0
351440,DRACENA,2025/Dez,281.0
351440,DRACENA,2026/Jan,291.0
351440,DRACENA,2026/Fev,248.0
351440,DRACENA,2026/Mar,280.0
351440,DRACENA,2026/Abr,296.0
351440,DRACENA,2026/Mai,320.0
351440,DRACENA,2026/Jun,317.0
351450,DUARTINA,2025/Jul,142.0
351450,DUARTINA,2025/Ago,152.0
351450,DUARTINA,2025/Set,121.0
351450,DUARTINA,2025/Out,136.0
351450,DUARTINA,2025/Nov,106.0
351450,DUARTINA,2025/Dez,133.0
351450,DUARTINA,2026/Jan,105.0
351450,DUARTINA,2026/Fev,75.0
351450,DUARTINA,2026/Mar,94.0
351450,DUARTINA,2026/Abr,108.0
351450,DUARTINA,2026/Mai,104.0
351450,DUARTINA,2026/Jun,99.0
351500,EMBU DAS ARTES,2025/Jul,318.0
351500,EMBU DAS ARTES,2025/Ago,431.0
351500,EMBU DAS ARTES,2025/Set,311.0
351500,EMBU DAS ARTES,2025/Out,275.0
351500,EMBU DAS ARTES,2025/Nov,321.0
351500,EMBU DAS ARTES,2025/Dez,216.0
351500,EMBU DAS ARTES,2026/Jan,168.0
351500,EMBU DAS ARTES,2026/Fev,315.0
351500,EMBU DAS ARTES,2026/Mar,182.0
351500,EMBU DAS ARTES,2026/Abr,293.0
351500,EMBU DAS ARTES,2026/Mai,285.0
351500,EMBU DAS ARTES,2026/Jun,345.0
351510,EMBU-GUACU,2025/Jul,100.0
351510,EMBU-GUACU,2025/Ago,104.0
351510,EMBU-GUACU,2025/Set,107.0
351510,EMBU-GUACU,2025/Out,100.0
351510,EMBU-GUACU,2025/Nov,109.0
351510,EMBU-GUACU,2025/Dez,107.0
351510,EMBU-GUACU,2026/Jan,93.0
351510,EMBU-GUACU,2026/Fev,77.0
351510,EMBU-GUACU,2026/Mar,100.0
351510,EMBU-GUACU,2026/Abr,86.0
351510,EMBU-GUACU,2026/Mai,85.0
351510,EMBU-GUACU,2026/Jun,89.0
351518,ESPIRITO SANTO DO PINHAL,2025/Jul,353.0
351518,ESPIRITO SANTO DO PINHAL,2025/Ago,396.0
351518,ESPIRITO SANTO DO PINHAL,2025/Set,349.0
351518,ESPIRITO SANTO DO PINHAL,2025/Out,394.0
351518,ESPIRITO SANTO DO PINHAL,2025/Nov,391.0
351518,ESPIRITO SANTO DO PINHAL,2025/Dez,389.0
351518,ESPIRITO SANTO DO PINHAL,2026/Jan,411.0
351518,ESPIRITO SANTO DO PINHAL,2026/Fev,376.0
351518,ESPIRITO SANTO DO PINHAL,2026/Mar,407.0
351518,ESPIRITO SANTO DO PINHAL,2026/Abr,414.0
351518,ESPIRITO SANTO DO PINHAL,2026/Mai,393.0
351518,ESPIRITO SANTO DO PINHAL,2026/Jun,349.0
351520,ESTRELA D'OESTE,2025/Jul,75.0
351520,ESTRELA D'OESTE,2025/Ago,57.0
351520,ESTRELA D'OESTE,2025/Set,69.0
351520,ESTRELA D'OESTE,2025/Out,68.0
351520,ESTRELA D'OESTE,2025/Nov,57.0
351520,ESTRELA D'OESTE,2025/Dez,43.0
351520,ESTRELA D'OESTE,2026/Jan,45.0
351520,ESTRELA D'OESTE,2026/Fev,45.0
351520,ESTRELA D'OESTE,2026/Mar,42.0
351520,ESTRELA D'OESTE,2026/Abr,45.0
351520,ESTRELA D'OESTE,2026/Mai,43.0
351520,ESTRELA D'OESTE,2026/Jun,35.0
351540,FARTURA,2025/Jul,75.0
351540,FARTURA,2025/Ago,81.0
351540,FARTURA,2025/Set,75.0
351540,FARTURA,2025/Out,110.0
351540,FARTURA,2025/Nov,109.0
351540,FARTURA,2025/Dez,107.0
351540,FARTURA,2026/Jan,73.0
351540,FARTURA,2026/Fev,52.0
351540,FARTURA,2026/Mar,57.0
351540,FARTURA,2026/Abr,64.0
351540,FARTURA,2026/Mai,67.0
351540,FARTURA,2026/Jun,60.0
351550,FERNANDOPOLIS,2025/Jul,601.0
351550,FERNANDOPOLIS,2025/Ago,575.0
351550,FERNANDOPOLIS,2025/Set,610.0
351550,FERNANDOPOLIS,2025/Out,540.0
351550,FERNANDOPOLIS,2025/Nov,755.0
351550,FERNANDOPOLIS,2025/Dez,538.0
351550,FERNANDOPOLIS,2026/Jan,683.0
351550,FERNANDOPOLIS,2026/Fev,603.0
351550,FERNANDOPOLIS,2026/Mar,578.0
351550,FERNANDOPOLIS,2026/Abr,623.0
351550,FERNANDOPOLIS,2026/Mai,678.0
351550,FERNANDOPOLIS,2026/Jun,618.0
351570,FERRAZ DE VASCONCELOS,2025/Jul,782.0
351570,FERRAZ DE VASCONCELOS,2025/Ago,662.0
351570,FERRAZ DE VASCONCELOS,2025/Set,674.0
351570,FERRAZ DE VASCONCELOS,2025/Out,938.0
351570,FERRAZ DE VASCONCELOS,2025/Nov,807.0
351570,FERRAZ DE VASCONCELOS,2025/Dez,452.0
351570,FERRAZ DE VASCONCELOS,2026/Jan,377.0
351570,FERRAZ DE VASCONCELOS,2026/Fev,680.0
351570,FERRAZ DE VASCONCELOS,2026/Mar,535.0
351570,FERRAZ DE VASCONCELOS,2026/Abr,983.0
351570,FERRAZ DE VASCONCELOS,2026/Mai,1048.0
351570,FERRAZ DE VASCONCELOS,2026/Jun,959.0
351600,FLORIDA PAULISTA,2025/Jul,76.0
351600,FLORIDA PAULISTA,2025/Ago,82.0
351600,FLORIDA PAULISTA,2025/Set,76.0
351600,FLORIDA PAULISTA,2025/Out,82.0
351600,FLORIDA PAULISTA,2025/Nov,89.0
351600,FLORIDA PAULISTA,2025/Dez,89.0
351600,FLORIDA PAULISTA,2026/Jan,95.0
351600,FLORIDA PAULISTA,2026/Fev,87.0
351600,FLORIDA PAULISTA,2026/Mar,99.0
351600,FLORIDA PAULISTA,2026/Abr,85.0
351600,FLORIDA PAULISTA,2026/Mai,95.0
351600,FLORIDA PAULISTA,2026/Jun,87.0
351620,FRANCA,2025/Jul,2053.0
351620,FRANCA,2025/Ago,2134.0
351620,FRANCA,2025/Set,2167.0
351620,FRANCA,2025/Out,2223.0
351620,FRANCA,2025/Nov,1998.0
351620,FRANCA,2025/Dez,2044.0
351620,FRANCA,2026/Jan,2016.0
351620,FRANCA,2026/Fev,1938.0
351620,FRANCA,2026/Mar,2057.0
351620,FRANCA,2026/Abr,2126.0
351620,FRANCA,2026/Mai,2257.0
351620,FRANCA,2026/Jun,2112.0
351630,FRANCISCO MORATO,2025/Jul,1009.0
351630,FRANCISCO MORATO,2025/Ago,1296.0
351630,FRANCISCO MORATO,2025/Set,914.0
351630,FRANCISCO MORATO,2025/Out,1358.0
351630,FRANCISCO MORATO,2025/Nov,1138.0
351630,FRANCISCO MORATO,2025/Dez,1246.0
351630,FRANCISCO MORATO,2026/Jan,1092.0
351630,FRANCISCO MORATO,2026/Fev,1025.0
351630,FRANCISCO MORATO,2026/Mar,1095.0
351630,FRANCISCO MORATO,2026/Abr,1217.0
351630,FRANCISCO MORATO,2026/Mai,1266.0
351630,FRANCISCO MORATO,2026/Jun,1233.0
351640,FRANCO DA ROCHA,2025/Jul,747.0
351640,FRANCO DA ROCHA,2025/Ago,745.0
351640,FRANCO DA ROCHA,2025/Set,649.0
351640,FRANCO DA ROCHA,2025/Out,712.0
351640,FRANCO DA ROCHA,2025/Nov,746.0
351640,FRANCO DA ROCHA,2025/Dez,701.0
351640,FRANCO DA ROCHA,2026/Jan,690.0
351640,FRANCO DA ROCHA,2026/Fev,729.0
351640,FRANCO DA ROCHA,2026/Mar,833.0
351640,FRANCO DA ROCHA,2026/Abr,686.0
351640,FRANCO DA ROCHA,2026/Mai,706.0
351640,FRANCO DA ROCHA,2026/Jun,840.0
351660,GALIA,2025/Jul,19.0
351660,GALIA,2025/Ago,10.0
351660,GALIA,2025/Set,13.0
351660,GALIA,2025/Out,12.0
351660,GALIA,2025/Nov,15.0
351660,GALIA,2025/Dez,17.0
351660,GALIA,2026/Jan,16.0
351660,GALIA,2026/Fev,11.0
351660,GALIA,2026/Mar,10.0
351660,GALIA,2026/Abr,12.0
351660,GALIA,2026/Mai,9.0
351660,GALIA,2026/Jun,5.0
351670,GARCA,2025/Jul,265.0
351670,GARCA,2025/Ago,276.0
351670,GARCA,2025/Set,223.0
351670,GARCA,2025/Out,233.0
351670,GARCA,2025/Nov,211.0
351670,GARCA,2025/Dez,207.0
351670,GARCA,2026/Jan,244.0
351670,GARCA,2026/Fev,199.0
351670,GARCA,2026/Mar,239.0
351670,GARCA,2026/Abr,209.0
351670,GARCA,2026/Mai,165.0
351670,GARCA,2026/Jun,213.0
351690,GENERAL SALGADO,2025/Jul,44.0
351690,GENERAL SALGADO,2025/Ago,49.0
351690,GENERAL SALGADO,2025/Set,32.0
351690,GENERAL SALGADO,2025/Out,31.0
351690,GENERAL SALGADO,2025/Nov,27.0
351690,GENERAL SALGADO,2025/Dez,31.0
351690,GENERAL SALGADO,2026/Jan,42.0
351690,GENERAL SALGADO,2026/Fev,45.0
351690,GENERAL SALGADO,2026/Mar,34.0
351690,GENERAL SALGADO,2026/Abr,32.0
351690,GENERAL SALGADO,2026/Mai,45.0
351690,GENERAL SALGADO,2026/Jun,39.0
351700,GETULINA,2025/Jul,39.0
351700,GETULINA,2025/Ago,38.0
351700,GETULINA,2025/Set,39.0
351700,GETULINA,2025/Out,32.0
351700,GETULINA,2025/Nov,25.0
351700,GETULINA,2025/Dez,23.0
351700,GETULINA,2026/Jan,30.0
351700,GETULINA,2026/Fev,32.0
351700,GETULINA,2026/Mar,32.0
351700,GETULINA,2026/Abr,28.0
351700,GETULINA,2026/Mai,18.0
351700,GETULINA,2026/Jun,26.0
351740,GUAIRA,2025/Jul,308.0
351740,GUAIRA,2025/Ago,301.0
351740,GUAIRA,2025/Set,306.0
351740,GUAIRA,2025/Out,274.0
351740,GUAIRA,2025/Nov,285.0
351740,GUAIRA,2025/Dez,321.0
351740,GUAIRA,2026/Jan,215.0
351740,GUAIRA,2026/Fev,241.0
351740,GUAIRA,2026/Mar,311.0
351740,GUAIRA,2026/Abr,271.0
351740,GUAIRA,2026/Mai,273.0
351740,GUAIRA,2026/Jun,303.0
351760,GUAPIARA,2025/Jul,19.0
351760,GUAPIARA,2025/Ago,25.0
351760,GUAPIARA,2025/Set,25.0
351760,GUAPIARA,2025/Out,32.0
351760,GUAPIARA,2025/Nov,29.0
351760,GUAPIARA,2025/Dez,16.0
351760,GUAPIARA,2026/Jan,27.0
351760,GUAPIARA,2026/Fev,33.0
351760,GUAPIARA,2026/Mar,23.0
351760,GUAPIARA,2026/Abr,14.0
351760,GUAPIARA,2026/Mai,22.0
351760,GUAPIARA,2026/Jun,26.0
351770,GUARA,2025/Jul,79.0
351770,GUARA,2025/Ago,66.0
351770,GUARA,2025/Set,74.0
351770,GUARA,2025/Out,77.0
351770,GUARA,2025/Nov,62.0
351770,GUARA,2025/Dez,97.0
351770,GUARA,2026/Jan,51.0
351770,GUARA,2026/Fev,52.0
351770,GUARA,2026/Mar,52.0
351770,GUARA,2026/Abr,61.0
351770,GUARA,2026/Mai,59.0
351770,GUARA,2026/Jun,71.0
351780,GUARACAI,2025/Jul,49.0
351780,GUARACAI,2025/Ago,40.0
351780,GUARACAI,2025/Set,53.0
351780,GUARACAI,2025/Out,42.0
351780,GUARACAI,2025/Nov,41.0
351780,GUARACAI,2025/Dez,43.0
351780,GUARACAI,2026/Jan,27.0
351780,GUARACAI,2026/Fev,42.0
351780,GUARACAI,2026/Mar,51.0
351780,GUARACAI,2026/Abr,60.0
351780,GUARACAI,2026/Mai,44.0
351780,GUARACAI,2026/Jun,48.0
351820,GUARARAPES,2025/Jul,141.0
351820,GUARARAPES,2025/Ago,145.0
351820,GUARARAPES,2025/Set,129.0
351820,GUARARAPES,2025/Out,155.0
351820,GUARARAPES,2025/Nov,121.0
351820,GUARARAPES,2025/Dez,123.0
351820,GUARARAPES,2026/Jan,135.0
351820,GUARARAPES,2026/Fev,109.0
351820,GUARARAPES,2026/Mar,113.0
351820,GUARARAPES,2026/Abr,116.0
351820,GUARARAPES,2026/Mai,130.0
351820,GUARARAPES,2026/Jun,152.0
351830,GUARAREMA,2025/Jul,116.0
351830,GUARAREMA,2025/Ago,128.0
351830,GUARAREMA,2025/Set,134.0
351830,GUARAREMA,2025/Out,124.0
351830,GUARAREMA,2025/Nov,104.0
351830,GUARAREMA,2025/Dez,138.0
351830,GUARAREMA,2026/Jan,123.0
351830,GUARAREMA,2026/Fev,117.0
351830,GUARAREMA,2026/Mar,130.0
351830,GUARAREMA,2026/Abr,158.0
351830,GUARAREMA,2026/Mai,151.0
351830,GUARAREMA,2026/Jun,133.0
351840,GUARATINGUETA,2025/Jul,631.0
351840,GUARATINGUETA,2025/Ago,575.0
351840,GUARATINGUETA,2025/Set,530.0
351840,GUARATINGUETA,2025/Out,532.0
351840,GUARATINGUETA,2025/Nov,526.0
351840,GUARATINGUETA,2025/Dez,441.0
351840,GUARATINGUETA,2026/Jan,713.0
351840,GUARATINGUETA,2026/Fev,1248.0
351840,GUARATINGUETA,2026/Mar,1100.0
351840,GUARATINGUETA,2026/Abr,1301.0
351840,GUARATINGUETA,2026/Mai,1116.0
351840,GUARATINGUETA,2026/Jun,1398.0
351860,GUARIBA,2025/Jul,116.0
351860,GUARIBA,2025/Ago,105.0
351860,GUARIBA,2025/Set,115.0
351860,GUARIBA,2025/Out,121.0
351860,GUARIBA,2025/Nov,107.0
351860,GUARIBA,2025/Dez,113.0
351860,GUARIBA,2026/Jan,124.0
351860,GUARIBA,2026/Fev,98.0
351860,GUARIBA,2026/Mar,145.0
351860,GUARIBA,2026/Abr,118.0
351860,GUARIBA,2026/Mai,140.0
351860,GUARIBA,2026/Jun,121.0
351870,GUARUJA,2025/Jul,1161.0
351870,GUARUJA,2025/Ago,1120.0
351870,GUARUJA,2025/Set,1088.0
351870,GUARUJA,2025/Out,1147.0
351870,GUARUJA,2025/Nov,1037.0
351870,GUARUJA,2025/Dez,1106.0
351870,GUARUJA,2026/Jan,1114.0
351870,GUARUJA,2026/Fev,1009.0
351870,GUARUJA,2026/Mar,1133.0
351870,GUARUJA,2026/Abr,1174.0
351870,GUARUJA,2026/Mai,905.0
351870,GUARUJA,2026/Jun,1063.0
351880,GUARULHOS,2025/Jul,5118.0
351880,GUARULHOS,2025/Ago,4697.0
351880,GUARULHOS,2025/Set,5011.0
351880,GUARULHOS,2025/Out,5297.0
351880,GUARULHOS,2025/Nov,4353.0
351880,GUARULHOS,2025/Dez,4370.0
351880,GUARULHOS,2026/Jan,4852.0
351880,GUARULHOS,2026/Fev,4304.0
351880,GUARULHOS,2026/Mar,5163.0
351880,GUARULHOS,2026/Abr,4637.0
351880,GUARULHOS,2026/Mai,4927.0
351880,GUARULHOS,2026/Jun,4259.0
351900,HERCULANDIA,2025/Jul,68.0
351900,HERCULANDIA,2025/Ago,80.0
351900,HERCULANDIA,2025/Set,34.0
351900,HERCULANDIA,2025/Out,62.0
351900,HERCULANDIA,2025/Nov,39.0
351900,HERCULANDIA,2025/Dez,61.0
351900,HERCULANDIA,2026/Jan,75.0
351900,HERCULANDIA,2026/Fev,71.0
351900,HERCULANDIA,2026/Mar,65.0
351900,HERCULANDIA,2026/Abr,67.0
351900,HERCULANDIA,2026/Mai,86.0
351900,HERCULANDIA,2026/Jun,57.0
351907,HORTOLANDIA,2025/Jul,468.0
351907,HORTOLANDIA,2025/Ago,610.0
351907,HORTOLANDIA,2025/Set,474.0
351907,HORTOLANDIA,2025/Out,460.0
351907,HORTOLANDIA,2025/Nov,443.0
351907,HORTOLANDIA,2025/Dez,485.0
351907,HORTOLANDIA,2026/Jan,528.0
351907,HORTOLANDIA,2026/Fev,435.0
351907,HORTOLANDIA,2026/Mar,514.0
351907,HORTOLANDIA,2026/Abr,432.0
351907,HORTOLANDIA,2026/Mai,468.0
351907,HORTOLANDIA,2026/Jun,422.0
351910,IACANGA,2025/Jul,77.0
351910,IACANGA,2025/Ago,73.0
351910,IACANGA,2025/Set,80.0
351910,IACANGA,2025/Out,47.0
351910,IACANGA,2025/Nov,62.0
351910,IACANGA,2025/Dez,38.0
351910,IACANGA,2026/Jan,55.0
351910,IACANGA,2026/Fev,67.0
351910,IACANGA,2026/Mar,79.0
351910,IACANGA,2026/Abr,88.0
351910,IACANGA,2026/Mai,76.0
351910,IACANGA,2026/Jun,46.0
351930,IBATE,2025/Jul,86.0
351930,IBATE,2025/Ago,81.0
351930,IBATE,2025/Set,83.0
351930,IBATE,2025/Out,74.0
351930,IBATE,2025/Nov,78.0
351930,IBATE,2025/Dez,78.0
351930,IBATE,2026/Jan,70.0
351930,IBATE,2026/Fev,69.0
351930,IBATE,2026/Mar,66.0
351930,IBATE,2026/Abr,87.0
351930,IBATE,2026/Mai,94.0
351930,IBATE,2026/Jun,92.0
351940,IBIRA,2025/Jul,34.0
351940,IBIRA,2025/Ago,39.0
351940,IBIRA,2025/Set,33.0
351940,IBIRA,2025/Out,30.0
351940,IBIRA,2025/Nov,34.0
351940,IBIRA,2025/Dez,33.0
351940,IBIRA,2026/Jan,36.0
351940,IBIRA,2026/Fev,31.0
351940,IBIRA,2026/Mar,36.0
351940,IBIRA,2026/Abr,29.0
351940,IBIRA,2026/Mai,44.0
351940,IBIRA,2026/Jun,36.0
351960,IBITINGA,2025/Jul,478.0
351960,IBITINGA,2025/Ago,498.0
351960,IBITINGA,2025/Set,377.0
351960,IBITINGA,2025/Out,389.0
351960,IBITINGA,2025/Nov,358.0
351960,IBITINGA,2025/Dez,392.0
351960,IBITINGA,2026/Jan,414.0
351960,IBITINGA,2026/Fev,441.0
351960,IBITINGA,2026/Mar,451.0
351960,IBITINGA,2026/Abr,408.0
351960,IBITINGA,2026/Mai,417.0
351960,IBITINGA,2026/Jun,427.0
351970,IBIUNA,2025/Jul,349.0
351970,IBIUNA,2025/Ago,385.0
351970,IBIUNA,2025/Set,404.0
351970,IBIUNA,2025/Out,401.0
351970,IBIUNA,2025/Nov,334.0
351970,IBIUNA,2025/Dez,285.0
351970,IBIUNA,2026/Jan,350.0
351970,IBIUNA,2026/Fev,330.0
351970,IBIUNA,2026/Mar,407.0
351970,IBIUNA,2026/Abr,369.0
351970,IBIUNA,2026/Mai,330.0
351970,IBIUNA,2026/Jun,357.0
351990,IEPE,2025/Jul,76.0
351990,IEPE,2025/Ago,67.0
351990,IEPE,2025/Set,62.0
351990,IEPE,2025/Out,63.0
351990,IEPE,2025/Nov,46.0
351990,IEPE,2025/Dez,55.0
351990,IEPE,2026/Jan,53.0
351990,IEPE,2026/Fev,48.0
351990,IEPE,2026/Mar,50.0
351990,IEPE,2026/Abr,80.0
351990,IEPE,2026/Mai,53.0
351990,IEPE,2026/Jun,63.0
352010,IGARAPAVA,2025/Jul,129.0
352010,IGARAPAVA,2025/Ago,133.0
352010,IGARAPAVA,2025/Set,132.0
352010,IGARAPAVA,2025/Out,138.0
352010,IGARAPAVA,2025/Nov,111.0
352010,IGARAPAVA,2025/Dez,107.0
352010,IGARAPAVA,2026/Jan,85.0
352010,IGARAPAVA,2026/Fev,98.0
352010,IGARAPAVA,2026/Mar,102.0
352010,IGARAPAVA,2026/Abr,115.0
352010,IGARAPAVA,2026/Mai,122.0
352010,IGARAPAVA,2026/Jun,107.0
352040,ILHABELA,2025/Jul,296.0
352040,ILHABELA,2025/Ago,265.0
352040,ILHABELA,2025/Set,279.0
352040,ILHABELA,2025/Out,259.0
352040,ILHABELA,2025/Nov,222.0
352040,ILHABELA,2025/Dez,219.0
352040,ILHABELA,2026/Jan,327.0
352040,ILHABELA,2026/Fev,199.0
352040,ILHABELA,2026/Mar,209.0
352040,ILHABELA,2026/Abr,177.0
352040,ILHABELA,2026/Mai,160.0
352040,ILHABELA,2026/Jun,210.0
352044,ILHA SOLTEIRA,2025/Jul,264.0
352044,ILHA SOLTEIRA,2025/Ago,250.0
352044,ILHA SOLTEIRA,2025/Set,262.0
352044,ILHA SOLTEIRA,2025/Out,281.0
352044,ILHA SOLTEIRA,2025/Nov,203.0
352044,ILHA SOLTEIRA,2025/Dez,218.0
352044,ILHA SOLTEIRA,2026/Jan,197.0
352044,ILHA SOLTEIRA,2026/Fev,196.0
352044,ILHA SOLTEIRA,2026/Mar,191.0
352044,ILHA SOLTEIRA,2026/Abr,259.0
352044,ILHA SOLTEIRA,2026/Mai,209.0
352044,ILHA SOLTEIRA,2026/Jun,225.0
352050,INDAIATUBA,2025/Jul,1950.0
352050,INDAIATUBA,2025/Ago,1962.0
352050,INDAIATUBA,2025/Set,1914.0
352050,INDAIATUBA,2025/Out,1990.0
352050,INDAIATUBA,2025/Nov,1872.0
352050,INDAIATUBA,2025/Dez,1753.0
352050,INDAIATUBA,2026/Jan,1866.0
352050,INDAIATUBA,2026/Fev,1696.0
352050,INDAIATUBA,2026/Mar,2030.0
352050,INDAIATUBA,2026/Abr,1910.0
352050,INDAIATUBA,2026/Mai,1973.0
352050,INDAIATUBA,2026/Jun,1829.0
352070,INDIAPORA,2025/Jul,33.0
352070,INDIAPORA,2025/Ago,29.0
352070,INDIAPORA,2025/Set,24.0
352070,INDIAPORA,2025/Out,42.0
352070,INDIAPORA,2025/Nov,28.0
352070,INDIAPORA,2025/Dez,27.0
352070,INDIAPORA,2026/Jan,27.0
352070,INDIAPORA,2026/Fev,28.0
352070,INDIAPORA,2026/Mar,44.0
352070,INDIAPORA,2026/Abr,29.0
352070,INDIAPORA,2026/Mai,42.0
352070,INDIAPORA,2026/Jun,31.0
352090,IPAUSSU,2025/Jul,62.0
352090,IPAUSSU,2025/Ago,83.0
352090,IPAUSSU,2025/Set,96.0
352090,IPAUSSU,2025/Out,61.0
352090,IPAUSSU,2025/Nov,44.0
352090,IPAUSSU,2025/Dez,59.0
352090,IPAUSSU,2026/Jan,56.0
352090,IPAUSSU,2026/Fev,71.0
352090,IPAUSSU,2026/Mar,82.0
352090,IPAUSSU,2026/Abr,72.0
352090,IPAUSSU,2026/Mai,68.0
352090,IPAUSSU,2026/Jun,88.0
352130,IPUA,2025/Jul,104.0
352130,IPUA,2025/Ago,91.0
352130,IPUA,2025/Set,107.0
352130,IPUA,2025/Out,89.0
352130,IPUA,2025/Nov,89.0
352130,IPUA,2025/Dez,85.0
352130,IPUA,2026/Jan,87.0
352130,IPUA,2026/Fev,87.0
352130,IPUA,2026/Mar,98.0
352130,IPUA,2026/Abr,93.0
352130,IPUA,2026/Mai,80.0
352130,IPUA,2026/Jun,79.0
352170,ITABERA,2025/Jul,102.0
352170,ITABERA,2025/Ago,73.0
352170,ITABERA,2025/Set,103.0
352170,ITABERA,2025/Out,118.0
352170,ITABERA,2025/Nov,105.0
352170,ITABERA,2025/Dez,89.0
352170,ITABERA,2026/Jan,98.0
352170,ITABERA,2026/Fev,88.0
352170,ITABERA,2026/Mar,97.0
352170,ITABERA,2026/Abr,74.0
352170,ITABERA,2026/Mai,102.0
352180,ITAI,2025/Jul,84.0
352180,ITAI,2025/Ago,75.0
352180,ITAI,2025/Set,103.0
352180,ITAI,2025/Out,89.0
352180,ITAI,2025/Nov,69.0
352180,ITAI,2025/Dez,100.0
352180,ITAI,2026/Jan,73.0
352180,ITAI,2026/Fev,59.0
352180,ITAI,2026/Mar,96.0
352180,ITAI,2026/Abr,94.0
352180,ITAI,2026/Mai,104.0
352180,ITAI,2026/Jun,78.0
352190,ITAJOBI,2025/Jul,73.0
352190,ITAJOBI,2025/Ago,82.0
352190,ITAJOBI,2025/Set,64.0
352190,ITAJOBI,2025/Out,48.0
352190,ITAJOBI,2025/Nov,48.0
352190,ITAJOBI,2025/Dez,47.0
352190,ITAJOBI,2026/Jan,44.0
352190,ITAJOBI,2026/Fev,52.0
352190,ITAJOBI,2026/Mar,70.0
352190,ITAJOBI,2026/Abr,71.0
352190,ITAJOBI,2026/Mai,77.0
352190,ITAJOBI,2026/Jun,75.0
352210,ITANHAEM,2025/Jul,877.0
352210,ITANHAEM,2025/Ago,1116.0
352210,ITANHAEM,2025/Set,1008.0
352210,ITANHAEM,2025/Out,1019.0
352210,ITANHAEM,2025/Nov,956.0
352210,ITANHAEM,2025/Dez,1008.0
352210,ITANHAEM,2026/Jan,983.0
352210,ITANHAEM,2026/Fev,957.0
352210,ITANHAEM,2026/Mar,962.0
352210,ITANHAEM,2026/Abr,1098.0
352210,ITANHAEM,2026/Mai,1026.0
352210,ITANHAEM,2026/Jun,1001.0
352220,ITAPECERICA DA SERRA,2025/Jul,1516.0
352220,ITAPECERICA DA SERRA,2025/Ago,848.0
352220,ITAPECERICA DA SERRA,2025/Set,1466.0
352220,ITAPECERICA DA SERRA,2025/Out,2175.0
352220,ITAPECERICA DA SERRA,2025/Nov,1356.0
352220,ITAPECERICA DA SERRA,2025/Dez,1412.0
352220,ITAPECERICA DA SERRA,2026/Jan,1307.0
352220,ITAPECERICA DA SERRA,2026/Fev,1271.0
352220,ITAPECERICA DA SERRA,2026/Mar,1649.0
352220,ITAPECERICA DA SERRA,2026/Abr,1391.0
352220,ITAPECERICA DA SERRA,2026/Mai,1353.0
352220,ITAPECERICA DA SERRA,2026/Jun,1417.0
352230,ITAPETININGA,2025/Jul,945.0
352230,ITAPETININGA,2025/Ago,885.0
352230,ITAPETININGA,2025/Set,857.0
352230,ITAPETININGA,2025/Out,859.0
352230,ITAPETININGA,2025/Nov,830.0
352230,ITAPETININGA,2025/Dez,819.0
352230,ITAPETININGA,2026/Jan,855.0
352230,ITAPETININGA,2026/Fev,808.0
352230,ITAPETININGA,2026/Mar,899.0
352230,ITAPETININGA,2026/Abr,918.0
352230,ITAPETININGA,2026/Mai,896.0
352230,ITAPETININGA,2026/Jun,890.0
352240,ITAPEVA,2025/Jul,874.0
352240,ITAPEVA,2025/Ago,789.0
352240,ITAPEVA,2025/Set,728.0
352240,ITAPEVA,2025/Out,907.0
352240,ITAPEVA,2025/Nov,919.0
352240,ITAPEVA,2025/Dez,788.0
352240,ITAPEVA,2026/Jan,607.0
352240,ITAPEVA,2026/Fev,767.0
352240,ITAPEVA,2026/Mar,644.0
352240,ITAPEVA,2026/Abr,812.0
352240,ITAPEVA,2026/Mai,823.0
352240,ITAPEVA,2026/Jun,849.0
352250,ITAPEVI,2025/Jul,1463.0
352250,ITAPEVI,2025/Ago,1393.0
352250,ITAPEVI,2025/Set,1360.0
352250,ITAPEVI,2025/Out,1337.0
352250,ITAPEVI,2025/Nov,1236.0
352250,ITAPEVI,2025/Dez,1245.0
352250,ITAPEVI,2026/Jan,1254.0
352250,ITAPEVI,2026/Fev,1210.0
352250,ITAPEVI,2026/Mar,1402.0
352250,ITAPEVI,2026/Abr,1335.0
352250,ITAPEVI,2026/Mai,1293.0
352250,ITAPEVI,2026/Jun,1290.0
352260,ITAPIRA,2025/Jul,553.0
352260,ITAPIRA,2025/Ago,569.0
352260,ITAPIRA,2025/Set,493.0
352260,ITAPIRA,2025/Out,517.0
352260,ITAPIRA,2025/Nov,472.0
352260,ITAPIRA,2025/Dez,523.0
352260,ITAPIRA,2026/Jan,573.0
352260,ITAPIRA,2026/Fev,472.0
352260,ITAPIRA,2026/Mar,421.0
352260,ITAPIRA,2026/Abr,409.0
352260,ITAPIRA,2026/Mai,413.0
352260,ITAPIRA,2026/Jun,447.0
352270,ITAPOLIS,2025/Jul,288.0
352270,ITAPOLIS,2025/Ago,293.0
352270,ITAPOLIS,2025/Set,297.0
352270,ITAPOLIS,2025/Out,284.0
352270,ITAPOLIS,2025/Nov,296.0
352270,ITAPOLIS,2025/Dez,246.0
352270,ITAPOLIS,2026/Jan,252.0
352270,ITAPOLIS,2026/Fev,254.0
352270,ITAPOLIS,2026/Mar,320.0
352270,ITAPOLIS,2026/Abr,359.0
352270,ITAPOLIS,2026/Mai,386.0
352270,ITAPOLIS,2026/Jun,416.0
352280,ITAPORANGA,2025/Jul,111.0
352280,ITAPORANGA,2025/Ago,85.0
352280,ITAPORANGA,2025/Set,98.0
352280,ITAPORANGA,2025/Out,97.0
352280,ITAPORANGA,2025/Nov,79.0
352280,ITAPORANGA,2025/Dez,106.0
352280,ITAPORANGA,2026/Jan,86.0
352280,ITAPORANGA,2026/Fev,85.0
352280,ITAPORANGA,2026/Mar,83.0
352280,ITAPORANGA,2026/Abr,74.0
352280,ITAPORANGA,2026/Mai,96.0
352280,ITAPORANGA,2026/Jun,91.0
352290,ITAPUI,2025/Jul,12.0
352310,ITAQUAQUECETUBA,2025/Jul,1278.0
352310,ITAQUAQUECETUBA,2025/Ago,1208.0
352310,ITAQUAQUECETUBA,2025/Set,1322.0
352310,ITAQUAQUECETUBA,2025/Out,1213.0
352310,ITAQUAQUECETUBA,2025/Nov,1229.0
352310,ITAQUAQUECETUBA,2025/Dez,1234.0
352310,ITAQUAQUECETUBA,2026/Jan,1180.0
352310,ITAQUAQUECETUBA,2026/Fev,1219.0
352310,ITAQUAQUECETUBA,2026/Mar,1381.0
352310,ITAQUAQUECETUBA,2026/Abr,1232.0
352310,ITAQUAQUECETUBA,2026/Mai,1324.0
352310,ITAQUAQUECETUBA,2026/Jun,1321.0
352320,ITARARE,2025/Jul,366.0
352320,ITARARE,2025/Ago,331.0
352320,ITARARE,2025/Set,328.0
352320,ITARARE,2025/Out,348.0
352320,ITARARE,2025/Nov,330.0
352320,ITARARE,2025/Dez,357.0
352320,ITARARE,2026/Jan,389.0
352320,ITARARE,2026/Fev,341.0
352320,ITARARE,2026/Mar,374.0
352320,ITARARE,2026/Abr,351.0
352320,ITARARE,2026/Mai,314.0
352320,ITARARE,2026/Jun,341.0
352340,ITATIBA,2025/Jul,553.0
352340,ITATIBA,2025/Ago,618.0
352340,ITATIBA,2025/Set,552.0
352340,ITATIBA,2025/Out,581.0
352340,ITATIBA,2025/Nov,557.0
352340,ITATIBA,2025/Dez,716.0
352340,ITATIBA,2026/Jan,702.0
352340,ITATIBA,2026/Fev,599.0
352340,ITATIBA,2026/Mar,576.0
352340,ITATIBA,2026/Abr,645.0
352340,ITATIBA,2026/Mai,466.0
352340,ITATIBA,2026/Jun,472.0
352350,ITATINGA,2025/Jul,27.0
352350,ITATINGA,2025/Ago,36.0
352350,ITATINGA,2025/Set,27.0
352350,ITATINGA,2025/Out,27.0
352350,ITATINGA,2025/Nov,14.0
352350,ITATINGA,2025/Dez,20.0
352350,ITATINGA,2026/Jan,31.0
352350,ITATINGA,2026/Fev,16.0
352350,ITATINGA,2026/Mar,26.0
352350,ITATINGA,2026/Abr,29.0
352350,ITATINGA,2026/Mai,28.0
352350,ITATINGA,2026/Jun,21.0
352360,ITIRAPINA,2025/Jul,13.0
352360,ITIRAPINA,2025/Ago,8.0
352360,ITIRAPINA,2025/Set,10.0
352360,ITIRAPINA,2025/Out,12.0
352360,ITIRAPINA,2025/Nov,8.0
352360,ITIRAPINA,2025/Dez,7.0
352360,ITIRAPINA,2026/Jan,3.0
352360,ITIRAPINA,2026/Fev,7.0
352360,ITIRAPINA,2026/Mar,7.0
352360,ITIRAPINA,2026/Abr,21.0
352360,ITIRAPINA,2026/Mai,12.0
352360,ITIRAPINA,2026/Jun,15.0
352390,ITU,2025/Jul,764.0
352390,ITU,2025/Ago,776.0
352390,ITU,2025/Set,718.0
352390,ITU,2025/Out,694.0
352390,ITU,2025/Nov,670.0
352390,ITU,2025/Dez,630.0
352390,ITU,2026/Jan,651.0
352390,ITU,2026/Fev,654.0
352390,ITU,2026/Mar,694.0
352390,ITU,2026/Abr,676.0
352390,ITU,2026/Mai,713.0
352390,ITU,2026/Jun,809.0
352400,ITUPEVA,2025/Jul,204.0
352400,ITUPEVA,2025/Ago,180.0
352400,ITUPEVA,2025/Set,179.0
352400,ITUPEVA,2025/Out,181.0
352400,ITUPEVA,2025/Nov,187.0
352400,ITUPEVA,2025/Dez,100.0
352400,ITUPEVA,2026/Jan,250.0
352400,ITUPEVA,2026/Fev,178.0
352400,ITUPEVA,2026/Mar,187.0
352400,ITUPEVA,2026/Abr,168.0
352400,ITUPEVA,2026/Mai,201.0
352400,ITUPEVA,2026/Jun,188.0
352410,ITUVERAVA,2025/Jul,342.0
352410,ITUVERAVA,2025/Ago,392.0
352410,ITUVERAVA,2025/Set,345.0
352410,ITUVERAVA,2025/Out,355.0
352410,ITUVERAVA,2025/Nov,278.0
352410,ITUVERAVA,2025/Dez,276.0
352410,ITUVERAVA,2026/Jan,255.0
352410,ITUVERAVA,2026/Fev,269.0
352410,ITUVERAVA,2026/Mar,291.0
352410,ITUVERAVA,2026/Abr,289.0
352410,ITUVERAVA,2026/Mai,307.0
352410,ITUVERAVA,2026/Jun,287.0
352420,JABORANDI,2025/Jul,3.0
352420,JABORANDI,2025/Ago,3.0
352420,JABORANDI,2025/Set,7.0
352420,JABORANDI,2025/Out,7.0
352420,JABORANDI,2025/Nov,2.0
352420,JABORANDI,2025/Dez,6.0
352420,JABORANDI,2026/Jan,4.0
352420,JABORANDI,2026/Fev,5.0
352420,JABORANDI,2026/Mar,7.0
352420,JABORANDI,2026/Abr,3.0
352420,JABORANDI,2026/Mai,5.0
352420,JABORANDI,2026/Jun,4.0
352430,JABOTICABAL,2025/Jul,181.0
352430,JABOTICABAL,2025/Ago,156.0
352430,JABOTICABAL,2025/Set,194.0
352430,JABOTICABAL,2025/Out,182.0
352430,JABOTICABAL,2025/Nov,184.0
352430,JABOTICABAL,2025/Dez,154.0
352430,JABOTICABAL,2026/Jan,197.0
352430,JABOTICABAL,2026/Fev,157.0
352430,JABOTICABAL,2026/Mar,213.0
352430,JABOTICABAL,2026/Abr,205.0
352430,JABOTICABAL,2026/Mai,215.0
352430,JABOTICABAL,2026/Jun,211.0
352440,JACAREI,2025/Jul,1206.0
352440,JACAREI,2025/Ago,1332.0
352440,JACAREI,2025/Set,1215.0
352440,JACAREI,2025/Out,1311.0
352440,JACAREI,2025/Nov,1149.0
352440,JACAREI,2025/Dez,1161.0
352440,JACAREI,2026/Jan,1156.0
352440,JACAREI,2026/Fev,1182.0
352440,JACAREI,2026/Mar,1390.0
352440,JACAREI,2026/Abr,1326.0
352440,JACAREI,2026/Mai,1463.0
352440,JACAREI,2026/Jun,1275.0
352450,JACI,2025/Jul,64.0
352450,JACI,2025/Ago,59.0
352450,JACI,2025/Set,58.0
352450,JACI,2025/Out,59.0
352450,JACI,2025/Nov,54.0
352450,JACI,2025/Dez,43.0
352450,JACI,2026/Jan,47.0
352450,JACI,2026/Fev,132.0
352450,JACI,2026/Mar,48.0
352450,JACI,2026/Abr,32.0
352450,JACI,2026/Mai,54.0
352450,JACI,2026/Jun,51.0
352470,JAGUARIUNA,2025/Jul,390.0
352470,JAGUARIUNA,2025/Ago,333.0
352470,JAGUARIUNA,2025/Set,319.0
352470,JAGUARIUNA,2025/Out,330.0
352470,JAGUARIUNA,2025/Nov,331.0
352470,JAGUARIUNA,2025/Dez,288.0
352470,JAGUARIUNA,2026/Jan,367.0
352470,JAGUARIUNA,2026/Fev,318.0
352470,JAGUARIUNA,2026/Mar,334.0
352470,JAGUARIUNA,2026/Abr,293.0
352470,JAGUARIUNA,2026/Mai,299.0
352470,JAGUARIUNA,2026/Jun,323.0
352480,JALES,2025/Jul,801.0
352480,JALES,2025/Ago,704.0
352480,JALES,2025/Set,719.0
352480,JALES,2025/Out,735.0
352480,JALES,2025/Nov,579.0
352480,JALES,2025/Dez,806.0
352480,JALES,2026/Jan,715.0
352480,JALES,2026/Fev,747.0
352480,JALES,2026/Mar,790.0
352480,JALES,2026/Abr,677.0
352480,JALES,2026/Mai,691.0
352480,JALES,2026/Jun,747.0
352520,JARINU,2025/Jul,56.0
352520,JARINU,2025/Ago,59.0
352520,JARINU,2025/Set,55.0
352520,JARINU,2025/Out,49.0
352520,JARINU,2025/Nov,43.0
352520,JARINU,2025/Dez,51.0
352520,JARINU,2026/Jan,41.0
352520,JARINU,2026/Fev,38.0
352520,JARINU,2026/Mar,30.0
352520,JARINU,2026/Abr,44.0
352520,JARINU,2026/Mai,40.0
352520,JARINU,2026/Jun,59.0
352530,JAU,2025/Jul,2299.0
352530,JAU,2025/Ago,2167.0
352530,JAU,2025/Set,2361.0
352530,JAU,2025/Out,2481.0
352530,JAU,2025/Nov,2222.0
352530,JAU,2025/Dez,2190.0
352530,JAU,2026/Jan,1820.0
352530,JAU,2026/Fev,1975.0
352530,JAU,2026/Mar,2746.0
352530,JAU,2026/Abr,2383.0
352530,JAU,2026/Mai,2279.0
352530,JAU,2026/Jun,2319.0
352550,JOANOPOLIS,2025/Jul,12.0
352550,JOANOPOLIS,2025/Ago,14.0
352550,JOANOPOLIS,2025/Set,16.0
352550,JOANOPOLIS,2025/Out,16.0
352550,JOANOPOLIS,2025/Nov,23.0
352550,JOANOPOLIS,2025/Dez,23.0
352550,JOANOPOLIS,2026/Jan,29.0
352550,JOANOPOLIS,2026/Fev,21.0
352550,JOANOPOLIS,2026/Mar,18.0
352550,JOANOPOLIS,2026/Abr,21.0
352550,JOANOPOLIS,2026/Mai,23.0
352570,JOSE BONIFACIO,2025/Jul,184.0
352570,JOSE BONIFACIO,2025/Ago,191.0
352570,JOSE BONIFACIO,2025/Set,193.0
352570,JOSE BONIFACIO,2025/Out,201.0
352570,JOSE BONIFACIO,2025/Nov,200.0
352570,JOSE BONIFACIO,2025/Dez,195.0
352570,JOSE BONIFACIO,2026/Jan,199.0
352570,JOSE BONIFACIO,2026/Fev,222.0
352570,JOSE BONIFACIO,2026/Mar,209.0
352570,JOSE BONIFACIO,2026/Abr,237.0
352570,JOSE BONIFACIO,2026/Mai,235.0
352570,JOSE BONIFACIO,2026/Jun,205.0
352590,JUNDIAI,2025/Jul,3689.0
352590,JUNDIAI,2025/Ago,3430.0
352590,JUNDIAI,2025/Set,3582.0
352590,JUNDIAI,2025/Out,3468.0
352590,JUNDIAI,2025/Nov,3151.0
352590,JUNDIAI,2025/Dez,2887.0
352590,JUNDIAI,2026/Jan,4121.0
352590,JUNDIAI,2026/Fev,4145.0
352590,JUNDIAI,2026/Mar,3978.0
352590,JUNDIAI,2026/Abr,3794.0
352590,JUNDIAI,2026/Mai,4048.0
352590,JUNDIAI,2026/Jun,3698.0
352600,JUNQUEIROPOLIS,2025/Jul,98.0
352600,JUNQUEIROPOLIS,2025/Ago,101.0
352600,JUNQUEIROPOLIS,2025/Set,119.0
352600,JUNQUEIROPOLIS,2025/Out,116.0
352600,JUNQUEIROPOLIS,2025/Nov,84.0
352600,JUNQUEIROPOLIS,2025/Dez,102.0
352600,JUNQUEIROPOLIS,2026/Jan,85.0
352600,JUNQUEIROPOLIS,2026/Fev,84.0
352600,JUNQUEIROPOLIS,2026/Mar,88.0
352600,JUNQUEIROPOLIS,2026/Abr,88.0
352600,JUNQUEIROPOLIS,2026/Mai,103.0
352600,JUNQUEIROPOLIS,2026/Jun,77.0
352640,LARANJAL PAULISTA,2025/Jul,136.0
352640,LARANJAL PAULISTA,2025/Ago,129.0
352640,LARANJAL PAULISTA,2025/Set,115.0
352640,LARANJAL PAULISTA,2025/Out,119.0
352640,LARANJAL PAULISTA,2025/Nov,135.0
352640,LARANJAL PAULISTA,2025/Dez,142.0
352640,LARANJAL PAULISTA,2026/Jan,137.0
352640,LARANJAL PAULISTA,2026/Fev,120.0
352640,LARANJAL PAULISTA,2026/Mar,150.0
352640,LARANJAL PAULISTA,2026/Abr,158.0
352640,LARANJAL PAULISTA,2026/Mai,147.0
352640,LARANJAL PAULISTA,2026/Jun,143.0
352670,LEME,2025/Jul,456.0
352670,LEME,2025/Ago,475.0
352670,LEME,2025/Set,442.0
352670,LEME,2025/Out,471.0
352670,LEME,2025/Nov,449.0
352670,LEME,2025/Dez,472.0
352670,LEME,2026/Jan,441.0
352670,LEME,2026/Fev,417.0
352670,LEME,2026/Mar,487.0
352670,LEME,2026/Abr,486.0
352670,LEME,2026/Mai,412.0
352670,LEME,2026/Jun,424.0
352680,LENCOIS PAULISTA,2025/Jul,235.0
352680,LENCOIS PAULISTA,2025/Ago,240.0
352680,LENCOIS PAULISTA,2025/Set,231.0
352680,LENCOIS PAULISTA,2025/Out,274.0
352680,LENCOIS PAULISTA,2025/Nov,270.0
352680,LENCOIS PAULISTA,2025/Dez,260.0
352680,LENCOIS PAULISTA,2026/Jan,284.0
352680,LENCOIS PAULISTA,2026/Fev,241.0
352680,LENCOIS PAULISTA,2026/Mar,280.0
352680,LENCOIS PAULISTA,2026/Abr,233.0
352680,LENCOIS PAULISTA,2026/Mai,259.0
352680,LENCOIS PAULISTA,2026/Jun,306.0
352690,LIMEIRA,2025/Jul,1454.0
352690,LIMEIRA,2025/Ago,1373.0
352690,LIMEIRA,2025/Set,1331.0
352690,LIMEIRA,2025/Out,1469.0
352690,LIMEIRA,2025/Nov,1287.0
352690,LIMEIRA,2025/Dez,1277.0
352690,LIMEIRA,2026/Jan,1262.0
352690,LIMEIRA,2026/Fev,1231.0
352690,LIMEIRA,2026/Mar,1389.0
352690,LIMEIRA,2026/Abr,1369.0
352690,LIMEIRA,2026/Mai,1568.0
352690,LIMEIRA,2026/Jun,1388.0
352710,LINS,2025/Jul,663.0
352710,LINS,2025/Ago,608.0
352710,LINS,2025/Set,689.0
352710,LINS,2025/Out,724.0
352710,LINS,2025/Nov,636.0
352710,LINS,2025/Dez,667.0
352710,LINS,2026/Jan,636.0
352710,LINS,2026/Fev,654.0
352710,LINS,2026/Mar,666.0
352710,LINS,2026/Abr,723.0
352710,LINS,2026/Mai,676.0
352710,LINS,2026/Jun,705.0
352720,LORENA,2025/Jul,431.0
352720,LORENA,2025/Ago,429.0
352720,LORENA,2025/Set,402.0
352720,LORENA,2025/Out,386.0
352720,LORENA,2025/Nov,313.0
352720,LORENA,2025/Dez,405.0
352720,LORENA,2026/Jan,349.0
352720,LORENA,2026/Fev,317.0
352720,LORENA,2026/Mar,381.0
352720,LORENA,2026/Abr,397.0
352720,LORENA,2026/Mai,473.0
352720,LORENA,2026/Jun,416.0
352730,LOUVEIRA,2025/Jul,222.0
352730,LOUVEIRA,2025/Ago,239.0
352730,LOUVEIRA,2025/Set,205.0
352730,LOUVEIRA,2025/Out,208.0
352730,LOUVEIRA,2025/Nov,204.0
352730,LOUVEIRA,2025/Dez,232.0
352730,LOUVEIRA,2026/Jan,217.0
352730,LOUVEIRA,2026/Fev,177.0
352730,LOUVEIRA,2026/Mar,214.0
352730,LOUVEIRA,2026/Abr,215.0
352730,LOUVEIRA,2026/Mai,196.0
352730,LOUVEIRA,2026/Jun,217.0
352740,LUCELIA,2025/Jul,57.0
352740,LUCELIA,2025/Ago,63.0
352740,LUCELIA,2025/Set,59.0
352740,LUCELIA,2025/Out,47.0
352740,LUCELIA,2025/Nov,57.0
352740,LUCELIA,2025/Dez,51.0
352740,LUCELIA,2026/Jan,52.0
352740,LUCELIA,2026/Fev,48.0
352740,LUCELIA,2026/Mar,52.0
352740,LUCELIA,2026/Abr,37.0
352740,LUCELIA,2026/Mai,66.0
352740,LUCELIA,2026/Jun,54.0
352800,MACATUBA,2025/Jul,65.0
352800,MACATUBA,2025/Ago,68.0
352800,MACATUBA,2025/Set,91.0
352800,MACATUBA,2025/Out,76.0
352800,MACATUBA,2025/Nov,42.0
352800,MACATUBA,2025/Dez,60.0
352800,MACATUBA,2026/Jan,49.0
352800,MACATUBA,2026/Fev,58.0
352800,MACATUBA,2026/Mar,63.0
352800,MACATUBA,2026/Abr,65.0
352800,MACATUBA,2026/Mai,64.0
352800,MACATUBA,2026/Jun,58.0
352810,MACAUBAL,2025/Jul,11.0
352810,MACAUBAL,2025/Ago,8.0
352810,MACAUBAL,2025/Set,6.0
352810,MACAUBAL,2025/Out,8.0
352810,MACAUBAL,2025/Nov,6.0
352810,MACAUBAL,2025/Dez,3.0
352810,MACAUBAL,2026/Jan,4.0
352810,MACAUBAL,2026/Fev,4.0
352810,MACAUBAL,2026/Mar,4.0
352810,MACAUBAL,2026/Abr,5.0
352810,MACAUBAL,2026/Mai,8.0
352810,MACAUBAL,2026/Jun,14.0
352850,MAIRIPORA,2025/Jul,222.0
352850,MAIRIPORA,2025/Ago,231.0
352850,MAIRIPORA,2025/Set,230.0
352850,MAIRIPORA,2025/Out,251.0
352850,MAIRIPORA,2025/Nov,224.0
352850,MAIRIPORA,2025/Dez,241.0
352850,MAIRIPORA,2026/Jan,221.0
352850,MAIRIPORA,2026/Fev,213.0
352850,MAIRIPORA,2026/Mar,236.0
352850,MAIRIPORA,2026/Abr,275.0
352850,MAIRIPORA,2026/Mai,258.0
352850,MAIRIPORA,2026/Jun,256.0
352880,MARACAI,2025/Jul,105.0
352880,MARACAI,2025/Ago,71.0
352880,MARACAI,2025/Set,81.0
352880,MARACAI,2025/Out,73.0
352880,MARACAI,2025/Nov,70.0
352880,MARACAI,2025/Dez,56.0
352880,MARACAI,2026/Jan,65.0
352880,MARACAI,2026/Fev,67.0
352880,MARACAI,2026/Mar,83.0
352880,MARACAI,2026/Abr,69.0
352880,MARACAI,2026/Mai,78.0
352880,MARACAI,2026/Jun,81.0
352900,MARILIA,2025/Jul,2641.0
352900,MARILIA,2025/Ago,2608.0
352900,MARILIA,2025/Set,2772.0
352900,MARILIA,2025/Out,2742.0
352900,MARILIA,2025/Nov,2517.0
352900,MARILIA,2025/Dez,2578.0
352900,MARILIA,2026/Jan,2447.0
352900,MARILIA,2026/Fev,2399.0
352900,MARILIA,2026/Mar,2679.0
352900,MARILIA,2026/Abr,2523.0
352900,MARILIA,2026/Mai,2688.0
352900,MARILIA,2026/Jun,2608.0
352920,MARTINOPOLIS,2025/Jul,253.0
352920,MARTINOPOLIS,2025/Ago,238.0
352920,MARTINOPOLIS,2025/Set,267.0
352920,MARTINOPOLIS,2025/Out,246.0
352920,MARTINOPOLIS,2025/Nov,268.0
352920,MARTINOPOLIS,2025/Dez,277.0
352920,MARTINOPOLIS,2026/Jan,224.0
352920,MARTINOPOLIS,2026/Fev,229.0
352920,MARTINOPOLIS,2026/Mar,251.0
352920,MARTINOPOLIS,2026/Abr,265.0
352920,MARTINOPOLIS,2026/Mai,266.0
352920,MARTINOPOLIS,2026/Jun,263.0
352930,MATAO,2025/Jul,530.0
352930,MATAO,2025/Ago,515.0
352930,MATAO,2025/Set,612.0
352930,MATAO,2025/Out,519.0
352930,MATAO,2025/Nov,548.0
352930,MATAO,2025/Dez,481.0
352930,MATAO,2026/Jan,530.0
352930,MATAO,2026/Fev,473.0
352930,MATAO,2026/Mar,565.0
352930,MATAO,2026/Abr,588.0
352930,MATAO,2026/Mai,595.0
352930,MATAO,2026/Jun,564.0
352940,MAUA,2025/Jul,1193.0
352940,MAUA,2025/Ago,1177.0
352940,MAUA,2025/Set,1153.0
352940,MAUA,2025/Out,1112.0
352940,MAUA,2025/Nov,1026.0
352940,MAUA,2025/Dez,1140.0
352940,MAUA,2026/Jan,1213.0
352940,MAUA,2026/Fev,1201.0
352940,MAUA,2026/Mar,1177.0
352940,MAUA,2026/Abr,1149.0
352940,MAUA,2026/Mai,1172.0
352940,MAUA,2026/Jun,1184.0
352970,MIGUELOPOLIS,2025/Jul,126.0
352970,MIGUELOPOLIS,2025/Ago,123.0
352970,MIGUELOPOLIS,2025/Set,102.0
352970,MIGUELOPOLIS,2025/Out,104.0
352970,MIGUELOPOLIS,2025/Nov,71.0
352970,MIGUELOPOLIS,2025/Dez,89.0
352970,MIGUELOPOLIS,2026/Jan,44.0
352970,MIGUELOPOLIS,2026/Fev,43.0
352970,MIGUELOPOLIS,2026/Mar,80.0
352970,MIGUELOPOLIS,2026/Abr,77.0
352970,MIGUELOPOLIS,2026/Mai,110.0
352970,MIGUELOPOLIS,2026/Jun,72.0
353010,MIRANDOPOLIS,2025/Jul,219.0
353010,MIRANDOPOLIS,2025/Ago,366.0
353010,MIRANDOPOLIS,2025/Set,281.0
353010,MIRANDOPOLIS,2025/Out,318.0
353010,MIRANDOPOLIS,2025/Nov,236.0
353010,MIRANDOPOLIS,2025/Dez,265.0
353010,MIRANDOPOLIS,2026/Jan,333.0
353010,MIRANDOPOLIS,2026/Fev,276.0
353010,MIRANDOPOLIS,2026/Mar,271.0
353010,MIRANDOPOLIS,2026/Abr,320.0
353010,MIRANDOPOLIS,2026/Mai,329.0
353010,MIRANDOPOLIS,2026/Jun,291.0
353030,MIRASSOL,2025/Jul,189.0
353030,MIRASSOL,2025/Ago,182.0
353030,MIRASSOL,2025/Set,180.0
353030,MIRASSOL,2025/Out,59.0
353050,MOCOCA,2025/Jul,456.0
353050,MOCOCA,2025/Ago,451.0
353050,MOCOCA,2025/Set,444.0
353050,MOCOCA,2025/Out,447.0
353050,MOCOCA,2025/Nov,443.0
353050,MOCOCA,2025/Dez,417.0
353050,MOCOCA,2026/Jan,396.0
353050,MOCOCA,2026/Fev,389.0
353050,MOCOCA,2026/Mar,387.0
353050,MOCOCA,2026/Abr,377.0
353050,MOCOCA,2026/Mai,426.0
353050,MOCOCA,2026/Jun,407.0
353060,MOGI DAS CRUZES,2025/Jul,3505.0
353060,MOGI DAS CRUZES,2025/Ago,3254.0
353060,MOGI DAS CRUZES,2025/Set,3099.0
353060,MOGI DAS CRUZES,2025/Out,2855.0
353060,MOGI DAS CRUZES,2025/Nov,2924.0
353060,MOGI DAS CRUZES,2025/Dez,2588.0
353060,MOGI DAS CRUZES,2026/Jan,3359.0
353060,MOGI DAS CRUZES,2026/Fev,2538.0
353060,MOGI DAS CRUZES,2026/Mar,2886.0
353060,MOGI DAS CRUZES,2026/Abr,3111.0
353060,MOGI DAS CRUZES,2026/Mai,2972.0
353060,MOGI DAS CRUZES,2026/Jun,3028.0
353070,MOGI GUACU,2025/Jul,875.0
353070,MOGI GUACU,2025/Ago,847.0
353070,MOGI GUACU,2025/Set,938.0
353070,MOGI GUACU,2025/Out,835.0
353070,MOGI GUACU,2025/Nov,755.0
353070,MOGI GUACU,2025/Dez,751.0
353070,MOGI GUACU,2026/Jan,725.0
353070,MOGI GUACU,2026/Fev,789.0
353070,MOGI GUACU,2026/Mar,800.0
353070,MOGI GUACU,2026/Abr,797.0
353070,MOGI GUACU,2026/Mai,823.0
353070,MOGI GUACU,2026/Jun,838.0
353080,MOGI MIRIM,2025/Jul,469.0
353080,MOGI MIRIM,2025/Ago,426.0
353080,MOGI MIRIM,2025/Set,389.0
353080,MOGI MIRIM,2025/Out,423.0
353080,MOGI MIRIM,2025/Nov,427.0
353080,MOGI MIRIM,2025/Dez,436.0
353080,MOGI MIRIM,2026/Jan,419.0
353080,MOGI MIRIM,2026/Fev,409.0
353080,MOGI MIRIM,2026/Mar,445.0
353080,MOGI MIRIM,2026/Abr,532.0
353080,MOGI MIRIM,2026/Mai,456.0
353080,MOGI MIRIM,2026/Jun,430.0
353110,MONGAGUA,2025/Jul,104.0
353110,MONGAGUA,2025/Ago,92.0
353110,MONGAGUA,2025/Set,72.0
353110,MONGAGUA,2025/Out,81.0
353110,MONGAGUA,2025/Nov,78.0
353110,MONGAGUA,2025/Dez,82.0
353110,MONGAGUA,2026/Jan,73.0
353110,MONGAGUA,2026/Fev,56.0
353110,MONGAGUA,2026/Mar,63.0
353110,MONGAGUA,2026/Abr,62.0
353110,MONGAGUA,2026/Mai,104.0
353110,MONGAGUA,2026/Jun,73.0
353130,MONTE ALTO,2025/Jul,225.0
353130,MONTE ALTO,2025/Ago,232.0
353130,MONTE ALTO,2025/Set,259.0
353130,MONTE ALTO,2025/Out,215.0
353130,MONTE ALTO,2025/Nov,177.0
353130,MONTE ALTO,2025/Dez,226.0
353130,MONTE ALTO,2026/Jan,210.0
353130,MONTE ALTO,2026/Fev,177.0
353130,MONTE ALTO,2026/Mar,223.0
353130,MONTE ALTO,2026/Abr,207.0
353130,MONTE ALTO,2026/Mai,197.0
353130,MONTE ALTO,2026/Jun,195.0
353140,MONTE APRAZIVEL,2025/Jul,229.0
353140,MONTE APRAZIVEL,2025/Ago,297.0
353140,MONTE APRAZIVEL,2025/Set,344.0
353140,MONTE APRAZIVEL,2025/Out,308.0
353140,MONTE APRAZIVEL,2025/Nov,308.0
353140,MONTE APRAZIVEL,2025/Dez,275.0
353140,MONTE APRAZIVEL,2026/Jan,255.0
353140,MONTE APRAZIVEL,2026/Fev,241.0
353140,MONTE APRAZIVEL,2026/Mar,302.0
353140,MONTE APRAZIVEL,2026/Abr,280.0
353140,MONTE APRAZIVEL,2026/Mai,294.0
353140,MONTE APRAZIVEL,2026/Jun,224.0
353150,MONTE AZUL PAULISTA,2025/Jul,133.0
353150,MONTE AZUL PAULISTA,2025/Ago,151.0
353150,MONTE AZUL PAULISTA,2025/Set,147.0
353150,MONTE AZUL PAULISTA,2025/Out,130.0
353150,MONTE AZUL PAULISTA,2025/Nov,123.0
353150,MONTE AZUL PAULISTA,2025/Dez,141.0
353150,MONTE AZUL PAULISTA,2026/Jan,147.0
353150,MONTE AZUL PAULISTA,2026/Fev,103.0
353150,MONTE AZUL PAULISTA,2026/Mar,142.0
353150,MONTE AZUL PAULISTA,2026/Abr,125.0
353150,MONTE AZUL PAULISTA,2026/Mai,179.0
353150,MONTE AZUL PAULISTA,2026/Jun,137.0
353180,MONTE MOR,2025/Jul,118.0
353180,MONTE MOR,2025/Ago,109.0
353180,MONTE MOR,2025/Set,90.0
353180,MONTE MOR,2025/Out,84.0
353180,MONTE MOR,2025/Nov,107.0
353180,MONTE MOR,2025/Dez,91.0
353180,MONTE MOR,2026/Jan,74.0
353180,MONTE MOR,2026/Fev,85.0
353180,MONTE MOR,2026/Mar,77.0
353180,MONTE MOR,2026/Abr,90.0
353180,MONTE MOR,2026/Mai,81.0
353180,MONTE MOR,2026/Jun,84.0
353190,MORRO AGUDO,2025/Jul,149.0
353190,MORRO AGUDO,2025/Ago,155.0
353190,MORRO AGUDO,2025/Set,141.0
353190,MORRO AGUDO,2025/Out,144.0
353190,MORRO AGUDO,2025/Nov,134.0
353190,MORRO AGUDO,2025/Dez,164.0
353190,MORRO AGUDO,2026/Jan,172.0
353190,MORRO AGUDO,2026/Fev,149.0
353190,MORRO AGUDO,2026/Mar,172.0
353190,MORRO AGUDO,2026/Abr,145.0
353190,MORRO AGUDO,2026/Mai,122.0
353190,MORRO AGUDO,2026/Jun,133.0
353200,MORUNGABA,2025/Jul,32.0
353200,MORUNGABA,2025/Ago,15.0
353200,MORUNGABA,2025/Set,27.0
353200,MORUNGABA,2025/Out,19.0
353200,MORUNGABA,2025/Nov,25.0
353200,MORUNGABA,2025/Dez,18.0
353200,MORUNGABA,2026/Jan,16.0
353200,MORUNGABA,2026/Fev,7.0
353200,MORUNGABA,2026/Mar,13.0
353200,MORUNGABA,2026/Abr,14.0
353200,MORUNGABA,2026/Mai,17.0
353200,MORUNGABA,2026/Jun,27.0
353240,NAZARE PAULISTA,2025/Jul,43.0
353240,NAZARE PAULISTA,2025/Ago,48.0
353240,NAZARE PAULISTA,2025/Set,36.0
353240,NAZARE PAULISTA,2025/Out,38.0
353240,NAZARE PAULISTA,2025/Nov,30.0
353240,NAZARE PAULISTA,2025/Dez,34.0
353240,NAZARE PAULISTA,2026/Jan,39.0
353240,NAZARE PAULISTA,2026/Fev,32.0
353240,NAZARE PAULISTA,2026/Mar,32.0
353250,NEVES PAULISTA,2025/Jul,5.0
353250,NEVES PAULISTA,2025/Ago,5.0
353250,NEVES PAULISTA,2025/Set,5.0
353250,NEVES PAULISTA,2025/Out,6.0
353250,NEVES PAULISTA,2025/Nov,6.0
353250,NEVES PAULISTA,2025/Dez,7.0
353250,NEVES PAULISTA,2026/Jan,2.0
353250,NEVES PAULISTA,2026/Fev,5.0
353250,NEVES PAULISTA,2026/Mar,10.0
353250,NEVES PAULISTA,2026/Abr,1.0
353250,NEVES PAULISTA,2026/Mai,1.0
353250,NEVES PAULISTA,2026/Jun,1.0
353260,NHANDEARA,2025/Jul,213.0
353260,NHANDEARA,2025/Ago,234.0
353260,NHANDEARA,2025/Set,221.0
353260,NHANDEARA,2025/Out,235.0
353260,NHANDEARA,2025/Nov,208.0
353260,NHANDEARA,2025/Dez,248.0
353260,NHANDEARA,2026/Jan,216.0
353260,NHANDEARA,2026/Fev,228.0
353260,NHANDEARA,2026/Mar,217.0
353260,NHANDEARA,2026/Abr,209.0
353260,NHANDEARA,2026/Mai,304.0
353260,NHANDEARA,2026/Jun,256.0
353290,NOVA EUROPA,2025/Jul,12.0
353290,NOVA EUROPA,2025/Ago,34.0
353290,NOVA EUROPA,2025/Set,33.0
353290,NOVA EUROPA,2025/Out,28.0
353290,NOVA EUROPA,2025/Nov,24.0
353290,NOVA EUROPA,2025/Dez,37.0
353290,NOVA EUROPA,2026/Jan,29.0
353290,NOVA EUROPA,2026/Fev,21.0
353290,NOVA EUROPA,2026/Mar,27.0
353290,NOVA EUROPA,2026/Abr,34.0
353290,NOVA EUROPA,2026/Mai,28.0
353290,NOVA EUROPA,2026/Jun,29.0
353300,NOVA GRANADA,2025/Jul,168.0
353300,NOVA GRANADA,2025/Ago,163.0
353300,NOVA GRANADA,2025/Set,163.0
353300,NOVA GRANADA,2025/Out,178.0
353300,NOVA GRANADA,2025/Nov,177.0
353300,NOVA GRANADA,2025/Dez,160.0
353300,NOVA GRANADA,2026/Jan,152.0
353300,NOVA GRANADA,2026/Fev,127.0
353300,NOVA GRANADA,2026/Mar,141.0
353300,NOVA GRANADA,2026/Abr,194.0
353300,NOVA GRANADA,2026/Mai,169.0
353300,NOVA GRANADA,2026/Jun,174.0
353340,NOVA ODESSA,2025/Jul,134.0
353340,NOVA ODESSA,2025/Ago,158.0
353340,NOVA ODESSA,2025/Set,128.0
353340,NOVA ODESSA,2025/Out,128.0
353340,NOVA ODESSA,2025/Nov,128.0
353340,NOVA ODESSA,2025/Dez,133.0
353340,NOVA ODESSA,2026/Jan,133.0
353340,NOVA ODESSA,2026/Fev,125.0
353340,NOVA ODESSA,2026/Mar,136.0
353340,NOVA ODESSA,2026/Abr,126.0
353340,NOVA ODESSA,2026/Mai,157.0
353340,NOVA ODESSA,2026/Jun,138.0
353350,NOVO HORIZONTE,2025/Jul,203.0
353350,NOVO HORIZONTE,2025/Ago,215.0
353350,NOVO HORIZONTE,2025/Set,212.0
353350,NOVO HORIZONTE,2025/Out,170.0
353350,NOVO HORIZONTE,2025/Nov,184.0
353350,NOVO HORIZONTE,2025/Dez,170.0
353350,NOVO HORIZONTE,2026/Jan,199.0
353350,NOVO HORIZONTE,2026/Fev,167.0
353350,NOVO HORIZONTE,2026/Mar,201.0
353350,NOVO HORIZONTE,2026/Abr,200.0
353350,NOVO HORIZONTE,2026/Mai,204.0
353350,NOVO HORIZONTE,2026/Jun,222.0
353390,OLIMPIA,2025/Jul,337.0
353390,OLIMPIA,2025/Ago,336.0
353390,OLIMPIA,2025/Set,296.0
353390,OLIMPIA,2025/Out,303.0
353390,OLIMPIA,2025/Nov,248.0
353390,OLIMPIA,2025/Dez,295.0
353390,OLIMPIA,2026/Jan,309.0
353390,OLIMPIA,2026/Fev,274.0
353390,OLIMPIA,2026/Mar,351.0
353390,OLIMPIA,2026/Abr,338.0
353390,OLIMPIA,2026/Mai,325.0
353390,OLIMPIA,2026/Jun,306.0
353430,ORLANDIA,2025/Jul,195.0
353430,ORLANDIA,2025/Ago,146.0
353430,ORLANDIA,2025/Set,266.0
353430,ORLANDIA,2025/Out,293.0
353430,ORLANDIA,2025/Nov,222.0
353430,ORLANDIA,2025/Dez,248.0
353430,ORLANDIA,2026/Jan,249.0
353430,ORLANDIA,2026/Fev,241.0
353430,ORLANDIA,2026/Mar,173.0
353430,ORLANDIA,2026/Abr,264.0
353430,ORLANDIA,2026/Mai,232.0
353430,ORLANDIA,2026/Jun,226.0
353440,OSASCO,2025/Jul,2459.0
353440,OSASCO,2025/Ago,2347.0
353440,OSASCO,2025/Set,2242.0
353440,OSASCO,2025/Out,2330.0
353440,OSASCO,2025/Nov,2135.0
353440,OSASCO,2025/Dez,1996.0
353440,OSASCO,2026/Jan,2388.0
353440,OSASCO,2026/Fev,2052.0
353440,OSASCO,2026/Mar,2168.0
353440,OSASCO,2026/Abr,2364.0
353440,OSASCO,2026/Mai,2276.0
353440,OSASCO,2026/Jun,2443.0
353460,OSVALDO CRUZ,2025/Jul,226.0
353460,OSVALDO CRUZ,2025/Ago,208.0
353460,OSVALDO CRUZ,2025/Set,222.0
353460,OSVALDO CRUZ,2025/Out,232.0
353460,OSVALDO CRUZ,2025/Nov,184.0
353460,OSVALDO CRUZ,2025/Dez,203.0
353460,OSVALDO CRUZ,2026/Jan,218.0
353460,OSVALDO CRUZ,2026/Fev,205.0
353460,OSVALDO CRUZ,2026/Mar,245.0
353460,OSVALDO CRUZ,2026/Abr,237.0
353460,OSVALDO CRUZ,2026/Mai,218.0
353460,OSVALDO CRUZ,2026/Jun,221.0
353470,OURINHOS,2025/Jul,850.0
353470,OURINHOS,2025/Ago,938.0
353470,OURINHOS,2025/Set,916.0
353470,OURINHOS,2025/Out,894.0
353470,OURINHOS,2025/Nov,940.0
353470,OURINHOS,2025/Dez,922.0
353470,OURINHOS,2026/Jan,872.0
353470,OURINHOS,2026/Fev,798.0
353470,OURINHOS,2026/Mar,902.0
353470,OURINHOS,2026/Abr,860.0
353470,OURINHOS,2026/Mai,862.0
353470,OURINHOS,2026/Jun,804.0
353475,OUROESTE,2025/Jul,52.0
353475,OUROESTE,2025/Ago,50.0
353475,OUROESTE,2025/Set,41.0
353475,OUROESTE,2025/Out,57.0
353475,OUROESTE,2025/Nov,41.0
353475,OUROESTE,2025/Dez,44.0
353475,OUROESTE,2026/Jan,34.0
353475,OUROESTE,2026/Fev,40.0
353475,OUROESTE,2026/Mar,48.0
353475,OUROESTE,2026/Abr,56.0
353475,OUROESTE,2026/Mai,61.0
353475,OUROESTE,2026/Jun,50.0
353520,PALMEIRA D'OESTE,2025/Jul,52.0
353520,PALMEIRA D'OESTE,2025/Ago,57.0
353520,PALMEIRA D'OESTE,2025/Set,71.0
353520,PALMEIRA D'OESTE,2025/Out,83.0
353520,PALMEIRA D'OESTE,2025/Nov,72.0
353520,PALMEIRA D'OESTE,2025/Dez,40.0
353520,PALMEIRA D'OESTE,2026/Jan,49.0
353520,PALMEIRA D'OESTE,2026/Fev,53.0
353520,PALMEIRA D'OESTE,2026/Mar,70.0
353520,PALMEIRA D'OESTE,2026/Abr,72.0
353520,PALMEIRA D'OESTE,2026/Mai,46.0
353520,PALMEIRA D'OESTE,2026/Jun,49.0
353530,PALMITAL,2025/Jul,163.0
353530,PALMITAL,2025/Ago,188.0
353530,PALMITAL,2025/Set,188.0
353530,PALMITAL,2025/Out,152.0
353530,PALMITAL,2025/Nov,183.0
353530,PALMITAL,2025/Dez,169.0
353530,PALMITAL,2026/Jan,194.0
353530,PALMITAL,2026/Fev,178.0
353530,PALMITAL,2026/Mar,233.0
353530,PALMITAL,2026/Abr,256.0
353530,PALMITAL,2026/Mai,213.0
353530,PALMITAL,2026/Jun,234.0
353550,PARAGUACU PAULISTA,2025/Jul,449.0
353550,PARAGUACU PAULISTA,2025/Ago,436.0
353550,PARAGUACU PAULISTA,2025/Set,422.0
353550,PARAGUACU PAULISTA,2025/Out,667.0
353550,PARAGUACU PAULISTA,2025/Nov,338.0
353550,PARAGUACU PAULISTA,2025/Dez,359.0
353550,PARAGUACU PAULISTA,2026/Jan,604.0
353550,PARAGUACU PAULISTA,2026/Fev,330.0
353550,PARAGUACU PAULISTA,2026/Mar,509.0
353550,PARAGUACU PAULISTA,2026/Abr,376.0
353550,PARAGUACU PAULISTA,2026/Mai,349.0
353550,PARAGUACU PAULISTA,2026/Jun,487.0
353580,PARANAPANEMA,2025/Jul,75.0
353580,PARANAPANEMA,2025/Ago,75.0
353580,PARANAPANEMA,2025/Set,71.0
353580,PARANAPANEMA,2025/Out,67.0
353580,PARANAPANEMA,2025/Nov,64.0
353580,PARANAPANEMA,2025/Dez,51.0
353580,PARANAPANEMA,2026/Jan,78.0
353580,PARANAPANEMA,2026/Fev,43.0
353580,PARANAPANEMA,2026/Mar,68.0
353580,PARANAPANEMA,2026/Abr,68.0
353580,PARANAPANEMA,2026/Mai,77.0
353580,PARANAPANEMA,2026/Jun,60.0
353600,PARAPUA,2025/Out,42.0
353600,PARAPUA,2025/Nov,19.0
353600,PARAPUA,2025/Dez,46.0
353600,PARAPUA,2026/Jan,39.0
353600,PARAPUA,2026/Fev,38.0
353620,PARIQUERA-ACU,2025/Jul,756.0
353620,PARIQUERA-ACU,2025/Ago,821.0
353620,PARIQUERA-ACU,2025/Set,822.0
353620,PARIQUERA-ACU,2025/Out,754.0
353620,PARIQUERA-ACU,2025/Nov,782.0
353620,PARIQUERA-ACU,2025/Dez,754.0
353620,PARIQUERA-ACU,2026/Jan,870.0
353620,PARIQUERA-ACU,2026/Fev,790.0
353620,PARIQUERA-ACU,2026/Mar,784.0
353620,PARIQUERA-ACU,2026/Abr,722.0
353620,PARIQUERA-ACU,2026/Mai,847.0
353620,PARIQUERA-ACU,2026/Jun,816.0
353630,PATROCINIO PAULISTA,2025/Jul,68.0
353630,PATROCINIO PAULISTA,2025/Ago,81.0
353630,PATROCINIO PAULISTA,2025/Set,68.0
353630,PATROCINIO PAULISTA,2025/Out,104.0
353630,PATROCINIO PAULISTA,2025/Nov,78.0
353630,PATROCINIO PAULISTA,2025/Dez,67.0
353630,PATROCINIO PAULISTA,2026/Jan,63.0
353630,PATROCINIO PAULISTA,2026/Fev,77.0
353630,PATROCINIO PAULISTA,2026/Mar,88.0
353630,PATROCINIO PAULISTA,2026/Abr,104.0
353630,PATROCINIO PAULISTA,2026/Mai,105.0
353630,PATROCINIO PAULISTA,2026/Jun,80.0
353650,PAULINIA,2025/Jul,317.0
353650,PAULINIA,2025/Ago,397.0
353650,PAULINIA,2025/Set,566.0
353650,PAULINIA,2025/Out,374.0
353650,PAULINIA,2025/Nov,658.0
353650,PAULINIA,2025/Dez,767.0
353650,PAULINIA,2026/Jan,738.0
353650,PAULINIA,2026/Fev,916.0
353650,PAULINIA,2026/Mar,560.0
353660,PAULO DE FARIA,2025/Jul,8.0
353660,PAULO DE FARIA,2025/Ago,11.0
353660,PAULO DE FARIA,2025/Set,10.0
353660,PAULO DE FARIA,2025/Out,4.0
353660,PAULO DE FARIA,2025/Nov,13.0
353660,PAULO DE FARIA,2025/Dez,17.0
353660,PAULO DE FARIA,2026/Jan,7.0
353660,PAULO DE FARIA,2026/Fev,15.0
353660,PAULO DE FARIA,2026/Mar,16.0
353660,PAULO DE FARIA,2026/Abr,14.0
353660,PAULO DE FARIA,2026/Mai,15.0
353660,PAULO DE FARIA,2026/Jun,10.0
353670,PEDERNEIRAS,2025/Jul,156.0
353670,PEDERNEIRAS,2025/Ago,190.0
353670,PEDERNEIRAS,2025/Set,188.0
353670,PEDERNEIRAS,2025/Out,93.0
353670,PEDERNEIRAS,2025/Nov,163.0
353670,PEDERNEIRAS,2025/Dez,130.0
353670,PEDERNEIRAS,2026/Jan,181.0
353670,PEDERNEIRAS,2026/Fev,191.0
353670,PEDERNEIRAS,2026/Mar,201.0
353670,PEDERNEIRAS,2026/Abr,179.0
353670,PEDERNEIRAS,2026/Mai,193.0
353670,PEDERNEIRAS,2026/Jun,179.0
353700,PEDREGULHO,2025/Jul,82.0
353700,PEDREGULHO,2025/Ago,106.0
353700,PEDREGULHO,2025/Set,98.0
353700,PEDREGULHO,2025/Out,88.0
353700,PEDREGULHO,2025/Nov,92.0
353700,PEDREGULHO,2025/Dez,100.0
353700,PEDREGULHO,2026/Jan,92.0
353700,PEDREGULHO,2026/Fev,99.0
353700,PEDREGULHO,2026/Mar,80.0
353700,PEDREGULHO,2026/Abr,84.0
353700,PEDREGULHO,2026/Mai,71.0
353700,PEDREGULHO,2026/Jun,76.0
353710,PEDREIRA,2025/Jul,88.0
353710,PEDREIRA,2025/Ago,100.0
353710,PEDREIRA,2025/Set,103.0
353710,PEDREIRA,2025/Out,89.0
353710,PEDREIRA,2025/Nov,102.0
353710,PEDREIRA,2025/Dez,101.0
353710,PEDREIRA,2026/Jan,99.0
353710,PEDREIRA,2026/Fev,94.0
353710,PEDREIRA,2026/Mar,122.0
353710,PEDREIRA,2026/Abr,103.0
353710,PEDREIRA,2026/Mai,107.0
353710,PEDREIRA,2026/Jun,97.0
353730,PENAPOLIS,2025/Jul,499.0
353730,PENAPOLIS,2025/Ago,480.0
353730,PENAPOLIS,2025/Set,495.0
353730,PENAPOLIS,2025/Out,505.0
353730,PENAPOLIS,2025/Nov,432.0
353730,PENAPOLIS,2025/Dez,555.0
353730,PENAPOLIS,2026/Jan,509.0
353730,PENAPOLIS,2026/Fev,512.0
353730,PENAPOLIS,2026/Mar,519.0
353730,PENAPOLIS,2026/Abr,540.0
353730,PENAPOLIS,2026/Mai,516.0
353730,PENAPOLIS,2026/Jun,471.0
353740,PEREIRA BARRETO,2025/Jul,75.0
353740,PEREIRA BARRETO,2025/Ago,62.0
353740,PEREIRA BARRETO,2025/Set,74.0
353740,PEREIRA BARRETO,2025/Out,77.0
353740,PEREIRA BARRETO,2025/Nov,88.0
353740,PEREIRA BARRETO,2025/Dez,112.0
353740,PEREIRA BARRETO,2026/Jan,73.0
353740,PEREIRA BARRETO,2026/Fev,68.0
353740,PEREIRA BARRETO,2026/Mar,77.0
353740,PEREIRA BARRETO,2026/Abr,88.0
353740,PEREIRA BARRETO,2026/Mai,75.0
353780,PIEDADE,2025/Jul,216.0
353780,PIEDADE,2025/Ago,284.0
353780,PIEDADE,2025/Set,246.0
353780,PIEDADE,2025/Out,254.0
353780,PIEDADE,2025/Nov,231.0
353780,PIEDADE,2025/Dez,250.0
353780,PIEDADE,2026/Jan,275.0
353780,PIEDADE,2026/Fev,227.0
353780,PIEDADE,2026/Mar,311.0
353780,PIEDADE,2026/Abr,230.0
353780,PIEDADE,2026/Mai,264.0
353780,PIEDADE,2026/Jun,300.0
353790,PILAR DO SUL,2025/Jul,78.0
353790,PILAR DO SUL,2025/Ago,89.0
353790,PILAR DO SUL,2025/Set,97.0
353790,PILAR DO SUL,2025/Out,90.0
353790,PILAR DO SUL,2025/Nov,70.0
353790,PILAR DO SUL,2025/Dez,70.0
353790,PILAR DO SUL,2026/Jan,68.0
353790,PILAR DO SUL,2026/Fev,102.0
353790,PILAR DO SUL,2026/Mar,102.0
353790,PILAR DO SUL,2026/Abr,114.0
353790,PILAR DO SUL,2026/Mai,98.0
353790,PILAR DO SUL,2026/Jun,111.0
353800,PINDAMONHANGABA,2025/Jul,444.0
353800,PINDAMONHANGABA,2025/Ago,512.0
353800,PINDAMONHANGABA,2025/Set,554.0
353800,PINDAMONHANGABA,2025/Out,725.0
353800,PINDAMONHANGABA,2025/Nov,561.0
353800,PINDAMONHANGABA,2025/Dez,625.0
353800,PINDAMONHANGABA,2026/Jan,894.0
353800,PINDAMONHANGABA,2026/Fev,683.0
353800,PINDAMONHANGABA,2026/Mar,1004.0
353800,PINDAMONHANGABA,2026/Abr,621.0
353800,PINDAMONHANGABA,2026/Mai,605.0
353800,PINDAMONHANGABA,2026/Jun,659.0
353860,PIRACAIA,2025/Jul,41.0
353860,PIRACAIA,2025/Ago,40.0
353860,PIRACAIA,2025/Set,40.0
353860,PIRACAIA,2025/Out,37.0
353860,PIRACAIA,2025/Nov,31.0
353860,PIRACAIA,2025/Dez,43.0
353860,PIRACAIA,2026/Jan,44.0
353860,PIRACAIA,2026/Fev,49.0
353860,PIRACAIA,2026/Mar,42.0
353860,PIRACAIA,2026/Abr,42.0
353860,PIRACAIA,2026/Mai,44.0
353860,PIRACAIA,2026/Jun,44.0
353870,PIRACICABA,2025/Jul,2991.0
353870,PIRACICABA,2025/Ago,3070.0
353870,PIRACICABA,2025/Set,3161.0
353870,PIRACICABA,2025/Out,3189.0
353870,PIRACICABA,2025/Nov,3076.0
353870,PIRACICABA,2025/Dez,2451.0
353870,PIRACICABA,2026/Jan,2898.0
353870,PIRACICABA,2026/Fev,2830.0
353870,PIRACICABA,2026/Mar,3230.0
353870,PIRACICABA,2026/Abr,3140.0
353870,PIRACICABA,2026/Mai,3183.0
353870,PIRACICABA,2026/Jun,3114.0
353880,PIRAJU,2025/Jul,179.0
353880,PIRAJU,2025/Ago,170.0
353880,PIRAJU,2025/Set,153.0
353880,PIRAJU,2025/Out,164.0
353880,PIRAJU,2025/Nov,144.0
353880,PIRAJU,2025/Dez,197.0
353880,PIRAJU,2026/Jan,149.0
353880,PIRAJU,2026/Fev,131.0
353880,PIRAJU,2026/Mar,130.0
353880,PIRAJU,2026/Abr,179.0
353880,PIRAJU,2026/Mai,218.0
353880,PIRAJU,2026/Jun,176.0
353890,PIRAJUI,2025/Jul,158.0
353890,PIRAJUI,2025/Ago,138.0
353890,PIRAJUI,2025/Set,99.0
353890,PIRAJUI,2025/Out,85.0
353890,PIRAJUI,2025/Nov,93.0
353890,PIRAJUI,2025/Dez,87.0
353890,PIRAJUI,2026/Jan,106.0
353890,PIRAJUI,2026/Fev,133.0
353890,PIRAJUI,2026/Mar,120.0
353890,PIRAJUI,2026/Abr,109.0
353890,PIRAJUI,2026/Mai,123.0
353890,PIRAJUI,2026/Jun,97.0
353900,PIRANGI,2025/Jul,102.0
353900,PIRANGI,2025/Ago,128.0
353900,PIRANGI,2025/Set,116.0
353900,PIRANGI,2025/Out,149.0
353900,PIRANGI,2025/Nov,175.0
353900,PIRANGI,2025/Dez,115.0
353900,PIRANGI,2026/Jan,151.0
353900,PIRANGI,2026/Fev,162.0
353900,PIRANGI,2026/Mar,131.0
353900,PIRANGI,2026/Abr,114.0
353900,PIRANGI,2026/Mai,117.0
353900,PIRANGI,2026/Jun,126.0
353930,PIRASSUNUNGA,2025/Jul,238.0
353930,PIRASSUNUNGA,2025/Ago,207.0
353930,PIRASSUNUNGA,2025/Set,230.0
353930,PIRASSUNUNGA,2025/Out,234.0
353930,PIRASSUNUNGA,2025/Nov,222.0
353930,PIRASSUNUNGA,2025/Dez,221.0
353930,PIRASSUNUNGA,2026/Jan,222.0
353930,PIRASSUNUNGA,2026/Fev,189.0
353930,PIRASSUNUNGA,2026/Mar,239.0
353930,PIRASSUNUNGA,2026/Abr,233.0
353930,PIRASSUNUNGA,2026/Mai,214.0
353930,PIRASSUNUNGA,2026/Jun,226.0
353940,PIRATININGA,2025/Jul,42.0
353940,PIRATININGA,2025/Ago,24.0
353940,PIRATININGA,2025/Set,19.0
353940,PIRATININGA,2025/Out,21.0
353940,PIRATININGA,2025/Nov,20.0
353940,PIRATININGA,2025/Dez,22.0
353940,PIRATININGA,2026/Jan,29.0
353940,PIRATININGA,2026/Fev,18.0
353940,PIRATININGA,2026/Mar,27.0
353940,PIRATININGA,2026/Abr,19.0
353940,PIRATININGA,2026/Mai,28.0
353940,PIRATININGA,2026/Jun,23.0
353950,PITANGUEIRAS,2025/Jul,118.0
353950,PITANGUEIRAS,2025/Ago,131.0
353950,PITANGUEIRAS,2025/Set,117.0
353950,PITANGUEIRAS,2025/Out,114.0
353950,PITANGUEIRAS,2025/Nov,98.0
353950,PITANGUEIRAS,2025/Dez,120.0
353950,PITANGUEIRAS,2026/Jan,108.0
353950,PITANGUEIRAS,2026/Fev,124.0
353950,PITANGUEIRAS,2026/Mar,140.0
353950,PITANGUEIRAS,2026/Abr,139.0
353950,PITANGUEIRAS,2026/Mai,140.0
353950,PITANGUEIRAS,2026/Jun,114.0
354000,POMPEIA,2025/Jul,74.0
354000,POMPEIA,2025/Ago,72.0
354000,POMPEIA,2025/Set,83.0
354000,POMPEIA,2025/Out,66.0
354000,POMPEIA,2025/Nov,88.0
354000,POMPEIA,2025/Dez,27.0
354000,POMPEIA,2026/Jan,70.0
354000,POMPEIA,2026/Fev,73.0
354000,POMPEIA,2026/Mar,71.0
354000,POMPEIA,2026/Abr,58.0
354000,POMPEIA,2026/Mai,79.0
354000,POMPEIA,2026/Jun,75.0
354020,PONTAL,2025/Jul,123.0
354020,PONTAL,2025/Ago,111.0
354020,PONTAL,2025/Set,99.0
354020,PONTAL,2025/Out,77.0
354020,PONTAL,2025/Nov,175.0
354020,PONTAL,2025/Dez,132.0
354020,PONTAL,2026/Jan,87.0
354020,PONTAL,2026/Fev,127.0
354020,PONTAL,2026/Mar,158.0
354020,PONTAL,2026/Abr,151.0
354020,PONTAL,2026/Mai,87.0
354020,PONTAL,2026/Jun,87.0
354040,POPULINA,2025/Jul,18.0
354040,POPULINA,2025/Ago,10.0
354040,POPULINA,2025/Set,10.0
354040,POPULINA,2025/Out,12.0
354040,POPULINA,2025/Nov,11.0
354040,POPULINA,2025/Dez,13.0
354040,POPULINA,2026/Jan,19.0
354040,POPULINA,2026/Fev,22.0
354040,POPULINA,2026/Mar,12.0
354040,POPULINA,2026/Abr,9.0
354040,POPULINA,2026/Mai,9.0
354040,POPULINA,2026/Jun,14.0
354060,PORTO FELIZ,2025/Jul,472.0
354060,PORTO FELIZ,2025/Ago,472.0
354060,PORTO FELIZ,2025/Set,407.0
354060,PORTO FELIZ,2025/Out,375.0
354060,PORTO FELIZ,2025/Nov,323.0
354060,PORTO FELIZ,2025/Dez,287.0
354060,PORTO FELIZ,2026/Jan,342.0
354060,PORTO FELIZ,2026/Fev,329.0
354060,PORTO FELIZ,2026/Mar,395.0
354060,PORTO FELIZ,2026/Abr,327.0
354060,PORTO FELIZ,2026/Mai,354.0
354060,PORTO FELIZ,2026/Jun,340.0
354070,PORTO FERREIRA,2025/Jul,169.0
354070,PORTO FERREIRA,2025/Ago,189.0
354070,PORTO FERREIRA,2025/Set,235.0
354070,PORTO FERREIRA,2025/Out,257.0
354070,PORTO FERREIRA,2025/Nov,197.0
354070,PORTO FERREIRA,2025/Dez,197.0
354070,PORTO FERREIRA,2026/Jan,179.0
354070,PORTO FERREIRA,2026/Fev,177.0
354070,PORTO FERREIRA,2026/Mar,225.0
354070,PORTO FERREIRA,2026/Abr,194.0
354070,PORTO FERREIRA,2026/Mai,217.0
354070,PORTO FERREIRA,2026/Jun,222.0
354080,POTIRENDABA,2025/Jul,70.0
354080,POTIRENDABA,2025/Ago,110.0
354080,POTIRENDABA,2025/Set,62.0
354080,POTIRENDABA,2025/Out,65.0
354080,POTIRENDABA,2025/Nov,52.0
354080,POTIRENDABA,2025/Dez,56.0
354080,POTIRENDABA,2026/Jan,60.0
354080,POTIRENDABA,2026/Fev,46.0
354080,POTIRENDABA,2026/Mar,75.0
354080,POTIRENDABA,2026/Abr,78.0
354080,POTIRENDABA,2026/Mai,92.0
354080,POTIRENDABA,2026/Jun,110.0
354100,PRAIA GRANDE,2025/Jul,772.0
354100,PRAIA GRANDE,2025/Ago,769.0
354100,PRAIA GRANDE,2025/Set,961.0
354100,PRAIA GRANDE,2025/Out,1034.0
354100,PRAIA GRANDE,2025/Nov,943.0
354100,PRAIA GRANDE,2025/Dez,978.0
354100,PRAIA GRANDE,2026/Jan,897.0
354100,PRAIA GRANDE,2026/Fev,847.0
354100,PRAIA GRANDE,2026/Mar,957.0
354100,PRAIA GRANDE,2026/Abr,982.0
354100,PRAIA GRANDE,2026/Mai,1028.0
354100,PRAIA GRANDE,2026/Jun,1012.0
354120,PRESIDENTE BERNARDES,2025/Jul,121.0
354120,PRESIDENTE BERNARDES,2025/Ago,92.0
354120,PRESIDENTE BERNARDES,2025/Set,104.0
354120,PRESIDENTE BERNARDES,2025/Out,96.0
354120,PRESIDENTE BERNARDES,2025/Nov,101.0
354120,PRESIDENTE BERNARDES,2025/Dez,106.0
354120,PRESIDENTE BERNARDES,2026/Jan,99.0
354120,PRESIDENTE BERNARDES,2026/Fev,93.0
354120,PRESIDENTE BERNARDES,2026/Mar,96.0
354120,PRESIDENTE BERNARDES,2026/Abr,90.0
354120,PRESIDENTE BERNARDES,2026/Mai,126.0
354120,PRESIDENTE BERNARDES,2026/Jun,121.0
354130,PRESIDENTE EPITACIO,2025/Jul,298.0
354130,PRESIDENTE EPITACIO,2025/Ago,268.0
354130,PRESIDENTE EPITACIO,2025/Set,232.0
354130,PRESIDENTE EPITACIO,2025/Out,213.0
354130,PRESIDENTE EPITACIO,2025/Nov,226.0
354130,PRESIDENTE EPITACIO,2025/Dez,279.0
354130,PRESIDENTE EPITACIO,2026/Jan,246.0
354130,PRESIDENTE EPITACIO,2026/Fev,205.0
354130,PRESIDENTE EPITACIO,2026/Mar,268.0
354130,PRESIDENTE EPITACIO,2026/Abr,264.0
354130,PRESIDENTE EPITACIO,2026/Mai,255.0
354130,PRESIDENTE EPITACIO,2026/Jun,214.0
354140,PRESIDENTE PRUDENTE,2025/Jul,3676.0
354140,PRESIDENTE PRUDENTE,2025/Ago,3802.0
354140,PRESIDENTE PRUDENTE,2025/Set,3816.0
354140,PRESIDENTE PRUDENTE,2025/Out,3777.0
354140,PRESIDENTE PRUDENTE,2025/Nov,3522.0
354140,PRESIDENTE PRUDENTE,2025/Dez,3290.0
354140,PRESIDENTE PRUDENTE,2026/Jan,3635.0
354140,PRESIDENTE PRUDENTE,2026/Fev,3365.0
354140,PRESIDENTE PRUDENTE,2026/Mar,4081.0
354140,PRESIDENTE PRUDENTE,2026/Abr,3551.0
354140,PRESIDENTE PRUDENTE,2026/Mai,3947.0
354140,PRESIDENTE PRUDENTE,2026/Jun,3670.0
354150,PRESIDENTE VENCESLAU,2025/Jul,189.0
354150,PRESIDENTE VENCESLAU,2025/Ago,164.0
354150,PRESIDENTE VENCESLAU,2025/Set,194.0
354150,PRESIDENTE VENCESLAU,2025/Out,184.0
354150,PRESIDENTE VENCESLAU,2025/Nov,209.0
354150,PRESIDENTE VENCESLAU,2025/Dez,192.0
354150,PRESIDENTE VENCESLAU,2026/Jan,168.0
354150,PRESIDENTE VENCESLAU,2026/Fev,189.0
354150,PRESIDENTE VENCESLAU,2026/Mar,208.0
354150,PRESIDENTE VENCESLAU,2026/Abr,150.0
354150,PRESIDENTE VENCESLAU,2026/Mai,138.0
354150,PRESIDENTE VENCESLAU,2026/Jun,193.0
354160,PROMISSAO,2025/Jul,278.0
354160,PROMISSAO,2025/Ago,408.0
354160,PROMISSAO,2025/Set,315.0
354160,PROMISSAO,2025/Out,333.0
354160,PROMISSAO,2025/Nov,361.0
354160,PROMISSAO,2025/Dez,320.0
354160,PROMISSAO,2026/Jan,322.0
354160,PROMISSAO,2026/Fev,308.0
354160,PROMISSAO,2026/Mar,479.0
354160,PROMISSAO,2026/Abr,383.0
354160,PROMISSAO,2026/Mai,374.0
354160,PROMISSAO,2026/Jun,353.0
354190,QUELUZ,2025/Jul,11.0
354190,QUELUZ,2025/Ago,22.0
354190,QUELUZ,2025/Set,20.0
354190,QUELUZ,2025/Out,16.0
354190,QUELUZ,2025/Nov,10.0
354190,QUELUZ,2025/Dez,13.0
354190,QUELUZ,2026/Jan,19.0
354190,QUELUZ,2026/Fev,17.0
354190,QUELUZ,2026/Mar,17.0
354190,QUELUZ,2026/Abr,17.0
354220,RANCHARIA,2025/Jul,377.0
354220,RANCHARIA,2025/Ago,375.0
354220,RANCHARIA,2025/Set,371.0
354220,RANCHARIA,2025/Out,402.0
354220,RANCHARIA,2025/Nov,349.0
354220,RANCHARIA,2025/Dez,279.0
354220,RANCHARIA,2026/Jan,371.0
354220,RANCHARIA,2026/Fev,357.0
354220,RANCHARIA,2026/Mar,399.0
354220,RANCHARIA,2026/Abr,405.0
354220,RANCHARIA,2026/Mai,404.0
354220,RANCHARIA,2026/Jun,382.0
354240,REGENTE FEIJO,2025/Jul,79.0
354240,REGENTE FEIJO,2025/Ago,76.0
354240,REGENTE FEIJO,2025/Set,79.0
354240,REGENTE FEIJO,2025/Out,111.0
354240,REGENTE FEIJO,2025/Nov,58.0
354240,REGENTE FEIJO,2025/Dez,32.0
354240,REGENTE FEIJO,2026/Jan,101.0
354240,REGENTE FEIJO,2026/Fev,124.0
354240,REGENTE FEIJO,2026/Mar,92.0
354240,REGENTE FEIJO,2026/Abr,74.0
354240,REGENTE FEIJO,2026/Mai,83.0
354240,REGENTE FEIJO,2026/Jun,91.0
354260,REGISTRO,2025/Jul,915.0
354260,REGISTRO,2025/Ago,843.0
354260,REGISTRO,2025/Set,751.0
354260,REGISTRO,2025/Out,812.0
354260,REGISTRO,2025/Nov,505.0
354260,REGISTRO,2025/Dez,485.0
354260,REGISTRO,2026/Jan,555.0
354260,REGISTRO,2026/Fev,581.0
354260,REGISTRO,2026/Mar,943.0
354260,REGISTRO,2026/Abr,900.0
354260,REGISTRO,2026/Mai,917.0
354260,REGISTRO,2026/Jun,855.0
354290,RIBEIRAO BONITO,2025/Jul,31.0
354290,RIBEIRAO BONITO,2025/Ago,28.0
354290,RIBEIRAO BONITO,2025/Set,29.0
354290,RIBEIRAO BONITO,2025/Out,37.0
354290,RIBEIRAO BONITO,2025/Nov,49.0
354290,RIBEIRAO BONITO,2025/Dez,35.0
354290,RIBEIRAO BONITO,2026/Jan,28.0
354290,RIBEIRAO BONITO,2026/Fev,43.0
354290,RIBEIRAO BONITO,2026/Mar,51.0
354290,RIBEIRAO BONITO,2026/Abr,46.0
354290,RIBEIRAO BONITO,2026/Mai,39.0
354290,RIBEIRAO BONITO,2026/Jun,33.0
354300,RIBEIRAO BRANCO,2025/Jul,117.0
354300,RIBEIRAO BRANCO,2025/Ago,24.0
354300,RIBEIRAO BRANCO,2025/Set,20.0
354300,RIBEIRAO BRANCO,2025/Out,5.0
354300,RIBEIRAO BRANCO,2025/Nov,44.0
354300,RIBEIRAO BRANCO,2025/Dez,26.0
354300,RIBEIRAO BRANCO,2026/Jan,22.0
354300,RIBEIRAO BRANCO,2026/Fev,24.0
354300,RIBEIRAO BRANCO,2026/Mar,34.0
354300,RIBEIRAO BRANCO,2026/Abr,28.0
354300,RIBEIRAO BRANCO,2026/Mai,39.0
354300,RIBEIRAO BRANCO,2026/Jun,29.0
354330,RIBEIRAO PIRES,2025/Jul,134.0
354330,RIBEIRAO PIRES,2025/Ago,132.0
354330,RIBEIRAO PIRES,2025/Set,186.0
354330,RIBEIRAO PIRES,2025/Out,160.0
354330,RIBEIRAO PIRES,2025/Nov,177.0
354330,RIBEIRAO PIRES,2025/Dez,149.0
354330,RIBEIRAO PIRES,2026/Jan,165.0
354330,RIBEIRAO PIRES,2026/Fev,152.0
354330,RIBEIRAO PIRES,2026/Mar,146.0
354330,RIBEIRAO PIRES,2026/Abr,161.0
354330,RIBEIRAO PIRES,2026/Mai,163.0
354330,RIBEIRAO PIRES,2026/Jun,154.0
354340,RIBEIRAO PRETO,2025/Jul,7874.0
354340,RIBEIRAO PRETO,2025/Ago,8159.0
354340,RIBEIRAO PRETO,2025/Set,8314.0
354340,RIBEIRAO PRETO,2025/Out,8448.0
354340,RIBEIRAO PRETO,2025/Nov,8068.0
354340,RIBEIRAO PRETO,2025/Dez,7973.0
354340,RIBEIRAO PRETO,2026/Jan,7447.0
354340,RIBEIRAO PRETO,2026/Fev,6886.0
354340,RIBEIRAO PRETO,2026/Mar,7950.0
354340,RIBEIRAO PRETO,2026/Abr,7756.0
354340,RIBEIRAO PRETO,2026/Mai,7739.0
354340,RIBEIRAO PRETO,2026/Jun,7647.0
354380,RINOPOLIS,2025/Jul,22.0
354380,RINOPOLIS,2025/Ago,28.0
354380,RINOPOLIS,2025/Set,31.0
354380,RINOPOLIS,2025/Out,19.0
354380,RINOPOLIS,2025/Nov,22.0
354380,RINOPOLIS,2025/Dez,28.0
354380,RINOPOLIS,2026/Jan,24.0
354380,RINOPOLIS,2026/Fev,21.0
354380,RINOPOLIS,2026/Mar,21.0
354380,RINOPOLIS,2026/Abr,22.0
354380,RINOPOLIS,2026/Mai,23.0
354380,RINOPOLIS,2026/Jun,21.0
354390,RIO CLARO,2025/Jul,879.0
354390,RIO CLARO,2025/Ago,1049.0
354390,RIO CLARO,2025/Set,989.0
354390,RIO CLARO,2025/Out,978.0
354390,RIO CLARO,2025/Nov,929.0
354390,RIO CLARO,2025/Dez,1078.0
354390,RIO CLARO,2026/Jan,902.0
354390,RIO CLARO,2026/Fev,933.0
354390,RIO CLARO,2026/Mar,1160.0
354390,RIO CLARO,2026/Abr,1030.0
354390,RIO CLARO,2026/Mai,1169.0
354390,RIO CLARO,2026/Jun,1059.0
354400,RIO DAS PEDRAS,2025/Jul,78.0
354400,RIO DAS PEDRAS,2025/Ago,84.0
354400,RIO DAS PEDRAS,2025/Set,81.0
354400,RIO DAS PEDRAS,2025/Out,78.0
354400,RIO DAS PEDRAS,2025/Nov,77.0
354400,RIO DAS PEDRAS,2025/Dez,25.0
354400,RIO DAS PEDRAS,2026/Jan,112.0
354400,RIO DAS PEDRAS,2026/Fev,73.0
354400,RIO DAS PEDRAS,2026/Mar,82.0
354400,RIO DAS PEDRAS,2026/Abr,84.0
354400,RIO DAS PEDRAS,2026/Mai,79.0
354400,RIO DAS PEDRAS,2026/Jun,77.0
354420,RIOLANDIA,2025/Jul,21.0
354420,RIOLANDIA,2025/Ago,30.0
354420,RIOLANDIA,2025/Set,16.0
354420,RIOLANDIA,2025/Out,19.0
354420,RIOLANDIA,2025/Nov,19.0
354420,RIOLANDIA,2025/Dez,7.0
354420,RIOLANDIA,2026/Jan,15.0
354420,RIOLANDIA,2026/Fev,3.0
354420,RIOLANDIA,2026/Mar,11.0
354420,RIOLANDIA,2026/Abr,25.0
354420,RIOLANDIA,2026/Mai,27.0
354420,RIOLANDIA,2026/Jun,14.0
354425,ROSANA,2025/Jul,255.0
354425,ROSANA,2025/Ago,255.0
354425,ROSANA,2025/Set,321.0
354425,ROSANA,2025/Out,249.0
354425,ROSANA,2025/Nov,258.0
354425,ROSANA,2025/Dez,267.0
354425,ROSANA,2026/Jan,228.0
354425,ROSANA,2026/Fev,214.0
354425,ROSANA,2026/Mar,303.0
354425,ROSANA,2026/Abr,253.0
354425,ROSANA,2026/Mai,264.0
354425,ROSANA,2026/Jun,262.0
354490,SALES OLIVEIRA,2025/Jul,28.0
354490,SALES OLIVEIRA,2025/Ago,29.0
354490,SALES OLIVEIRA,2025/Set,25.0
354490,SALES OLIVEIRA,2025/Out,19.0
354490,SALES OLIVEIRA,2025/Nov,13.0
354490,SALES OLIVEIRA,2025/Dez,22.0
354490,SALES OLIVEIRA,2026/Jan,17.0
354490,SALES OLIVEIRA,2026/Fev,19.0
354490,SALES OLIVEIRA,2026/Mar,18.0
354490,SALES OLIVEIRA,2026/Abr,25.0
354490,SALES OLIVEIRA,2026/Mai,17.0
354500,SALESOPOLIS,2025/Jul,31.0
354500,SALESOPOLIS,2025/Ago,23.0
354500,SALESOPOLIS,2025/Set,34.0
354500,SALESOPOLIS,2025/Out,41.0
354500,SALESOPOLIS,2025/Nov,40.0
354500,SALESOPOLIS,2025/Dez,46.0
354500,SALESOPOLIS,2026/Jan,35.0
354500,SALESOPOLIS,2026/Fev,48.0
354500,SALESOPOLIS,2026/Mar,35.0
354500,SALESOPOLIS,2026/Abr,15.0
354500,SALESOPOLIS,2026/Mai,46.0
354500,SALESOPOLIS,2026/Jun,44.0
354520,SALTO,2025/Jul,580.0
354520,SALTO,2025/Ago,586.0
354520,SALTO,2025/Set,603.0
354520,SALTO,2025/Out,600.0
354520,SALTO,2025/Nov,548.0
354520,SALTO,2025/Dez,548.0
354520,SALTO,2026/Jan,565.0
354520,SALTO,2026/Fev,610.0
354520,SALTO,2026/Mar,603.0
354520,SALTO,2026/Abr,597.0
354520,SALTO,2026/Mai,626.0
354520,SALTO,2026/Jun,590.0
354530,SALTO DE PIRAPORA,2025/Jul,237.0
354530,SALTO DE PIRAPORA,2025/Ago,255.0
354530,SALTO DE PIRAPORA,2025/Set,271.0
354530,SALTO DE PIRAPORA,2025/Out,269.0
354530,SALTO DE PIRAPORA,2025/Nov,240.0
354530,SALTO DE PIRAPORA,2025/Dez,206.0
354530,SALTO DE PIRAPORA,2026/Jan,138.0
354530,SALTO DE PIRAPORA,2026/Fev,226.0
354530,SALTO DE PIRAPORA,2026/Mar,244.0
354530,SALTO DE PIRAPORA,2026/Abr,243.0
354530,SALTO DE PIRAPORA,2026/Mai,238.0
354530,SALTO DE PIRAPORA,2026/Jun,196.0
354540,SALTO GRANDE,2025/Jul,50.0
354540,SALTO GRANDE,2025/Ago,66.0
354540,SALTO GRANDE,2025/Set,69.0
354540,SALTO GRANDE,2025/Out,63.0
354540,SALTO GRANDE,2025/Nov,62.0
354540,SALTO GRANDE,2025/Dez,57.0
354540,SALTO GRANDE,2026/Jan,47.0
354540,SALTO GRANDE,2026/Fev,56.0
354540,SALTO GRANDE,2026/Mar,49.0
354540,SALTO GRANDE,2026/Abr,68.0
354540,SALTO GRANDE,2026/Mai,79.0
354540,SALTO GRANDE,2026/Jun,96.0
354560,SANTA ADELIA,2025/Jul,93.0
354560,SANTA ADELIA,2025/Ago,81.0
354560,SANTA ADELIA,2025/Set,98.0
354560,SANTA ADELIA,2025/Out,104.0
354560,SANTA ADELIA,2025/Nov,85.0
354560,SANTA ADELIA,2025/Dez,62.0
354560,SANTA ADELIA,2026/Jan,84.0
354560,SANTA ADELIA,2026/Fev,79.0
354560,SANTA ADELIA,2026/Mar,104.0
354560,SANTA ADELIA,2026/Abr,94.0
354560,SANTA ADELIA,2026/Mai,104.0
354560,SANTA ADELIA,2026/Jun,108.0
354580,SANTA BARBARA D'OESTE,2025/Jul,825.0
354580,SANTA BARBARA D'OESTE,2025/Ago,813.0
354580,SANTA BARBARA D'OESTE,2025/Set,744.0
354580,SANTA BARBARA D'OESTE,2025/Out,823.0
354580,SANTA BARBARA D'OESTE,2025/Nov,674.0
354580,SANTA BARBARA D'OESTE,2025/Dez,633.0
354580,SANTA BARBARA D'OESTE,2026/Jan,713.0
354580,SANTA BARBARA D'OESTE,2026/Fev,674.0
354580,SANTA BARBARA D'OESTE,2026/Mar,772.0
354580,SANTA BARBARA D'OESTE,2026/Abr,705.0
354580,SANTA BARBARA D'OESTE,2026/Mai,843.0
354580,SANTA BARBARA D'OESTE,2026/Jun,815.0
354630,SANTA CRUZ DAS PALMEIRAS,2025/Jul,112.0
354630,SANTA CRUZ DAS PALMEIRAS,2025/Ago,99.0
354630,SANTA CRUZ DAS PALMEIRAS,2025/Set,94.0
354630,SANTA CRUZ DAS PALMEIRAS,2025/Out,117.0
354630,SANTA CRUZ DAS PALMEIRAS,2025/Nov,93.0
354630,SANTA CRUZ DAS PALMEIRAS,2025/Dez,85.0
354630,SANTA CRUZ DAS PALMEIRAS,2026/Jan,117.0
354630,SANTA CRUZ DAS PALMEIRAS,2026/Fev,99.0
354630,SANTA CRUZ DAS PALMEIRAS,2026/Mar,96.0
354630,SANTA CRUZ DAS PALMEIRAS,2026/Abr,106.0
354630,SANTA CRUZ DAS PALMEIRAS,2026/Mai,121.0
354630,SANTA CRUZ DAS PALMEIRAS,2026/Jun,100.0
354640,SANTA CRUZ DO RIO PARDO,2025/Jul,421.0
354640,SANTA CRUZ DO RIO PARDO,2025/Ago,352.0
354640,SANTA CRUZ DO RIO PARDO,2025/Set,375.0
354640,SANTA CRUZ DO RIO PARDO,2025/Out,350.0
354640,SANTA CRUZ DO RIO PARDO,2025/Nov,335.0
354640,SANTA CRUZ DO RIO PARDO,2025/Dez,331.0
354640,SANTA CRUZ DO RIO PARDO,2026/Jan,283.0
354640,SANTA CRUZ DO RIO PARDO,2026/Fev,312.0
354640,SANTA CRUZ DO RIO PARDO,2026/Mar,339.0
354640,SANTA CRUZ DO RIO PARDO,2026/Abr,330.0
354640,SANTA CRUZ DO RIO PARDO,2026/Mai,356.0
354640,SANTA CRUZ DO RIO PARDO,2026/Jun,363.0
354660,SANTA FE DO SUL,2025/Jul,294.0
354660,SANTA FE DO SUL,2025/Ago,336.0
354660,SANTA FE DO SUL,2025/Set,293.0
354660,SANTA FE DO SUL,2025/Out,287.0
354660,SANTA FE DO SUL,2025/Nov,278.0
354660,SANTA FE DO SUL,2025/Dez,282.0
354660,SANTA FE DO SUL,2026/Jan,301.0
354660,SANTA FE DO SUL,2026/Fev,273.0
354660,SANTA FE DO SUL,2026/Mar,303.0
354660,SANTA FE DO SUL,2026/Abr,310.0
354660,SANTA FE DO SUL,2026/Mai,300.0
354660,SANTA FE DO SUL,2026/Jun,295.0
354680,SANTA ISABEL,2025/Jul,155.0
354680,SANTA ISABEL,2025/Ago,199.0
354680,SANTA ISABEL,2025/Set,178.0
354680,SANTA ISABEL,2025/Out,172.0
354680,SANTA ISABEL,2025/Nov,168.0
354680,SANTA ISABEL,2025/Dez,184.0
354680,SANTA ISABEL,2026/Jan,168.0
354680,SANTA ISABEL,2026/Fev,156.0
354680,SANTA ISABEL,2026/Mar,186.0
354680,SANTA ISABEL,2026/Abr,137.0
354680,SANTA ISABEL,2026/Mai,177.0
354680,SANTA ISABEL,2026/Jun,179.0
354730,SANTANA DE PARNAIBA,2025/Jul,370.0
354730,SANTANA DE PARNAIBA,2025/Ago,405.0
354730,SANTANA DE PARNAIBA,2025/Set,343.0
354730,SANTANA DE PARNAIBA,2025/Out,324.0
354730,SANTANA DE PARNAIBA,2025/Nov,314.0
354730,SANTANA DE PARNAIBA,2025/Dez,190.0
354730,SANTANA DE PARNAIBA,2026/Jan,398.0
354730,SANTANA DE PARNAIBA,2026/Fev,330.0
354730,SANTANA DE PARNAIBA,2026/Mar,77.0
354730,SANTANA DE PARNAIBA,2026/Abr,536.0
354730,SANTANA DE PARNAIBA,2026/Mai,462.0
354730,SANTANA DE PARNAIBA,2026/Jun,232.0
354750,SANTA RITA DO PASSA QUATRO,2025/Jul,154.0
354750,SANTA RITA DO PASSA QUATRO,2025/Ago,140.0
354750,SANTA RITA DO PASSA QUATRO,2025/Set,126.0
354750,SANTA RITA DO PASSA QUATRO,2025/Out,150.0
354750,SANTA RITA DO PASSA QUATRO,2025/Nov,143.0
354750,SANTA RITA DO PASSA QUATRO,2025/Dez,107.0
354750,SANTA RITA DO PASSA QUATRO,2026/Jan,144.0
354750,SANTA RITA DO PASSA QUATRO,2026/Fev,109.0
354750,SANTA RITA DO PASSA QUATRO,2026/Mar,175.0
354750,SANTA RITA DO PASSA QUATRO,2026/Abr,135.0
354750,SANTA RITA DO PASSA QUATRO,2026/Mai,148.0
354750,SANTA RITA DO PASSA QUATRO,2026/Jun,196.0
354760,SANTA ROSA DE VITERBO,2025/Jul,60.0
354760,SANTA ROSA DE VITERBO,2025/Ago,93.0
354760,SANTA ROSA DE VITERBO,2025/Set,88.0
354760,SANTA ROSA DE VITERBO,2025/Out,73.0
354760,SANTA ROSA DE VITERBO,2025/Nov,84.0
354760,SANTA ROSA DE VITERBO,2025/Dez,93.0
354760,SANTA ROSA DE VITERBO,2026/Jan,85.0
354760,SANTA ROSA DE VITERBO,2026/Fev,92.0
354760,SANTA ROSA DE VITERBO,2026/Mar,123.0
354760,SANTA ROSA DE VITERBO,2026/Abr,99.0
354760,SANTA ROSA DE VITERBO,2026/Mai,111.0
354760,SANTA ROSA DE VITERBO,2026/Jun,113.0
354770,SANTO ANASTACIO,2025/Jul,178.0
354770,SANTO ANASTACIO,2025/Ago,144.0
354770,SANTO ANASTACIO,2025/Set,185.0
354770,SANTO ANASTACIO,2025/Out,171.0
354770,SANTO ANASTACIO,2025/Nov,167.0
354770,SANTO ANASTACIO,2025/Dez,179.0
354770,SANTO ANASTACIO,2026/Jan,184.0
354770,SANTO ANASTACIO,2026/Fev,181.0
354770,SANTO ANASTACIO,2026/Mar,186.0
354770,SANTO ANASTACIO,2026/Abr,194.0
354770,SANTO ANASTACIO,2026/Mai,169.0
354770,SANTO ANASTACIO,2026/Jun,201.0
354780,SANTO ANDRE,2025/Jul,4102.0
354780,SANTO ANDRE,2025/Ago,3872.0
354780,SANTO ANDRE,2025/Set,3918.0
354780,SANTO ANDRE,2025/Out,3614.0
354780,SANTO ANDRE,2025/Nov,3580.0
354780,SANTO ANDRE,2025/Dez,2976.0
354780,SANTO ANDRE,2026/Jan,3404.0
354780,SANTO ANDRE,2026/Fev,2955.0
354780,SANTO ANDRE,2026/Mar,3542.0
354780,SANTO ANDRE,2026/Abr,4079.0
354780,SANTO ANDRE,2026/Mai,3616.0
354780,SANTO ANDRE,2026/Jun,4021.0
354790,SANTO ANTONIO DA ALEGRIA,2025/Jul,9.0
354790,SANTO ANTONIO DA ALEGRIA,2025/Ago,16.0
354790,SANTO ANTONIO DA ALEGRIA,2025/Set,13.0
354790,SANTO ANTONIO DA ALEGRIA,2025/Out,18.0
354790,SANTO ANTONIO DA ALEGRIA,2025/Nov,11.0
354790,SANTO ANTONIO DA ALEGRIA,2025/Dez,9.0
354790,SANTO ANTONIO DA ALEGRIA,2026/Jan,13.0
354790,SANTO ANTONIO DA ALEGRIA,2026/Fev,10.0
354790,SANTO ANTONIO DA ALEGRIA,2026/Mar,18.0
354790,SANTO ANTONIO DA ALEGRIA,2026/Abr,24.0
354790,SANTO ANTONIO DA ALEGRIA,2026/Mai,11.0
354790,SANTO ANTONIO DA ALEGRIA,2026/Jun,9.0
354850,SANTOS,2025/Jul,3046.0
354850,SANTOS,2025/Ago,2694.0
354850,SANTOS,2025/Set,3047.0
354850,SANTOS,2025/Out,2846.0
354850,SANTOS,2025/Nov,2688.0
354850,SANTOS,2025/Dez,2708.0
354850,SANTOS,2026/Jan,2659.0
354850,SANTOS,2026/Fev,2591.0
354850,SANTOS,2026/Mar,2785.0
354850,SANTOS,2026/Abr,2729.0
354850,SANTOS,2026/Mai,3106.0
354850,SANTOS,2026/Jun,3191.0
354860,SAO BENTO DO SAPUCAI,2025/Jul,63.0
354860,SAO BENTO DO SAPUCAI,2025/Ago,53.0
354860,SAO BENTO DO SAPUCAI,2025/Set,43.0
354860,SAO BENTO DO SAPUCAI,2025/Out,44.0
354860,SAO BENTO DO SAPUCAI,2025/Nov,40.0
354860,SAO BENTO DO SAPUCAI,2025/Dez,37.0
354860,SAO BENTO DO SAPUCAI,2026/Jan,44.0
354860,SAO BENTO DO SAPUCAI,2026/Fev,29.0
354860,SAO BENTO DO SAPUCAI,2026/Mar,27.0
354860,SAO BENTO DO SAPUCAI,2026/Abr,22.0
354860,SAO BENTO DO SAPUCAI,2026/Mai,57.0
354860,SAO BENTO DO SAPUCAI,2026/Jun,35.0
354870,SAO BERNARDO DO CAMPO,2025/Jul,3673.0
354870,SAO BERNARDO DO CAMPO,2025/Ago,3210.0
354870,SAO BERNARDO DO CAMPO,2025/Set,3597.0
354870,SAO BERNARDO DO CAMPO,2025/Out,3560.0
354870,SAO BERNARDO DO CAMPO,2025/Nov,3478.0
354870,SAO BERNARDO DO CAMPO,2025/Dez,2993.0
354870,SAO BERNARDO DO CAMPO,2026/Jan,3386.0
354870,SAO BERNARDO DO CAMPO,2026/Fev,3289.0
354870,SAO BERNARDO DO CAMPO,2026/Mar,3447.0
354870,SAO BERNARDO DO CAMPO,2026/Abr,3550.0
354870,SAO BERNARDO DO CAMPO,2026/Mai,3486.0
354870,SAO BERNARDO DO CAMPO,2026/Jun,3493.0
354880,SAO CAETANO DO SUL,2025/Jul,1240.0
354880,SAO CAETANO DO SUL,2025/Ago,1232.0
354880,SAO CAETANO DO SUL,2025/Set,1369.0
354880,SAO CAETANO DO SUL,2025/Out,1255.0
354880,SAO CAETANO DO SUL,2025/Nov,1251.0
354880,SAO CAETANO DO SUL,2025/Dez,1052.0
354880,SAO CAETANO DO SUL,2026/Jan,1050.0
354880,SAO CAETANO DO SUL,2026/Fev,1029.0
354880,SAO CAETANO DO SUL,2026/Mar,1470.0
354880,SAO CAETANO DO SUL,2026/Abr,1539.0
354880,SAO CAETANO DO SUL,2026/Mai,1320.0
354890,SAO CARLOS,2025/Jul,1859.0
354890,SAO CARLOS,2025/Ago,1688.0
354890,SAO CARLOS,2025/Set,1669.0
354890,SAO CARLOS,2025/Out,1864.0
354890,SAO CARLOS,2025/Nov,1802.0
354890,SAO CARLOS,2025/Dez,2010.0
354890,SAO CARLOS,2026/Jan,1822.0
354890,SAO CARLOS,2026/Fev,1694.0
354890,SAO CARLOS,2026/Mar,1786.0
354890,SAO CARLOS,2026/Abr,1763.0
354890,SAO CARLOS,2026/Mai,1782.0
354890,SAO CARLOS,2026/Jun,1889.0
354910,SAO JOAO DA BOA VISTA,2025/Jul,608.0
354910,SAO JOAO DA BOA VISTA,2025/Ago,566.0
354910,SAO JOAO DA BOA VISTA,2025/Set,553.0
354910,SAO JOAO DA BOA VISTA,2025/Out,546.0
354910,SAO JOAO DA BOA VISTA,2025/Nov,522.0
354910,SAO JOAO DA BOA VISTA,2025/Dez,504.0
354910,SAO JOAO DA BOA VISTA,2026/Jan,587.0
354910,SAO JOAO DA BOA VISTA,2026/Fev,625.0
354910,SAO JOAO DA BOA VISTA,2026/Mar,589.0
354910,SAO JOAO DA BOA VISTA,2026/Abr,572.0
354910,SAO JOAO DA BOA VISTA,2026/Mai,592.0
354910,SAO JOAO DA BOA VISTA,2026/Jun,545.0
354940,SAO JOAQUIM DA BARRA,2025/Jul,375.0
354940,SAO JOAQUIM DA BARRA,2025/Ago,368.0
354940,SAO JOAQUIM DA BARRA,2025/Set,340.0
354940,SAO JOAQUIM DA BARRA,2025/Out,323.0
354940,SAO JOAQUIM DA BARRA,2025/Nov,308.0
354940,SAO JOAQUIM DA BARRA,2025/Dez,283.0
354940,SAO JOAQUIM DA BARRA,2026/Jan,308.0
354940,SAO JOAQUIM DA BARRA,2026/Fev,258.0
354940,SAO JOAQUIM DA BARRA,2026/Mar,338.0
354940,SAO JOAQUIM DA BARRA,2026/Abr,366.0
354940,SAO JOAQUIM DA BARRA,2026/Mai,394.0
354940,SAO JOAQUIM DA BARRA,2026/Jun,361.0
354970,SAO JOSE DO RIO PARDO,2025/Jul,386.0
354970,SAO JOSE DO RIO PARDO,2025/Ago,357.0
354970,SAO JOSE DO RIO PARDO,2025/Set,342.0
354970,SAO JOSE DO RIO PARDO,2025/Out,419.0
354970,SAO JOSE DO RIO PARDO,2025/Nov,344.0
354970,SAO JOSE DO RIO PARDO,2025/Dez,342.0
354970,SAO JOSE DO RIO PARDO,2026/Jan,330.0
354970,SAO JOSE DO RIO PARDO,2026/Fev,328.0
354970,SAO JOSE DO RIO PARDO,2026/Mar,348.0
354970,SAO JOSE DO RIO PARDO,2026/Abr,363.0
354970,SAO JOSE DO RIO PARDO,2026/Mai,405.0
354970,SAO JOSE DO RIO PARDO,2026/Jun,370.0
354980,SAO JOSE DO RIO PRETO,2025/Jul,7694.0
354980,SAO JOSE DO RIO PRETO,2025/Ago,8154.0
354980,SAO JOSE DO RIO PRETO,2025/Set,8448.0
354980,SAO JOSE DO RIO PRETO,2025/Out,8163.0
354980,SAO JOSE DO RIO PRETO,2025/Nov,8185.0
354980,SAO JOSE DO RIO PRETO,2025/Dez,7479.0
354980,SAO JOSE DO RIO PRETO,2026/Jan,7690.0
354980,SAO JOSE DO RIO PRETO,2026/Fev,7553.0
354980,SAO JOSE DO RIO PRETO,2026/Mar,8085.0
354980,SAO JOSE DO RIO PRETO,2026/Abr,8051.0
354980,SAO JOSE DO RIO PRETO,2026/Mai,8338.0
354980,SAO JOSE DO RIO PRETO,2026/Jun,8128.0
354990,SAO JOSE DOS CAMPOS,2025/Jul,5340.0
354990,SAO JOSE DOS CAMPOS,2025/Ago,5162.0
354990,SAO JOSE DOS CAMPOS,2025/Set,4992.0
354990,SAO JOSE DOS CAMPOS,2025/Out,5000.0
354990,SAO JOSE DOS CAMPOS,2025/Nov,4554.0
354990,SAO JOSE DOS CAMPOS,2025/Dez,4444.0
354990,SAO JOSE DOS CAMPOS,2026/Jan,5063.0
354990,SAO JOSE DOS CAMPOS,2026/Fev,4682.0
354990,SAO JOSE DOS CAMPOS,2026/Mar,5047.0
354990,SAO JOSE DOS CAMPOS,2026/Abr,4701.0
354990,SAO JOSE DOS CAMPOS,2026/Mai,5454.0
354990,SAO JOSE DOS CAMPOS,2026/Jun,5355.0
355000,SAO LUIS DO PARAITINGA,2025/Jul,19.0
355000,SAO LUIS DO PARAITINGA,2025/Ago,16.0
355000,SAO LUIS DO PARAITINGA,2025/Set,16.0
355000,SAO LUIS DO PARAITINGA,2025/Out,18.0
355000,SAO LUIS DO PARAITINGA,2025/Nov,16.0
355000,SAO LUIS DO PARAITINGA,2025/Dez,12.0
355000,SAO LUIS DO PARAITINGA,2026/Jan,18.0
355000,SAO LUIS DO PARAITINGA,2026/Fev,18.0
355000,SAO LUIS DO PARAITINGA,2026/Mar,7.0
355010,SAO MANUEL,2025/Jul,172.0
355010,SAO MANUEL,2025/Ago,152.0
355010,SAO MANUEL,2025/Set,153.0
355010,SAO MANUEL,2025/Out,154.0
355010,SAO MANUEL,2025/Nov,144.0
355010,SAO MANUEL,2025/Dez,131.0
355010,SAO MANUEL,2026/Jan,86.0
355010,SAO MANUEL,2026/Fev,108.0
355010,SAO MANUEL,2026/Mar,112.0
355010,SAO MANUEL,2026/Abr,119.0
355010,SAO MANUEL,2026/Mai,158.0
355010,SAO MANUEL,2026/Jun,156.0
355020,SAO MIGUEL ARCANJO,2025/Jul,133.0
355020,SAO MIGUEL ARCANJO,2025/Ago,111.0
355020,SAO MIGUEL ARCANJO,2025/Set,98.0
355020,SAO MIGUEL ARCANJO,2025/Out,92.0
355020,SAO MIGUEL ARCANJO,2025/Nov,127.0
355020,SAO MIGUEL ARCANJO,2025/Dez,86.0
355020,SAO MIGUEL ARCANJO,2026/Jan,101.0
355020,SAO MIGUEL ARCANJO,2026/Fev,110.0
355020,SAO MIGUEL ARCANJO,2026/Mar,126.0
355020,SAO MIGUEL ARCANJO,2026/Abr,136.0
355020,SAO MIGUEL ARCANJO,2026/Mai,110.0
355020,SAO MIGUEL ARCANJO,2026/Jun,150.0
355030,SAO PAULO,2025/Jul,65416.0
355030,SAO PAULO,2025/Ago,64992.0
355030,SAO PAULO,2025/Set,63706.0
355030,SAO PAULO,2025/Out,65478.0
355030,SAO PAULO,2025/Nov,60993.0
355030,SAO PAULO,2025/Dez,57005.0
355030,SAO PAULO,2026/Jan,59211.0
355030,SAO PAULO,2026/Fev,58426.0
355030,SAO PAULO,2026/Mar,64714.0
355030,SAO PAULO,2026/Abr,63368.0
355030,SAO PAULO,2026/Mai,65419.0
355030,SAO PAULO,2026/Jun,62724.0
355040,SAO PEDRO,2025/Jul,379.0
355040,SAO PEDRO,2025/Ago,452.0
355040,SAO PEDRO,2025/Set,373.0
355040,SAO PEDRO,2025/Out,386.0
355040,SAO PEDRO,2025/Nov,377.0
355040,SAO PEDRO,2025/Dez,353.0
355040,SAO PEDRO,2026/Jan,347.0
355040,SAO PEDRO,2026/Fev,302.0
355040,SAO PEDRO,2026/Mar,370.0
355040,SAO PEDRO,2026/Abr,329.0
355040,SAO PEDRO,2026/Mai,428.0
355040,SAO PEDRO,2026/Jun,354.0
355060,SAO ROQUE,2025/Jul,302.0
355060,SAO ROQUE,2025/Ago,496.0
355060,SAO ROQUE,2025/Set,481.0
355060,SAO ROQUE,2025/Out,443.0
355060,SAO ROQUE,2025/Nov,402.0
355060,SAO ROQUE,2025/Dez,485.0
355060,SAO ROQUE,2026/Jan,442.0
355060,SAO ROQUE,2026/Fev,464.0
355060,SAO ROQUE,2026/Mar,270.0
355060,SAO ROQUE,2026/Abr,510.0
355060,SAO ROQUE,2026/Mai,503.0
355060,SAO ROQUE,2026/Jun,490.0
355070,SAO SEBASTIAO,2025/Jul,543.0
355070,SAO SEBASTIAO,2025/Ago,546.0
355070,SAO SEBASTIAO,2025/Set,499.0
355070,SAO SEBASTIAO,2025/Out,520.0
355070,SAO SEBASTIAO,2025/Nov,481.0
355070,SAO SEBASTIAO,2025/Dez,567.0
355070,SAO SEBASTIAO,2026/Jan,495.0
355070,SAO SEBASTIAO,2026/Fev,551.0
355070,SAO SEBASTIAO,2026/Mar,550.0
355070,SAO SEBASTIAO,2026/Abr,491.0
355070,SAO SEBASTIAO,2026/Mai,607.0
355070,SAO SEBASTIAO,2026/Jun,529.0
355080,SAO SEBASTIAO DA GRAMA,2025/Jul,66.0
355080,SAO SEBASTIAO DA GRAMA,2025/Ago,47.0
355080,SAO SEBASTIAO DA GRAMA,2025/Set,44.0
355080,SAO SEBASTIAO DA GRAMA,2025/Out,47.0
355080,SAO SEBASTIAO DA GRAMA,2025/Nov,55.0
355080,SAO SEBASTIAO DA GRAMA,2025/Dez,40.0
355080,SAO SEBASTIAO DA GRAMA,2026/Jan,42.0
355080,SAO SEBASTIAO DA GRAMA,2026/Fev,39.0
355080,SAO SEBASTIAO DA GRAMA,2026/Mar,53.0
355080,SAO SEBASTIAO DA GRAMA,2026/Abr,61.0
355080,SAO SEBASTIAO DA GRAMA,2026/Mai,40.0
355080,SAO SEBASTIAO DA GRAMA,2026/Jun,45.0
355090,SAO SIMAO,2025/Jul,38.0
355090,SAO SIMAO,2025/Ago,25.0
355090,SAO SIMAO,2025/Set,23.0
355090,SAO SIMAO,2025/Out,23.0
355090,SAO SIMAO,2025/Nov,27.0
355090,SAO SIMAO,2025/Dez,27.0
355090,SAO SIMAO,2026/Jan,25.0
355090,SAO SIMAO,2026/Fev,24.0
355090,SAO SIMAO,2026/Mar,20.0
355090,SAO SIMAO,2026/Abr,25.0
355090,SAO SIMAO,2026/Mai,26.0
355090,SAO SIMAO,2026/Jun,27.0
355100,SAO VICENTE,2025/Jul,1055.0
355100,SAO VICENTE,2025/Ago,962.0
355100,SAO VICENTE,2025/Set,911.0
355100,SAO VICENTE,2025/Out,719.0
355100,SAO VICENTE,2025/Nov,708.0
355100,SAO VICENTE,2025/Dez,672.0
355100,SAO VICENTE,2026/Jan,643.0
355100,SAO VICENTE,2026/Fev,716.0
355100,SAO VICENTE,2026/Mar,851.0
355100,SAO VICENTE,2026/Abr,761.0
355100,SAO VICENTE,2026/Mai,817.0
355100,SAO VICENTE,2026/Jun,753.0
355150,SERRANA,2025/Jul,313.0
355150,SERRANA,2025/Ago,347.0
355150,SERRANA,2025/Set,301.0
355150,SERRANA,2025/Out,356.0
355150,SERRANA,2025/Nov,281.0
355150,SERRANA,2025/Dez,218.0
355150,SERRANA,2026/Jan,268.0
355150,SERRANA,2026/Fev,253.0
355150,SERRANA,2026/Mar,301.0
355150,SERRANA,2026/Abr,279.0
355150,SERRANA,2026/Mai,291.0
355150,SERRANA,2026/Jun,285.0
355160,SERRA NEGRA,2025/Jul,197.0
355160,SERRA NEGRA,2025/Ago,204.0
355160,SERRA NEGRA,2025/Set,225.0
355160,SERRA NEGRA,2025/Out,252.0
355160,SERRA NEGRA,2025/Nov,190.0
355160,SERRA NEGRA,2025/Dez,170.0
355160,SERRA NEGRA,2026/Jan,184.0
355160,SERRA NEGRA,2026/Fev,242.0
355160,SERRA NEGRA,2026/Mar,231.0
355160,SERRA NEGRA,2026/Abr,267.0
355160,SERRA NEGRA,2026/Mai,248.0
355160,SERRA NEGRA,2026/Jun,225.0
355170,SERTAOZINHO,2025/Jul,598.0
355170,SERTAOZINHO,2025/Ago,563.0
355170,SERTAOZINHO,2025/Set,549.0
355170,SERTAOZINHO,2025/Out,620.0
355170,SERTAOZINHO,2025/Nov,527.0
355170,SERTAOZINHO,2025/Dez,464.0
355170,SERTAOZINHO,2026/Jan,564.0
355170,SERTAOZINHO,2026/Fev,520.0
355170,SERTAOZINHO,2026/Mar,666.0
355170,SERTAOZINHO,2026/Abr,571.0
355170,SERTAOZINHO,2026/Mai,667.0
355170,SERTAOZINHO,2026/Jun,602.0
355200,SILVEIRAS,2025/Jul,3.0
355200,SILVEIRAS,2025/Ago,1.0
355200,SILVEIRAS,2025/Out,2.0
355200,SILVEIRAS,2025/Nov,4.0
355200,SILVEIRAS,2025/Dez,3.0
355200,SILVEIRAS,2026/Mar,2.0
355200,SILVEIRAS,2026/Abr,4.0
355200,SILVEIRAS,2026/Mai,4.0
355200,SILVEIRAS,2026/Jun,3.0
355210,SOCORRO,2025/Jul,315.0
355210,SOCORRO,2025/Ago,384.0
355210,SOCORRO,2025/Set,294.0
355210,SOCORRO,2025/Out,243.0
355210,SOCORRO,2025/Nov,276.0
355210,SOCORRO,2025/Dez,386.0
355210,SOCORRO,2026/Jan,338.0
355210,SOCORRO,2026/Fev,231.0
355210,SOCORRO,2026/Mar,194.0
355210,SOCORRO,2026/Abr,309.0
355210,SOCORRO,2026/Mai,344.0
355210,SOCORRO,2026/Jun,283.0
355220,SOROCABA,2025/Jul,5286.0
355220,SOROCABA,2025/Ago,5324.0
355220,SOROCABA,2025/Set,5456.0
355220,SOROCABA,2025/Out,5267.0
355220,SOROCABA,2025/Nov,5015.0
355220,SOROCABA,2025/Dez,5166.0
355220,SOROCABA,2026/Jan,5008.0
355220,SOROCABA,2026/Fev,4736.0
355220,SOROCABA,2026/Mar,5095.0
355220,SOROCABA,2026/Abr,5157.0
355220,SOROCABA,2026/Mai,5441.0
355220,SOROCABA,2026/Jun,5306.0
355230,SUD MENNUCCI,2025/Jul,31.0
355230,SUD MENNUCCI,2025/Ago,21.0
355230,SUD MENNUCCI,2025/Set,16.0
355230,SUD MENNUCCI,2025/Out,12.0
355230,SUD MENNUCCI,2025/Nov,13.0
355230,SUD MENNUCCI,2025/Dez,18.0
355230,SUD MENNUCCI,2026/Jan,20.0
355230,SUD MENNUCCI,2026/Fev,11.0
355230,SUD MENNUCCI,2026/Mar,18.0
355230,SUD MENNUCCI,2026/Abr,16.0
355230,SUD MENNUCCI,2026/Mai,11.0
355230,SUD MENNUCCI,2026/Jun,7.0
355240,SUMARE,2025/Jul,1097.0
355240,SUMARE,2025/Ago,1169.0
355240,SUMARE,2025/Set,1135.0
355240,SUMARE,2025/Out,1062.0
355240,SUMARE,2025/Nov,1075.0
355240,SUMARE,2025/Dez,1008.0
355240,SUMARE,2026/Jan,1005.0
355240,SUMARE,2026/Fev,979.0
355240,SUMARE,2026/Mar,1040.0
355240,SUMARE,2026/Abr,1087.0
355240,SUMARE,2026/Mai,1150.0
355240,SUMARE,2026/Jun,997.0
355250,SUZANO,2025/Jul,808.0
355250,SUZANO,2025/Ago,750.0
355250,SUZANO,2025/Set,747.0
355250,SUZANO,2025/Out,773.0
355250,SUZANO,2025/Nov,769.0
355250,SUZANO,2025/Dez,710.0
355250,SUZANO,2026/Jan,763.0
355250,SUZANO,2026/Fev,691.0
355250,SUZANO,2026/Mar,760.0
355250,SUZANO,2026/Abr,230.0
355250,SUZANO,2026/Mai,764.0
355250,SUZANO,2026/Jun,661.0
355260,TABAPUA,2025/Jul,77.0
355260,TABAPUA,2025/Ago,62.0
355260,TABAPUA,2025/Set,82.0
355260,TABAPUA,2025/Out,73.0
355260,TABAPUA,2025/Nov,67.0
355260,TABAPUA,2025/Dez,86.0
355260,TABAPUA,2026/Jan,88.0
355260,TABAPUA,2026/Fev,83.0
355260,TABAPUA,2026/Mar,84.0
355260,TABAPUA,2026/Abr,116.0
355260,TABAPUA,2026/Mai,106.0
355260,TABAPUA,2026/Jun,95.0
355270,TABATINGA,2025/Jul,71.0
355270,TABATINGA,2025/Ago,118.0
355270,TABATINGA,2025/Set,62.0
355270,TABATINGA,2025/Out,74.0
355270,TABATINGA,2025/Nov,60.0
355270,TABATINGA,2025/Dez,81.0
355270,TABATINGA,2026/Jan,52.0
355270,TABATINGA,2026/Fev,77.0
355270,TABATINGA,2026/Mar,75.0
355270,TABATINGA,2026/Abr,88.0
355270,TABATINGA,2026/Mai,77.0
355270,TABATINGA,2026/Jun,70.0
355280,TABOAO DA SERRA,2025/Jul,1868.0
355280,TABOAO DA SERRA,2025/Ago,1731.0
355280,TABOAO DA SERRA,2025/Set,1932.0
355280,TABOAO DA SERRA,2025/Out,1733.0
355280,TABOAO DA SERRA,2025/Nov,1481.0
355280,TABOAO DA SERRA,2025/Dez,1436.0
355280,TABOAO DA SERRA,2026/Jan,1549.0
355280,TABOAO DA SERRA,2026/Fev,1461.0
355280,TABOAO DA SERRA,2026/Mar,1736.0
355280,TABOAO DA SERRA,2026/Abr,1718.0
355280,TABOAO DA SERRA,2026/Mai,1758.0
355280,TABOAO DA SERRA,2026/Jun,1882.0
355300,TAGUAI,2025/Jul,60.0
355300,TAGUAI,2025/Ago,61.0
355300,TAGUAI,2025/Set,49.0
355300,TAGUAI,2025/Out,49.0
355300,TAGUAI,2025/Nov,58.0
355300,TAGUAI,2025/Dez,42.0
355300,TAGUAI,2026/Jan,37.0
355300,TAGUAI,2026/Fev,43.0
355300,TAGUAI,2026/Mar,67.0
355300,TAGUAI,2026/Abr,62.0
355300,TAGUAI,2026/Mai,77.0
355300,TAGUAI,2026/Jun,66.0
355330,TAMBAU,2025/Jul,118.0
355330,TAMBAU,2025/Ago,119.0
355330,TAMBAU,2025/Set,90.0
355330,TAMBAU,2025/Out,91.0
355330,TAMBAU,2025/Nov,134.0
355330,TAMBAU,2025/Dez,111.0
355330,TAMBAU,2026/Jan,73.0
355330,TAMBAU,2026/Fev,58.0
355330,TAMBAU,2026/Mar,93.0
355330,TAMBAU,2026/Abr,90.0
355330,TAMBAU,2026/Mai,197.0
355330,TAMBAU,2026/Jun,102.0
355340,TANABI,2025/Jul,103.0
355340,TANABI,2025/Ago,98.0
355340,TANABI,2025/Set,134.0
355340,TANABI,2025/Out,144.0
355340,TANABI,2025/Nov,124.0
355340,TANABI,2025/Dez,123.0
355340,TANABI,2026/Jan,98.0
355340,TANABI,2026/Fev,115.0
355340,TANABI,2026/Mar,138.0
355340,TANABI,2026/Abr,153.0
355340,TANABI,2026/Mai,147.0
355340,TANABI,2026/Jun,112.0
355360,TAPIRATIBA,2025/Jul,32.0
355360,TAPIRATIBA,2025/Ago,29.0
355360,TAPIRATIBA,2025/Set,35.0
355360,TAPIRATIBA,2025/Out,28.0
355360,TAPIRATIBA,2025/Nov,28.0
355360,TAPIRATIBA,2025/Dez,37.0
355360,TAPIRATIBA,2026/Jan,29.0
355360,TAPIRATIBA,2026/Fev,29.0
355360,TAPIRATIBA,2026/Mar,35.0
355360,TAPIRATIBA,2026/Abr,34.0
355360,TAPIRATIBA,2026/Mai,41.0
355360,TAPIRATIBA,2026/Jun,38.0
355370,TAQUARITINGA,2025/Jul,380.0
355370,TAQUARITINGA,2025/Ago,384.0
355370,TAQUARITINGA,2025/Set,371.0
355370,TAQUARITINGA,2025/Out,351.0
355370,TAQUARITINGA,2025/Nov,331.0
355370,TAQUARITINGA,2025/Dez,340.0
355370,TAQUARITINGA,2026/Jan,342.0
355370,TAQUARITINGA,2026/Fev,282.0
355370,TAQUARITINGA,2026/Mar,340.0
355370,TAQUARITINGA,2026/Abr,469.0
355370,TAQUARITINGA,2026/Mai,428.0
355370,TAQUARITINGA,2026/Jun,413.0
355380,TAQUARITUBA,2025/Jul,184.0
355380,TAQUARITUBA,2025/Ago,175.0
355380,TAQUARITUBA,2025/Set,150.0
355380,TAQUARITUBA,2025/Out,191.0
355380,TAQUARITUBA,2025/Nov,170.0
355380,TAQUARITUBA,2025/Dez,141.0
355380,TAQUARITUBA,2026/Jan,138.0
355380,TAQUARITUBA,2026/Fev,134.0
355380,TAQUARITUBA,2026/Mar,160.0
355380,TAQUARITUBA,2026/Abr,263.0
355380,TAQUARITUBA,2026/Mai,216.0
355380,TAQUARITUBA,2026/Jun,254.0
355400,TATUI,2025/Jul,446.0
355400,TATUI,2025/Ago,390.0
355400,TATUI,2025/Set,407.0
355400,TATUI,2025/Out,436.0
355400,TATUI,2025/Nov,355.0
355400,TATUI,2025/Dez,362.0
355400,TATUI,2026/Jan,427.0
355400,TATUI,2026/Fev,445.0
355400,TATUI,2026/Mar,415.0
355400,TATUI,2026/Abr,453.0
355400,TATUI,2026/Mai,379.0
355400,TATUI,2026/Jun,458.0
355410,TAUBATE,2025/Jul,2145.0
355410,TAUBATE,2025/Ago,1851.0
355410,TAUBATE,2025/Set,1934.0
355410,TAUBATE,2025/Out,2090.0
355410,TAUBATE,2025/Nov,1769.0
355410,TAUBATE,2025/Dez,2204.0
355410,TAUBATE,2026/Jan,2040.0
355410,TAUBATE,2026/Fev,1777.0
355410,TAUBATE,2026/Mar,2188.0
355410,TAUBATE,2026/Abr,2016.0
355410,TAUBATE,2026/Mai,2422.0
355410,TAUBATE,2026/Jun,2181.0
355430,TEODORO SAMPAIO,2025/Jul,91.0
355430,TEODORO SAMPAIO,2025/Ago,127.0
355430,TEODORO SAMPAIO,2025/Set,104.0
355430,TEODORO SAMPAIO,2025/Out,97.0
355430,TEODORO SAMPAIO,2025/Nov,86.0
355430,TEODORO SAMPAIO,2025/Dez,90.0
355430,TEODORO SAMPAIO,2026/Jan,82.0
355430,TEODORO SAMPAIO,2026/Fev,88.0
355430,TEODORO SAMPAIO,2026/Mar,104.0
355430,TEODORO SAMPAIO,2026/Abr,122.0
355430,TEODORO SAMPAIO,2026/Mai,82.0
355430,TEODORO SAMPAIO,2026/Jun,72.0
355440,TERRA ROXA,2025/Ago,7.0
355440,TERRA ROXA,2025/Out,8.0
355440,TERRA ROXA,2025/Nov,5.0
355440,TERRA ROXA,2025/Dez,2.0
355440,TERRA ROXA,2026/Jan,2.0
355440,TERRA ROXA,2026/Fev,1.0
355440,TERRA ROXA,2026/Mar,2.0
355440,TERRA ROXA,2026/Abr,2.0
355440,TERRA ROXA,2026/Mai,4.0
355440,TERRA ROXA,2026/Jun,3.0
355450,TIETE,2025/Jul,175.0
355450,TIETE,2025/Ago,194.0
355450,TIETE,2025/Set,191.0
355450,TIETE,2025/Out,202.0
355450,TIETE,2025/Nov,186.0
355450,TIETE,2025/Dez,197.0
355450,TIETE,2026/Jan,174.0
355450,TIETE,2026/Fev,164.0
355450,TIETE,2026/Mar,166.0
355450,TIETE,2026/Abr,143.0
355450,TIETE,2026/Mai,154.0
355450,TIETE,2026/Jun,123.0
355470,TORRINHA,2025/Jul,6.0
355470,TORRINHA,2025/Ago,5.0
355470,TORRINHA,2025/Set,4.0
355470,TORRINHA,2025/Out,8.0
355470,TORRINHA,2025/Nov,8.0
355470,TORRINHA,2026/Jan,18.0
355470,TORRINHA,2026/Fev,4.0
355470,TORRINHA,2026/Mar,7.0
355470,TORRINHA,2026/Abr,6.0
355470,TORRINHA,2026/Mai,7.0
355470,TORRINHA,2026/Jun,12.0
355500,TUPA,2025/Jul,672.0
355500,TUPA,2025/Ago,688.0
355500,TUPA,2025/Set,648.0
355500,TUPA,2025/Out,709.0
355500,TUPA,2025/Nov,600.0
355500,TUPA,2025/Dez,618.0
355500,TUPA,2026/Jan,594.0
355500,TUPA,2026/Fev,638.0
355500,TUPA,2026/Mar,702.0
355500,TUPA,2026/Abr,706.0
355500,TUPA,2026/Mai,692.0
355500,TUPA,2026/Jun,633.0
355510,TUPI PAULISTA,2025/Jul,110.0
355510,TUPI PAULISTA,2025/Ago,116.0
355510,TUPI PAULISTA,2025/Set,119.0
355510,TUPI PAULISTA,2025/Out,109.0
355510,TUPI PAULISTA,2025/Nov,106.0
355510,TUPI PAULISTA,2025/Dez,103.0
355510,TUPI PAULISTA,2026/Jan,128.0
355510,TUPI PAULISTA,2026/Fev,107.0
355510,TUPI PAULISTA,2026/Mar,107.0
355510,TUPI PAULISTA,2026/Abr,120.0
355510,TUPI PAULISTA,2026/Mai,114.0
355510,TUPI PAULISTA,2026/Jun,119.0
355540,UBATUBA,2025/Jul,229.0
355540,UBATUBA,2025/Ago,495.0
355540,UBATUBA,2025/Set,451.0
355540,UBATUBA,2025/Out,446.0
355540,UBATUBA,2025/Nov,397.0
355540,UBATUBA,2025/Dez,256.0
355540,UBATUBA,2026/Jan,476.0
355540,UBATUBA,2026/Fev,494.0
355540,UBATUBA,2026/Mar,445.0
355540,UBATUBA,2026/Abr,275.0
355540,UBATUBA,2026/Mai,449.0
355540,UBATUBA,2026/Jun,398.0
355580,URANIA,2025/Jul,29.0
355580,URANIA,2025/Ago,29.0
355580,URANIA,2025/Set,28.0
355580,URANIA,2025/Out,24.0
355580,URANIA,2025/Nov,33.0
355580,URANIA,2025/Dez,23.0
355580,URANIA,2026/Jan,44.0
355580,URANIA,2026/Fev,49.0
355580,URANIA,2026/Mar,49.0
355580,URANIA,2026/Abr,47.0
355580,URANIA,2026/Mai,39.0
355580,URANIA,2026/Jun,42.0
355600,URUPES,2025/Jul,87.0
355600,URUPES,2025/Ago,90.0
355600,URUPES,2025/Set,79.0
355600,URUPES,2025/Out,90.0
355600,URUPES,2025/Nov,98.0
355600,URUPES,2025/Dez,115.0
355600,URUPES,2026/Jan,109.0
355600,URUPES,2026/Fev,120.0
355600,URUPES,2026/Mar,131.0
355600,URUPES,2026/Abr,110.0
355600,URUPES,2026/Mai,115.0
355600,URUPES,2026/Jun,119.0
355620,VALINHOS,2025/Jul,398.0
355620,VALINHOS,2025/Ago,390.0
355620,VALINHOS,2025/Set,382.0
355620,VALINHOS,2025/Out,429.0
355620,VALINHOS,2025/Nov,402.0
355620,VALINHOS,2025/Dez,378.0
355620,VALINHOS,2026/Jan,376.0
355620,VALINHOS,2026/Fev,392.0
355620,VALINHOS,2026/Mar,443.0
355620,VALINHOS,2026/Abr,431.0
355620,VALINHOS,2026/Mai,438.0
355620,VALINHOS,2026/Jun,403.0
355630,VALPARAISO,2025/Jul,77.0
355630,VALPARAISO,2025/Ago,72.0
355630,VALPARAISO,2025/Set,71.0
355630,VALPARAISO,2025/Out,72.0
355630,VALPARAISO,2025/Nov,74.0
355630,VALPARAISO,2025/Dez,76.0
355630,VALPARAISO,2026/Jan,62.0
355630,VALPARAISO,2026/Fev,82.0
355630,VALPARAISO,2026/Mar,105.0
355630,VALPARAISO,2026/Abr,100.0
355630,VALPARAISO,2026/Mai,147.0
355630,VALPARAISO,2026/Jun,155.0
355640,VARGEM GRANDE DO SUL,2025/Jul,209.0
355640,VARGEM GRANDE DO SUL,2025/Ago,196.0
355640,VARGEM GRANDE DO SUL,2025/Set,170.0
355640,VARGEM GRANDE DO SUL,2025/Out,174.0
355640,VARGEM GRANDE DO SUL,2025/Nov,173.0
355640,VARGEM GRANDE DO SUL,2025/Dez,212.0
355640,VARGEM GRANDE DO SUL,2026/Jan,138.0
355640,VARGEM GRANDE DO SUL,2026/Fev,164.0
355640,VARGEM GRANDE DO SUL,2026/Mar,168.0
355640,VARGEM GRANDE DO SUL,2026/Abr,150.0
355640,VARGEM GRANDE DO SUL,2026/Mai,207.0
355640,VARGEM GRANDE DO SUL,2026/Jun,216.0
355650,VARZEA PAULISTA,2025/Jul,68.0
355650,VARZEA PAULISTA,2025/Ago,66.0
355650,VARZEA PAULISTA,2025/Set,51.0
355650,VARZEA PAULISTA,2025/Out,57.0
355650,VARZEA PAULISTA,2025/Nov,70.0
355650,VARZEA PAULISTA,2025/Dez,55.0
355650,VARZEA PAULISTA,2026/Jan,59.0
355650,VARZEA PAULISTA,2026/Fev,47.0
355650,VARZEA PAULISTA,2026/Mar,72.0
355650,VARZEA PAULISTA,2026/Abr,50.0
355650,VARZEA PAULISTA,2026/Mai,55.0
355650,VARZEA PAULISTA,2026/Jun,67.0
355670,VINHEDO,2025/Jul,481.0
355670,VINHEDO,2025/Ago,473.0
355670,VINHEDO,2025/Set,505.0
355670,VINHEDO,2025/Out,507.0
355670,VINHEDO,2025/Nov,449.0
355670,VINHEDO,2025/Dez,416.0
355670,VINHEDO,2026/Jan,434.0
355670,VINHEDO,2026/Fev,442.0
355670,VINHEDO,2026/Mar,475.0
355670,VINHEDO,2026/Abr,444.0
355670,VINHEDO,2026/Mai,486.0
355670,VINHEDO,2026/Jun,479.0
355680,VIRADOURO,2025/Jul,39.0
355680,VIRADOURO,2025/Ago,32.0
355680,VIRADOURO,2025/Set,33.0
355680,VIRADOURO,2025/Out,30.0
355680,VIRADOURO,2025/Nov,38.0
355680,VIRADOURO,2025/Dez,35.0
355680,VIRADOURO,2026/Jan,33.0
355680,VIRADOURO,2026/Fev,34.0
355680,VIRADOURO,2026/Mar,34.0
355680,VIRADOURO,2026/Abr,31.0
355680,VIRADOURO,2026/Mai,42.0
355680,VIRADOURO,2026/Jun,41.0
355700,VOTORANTIM,2025/Jul,328.0
355700,VOTORANTIM,2025/Ago,318.0
355700,VOTORANTIM,2025/Set,300.0
355700,VOTORANTIM,2025/Out,469.0
355700,VOTORANTIM,2025/Nov,354.0
355700,VOTORANTIM,2025/Dez,346.0
355700,VOTORANTIM,2026/Jan,285.0
355700,VOTORANTIM,2026/Fev,263.0
355700,VOTORANTIM,2026/Mar,352.0
355700,VOTORANTIM,2026/Abr,270.0
355700,VOTORANTIM,2026/Mai,301.0
355700,VOTORANTIM,2026/Jun,301.0
355710,VOTUPORANGA,2025/Jul,983.0
355710,VOTUPORANGA,2025/Ago,972.0
355710,VOTUPORANGA,2025/Set,1041.0
355710,VOTUPORANGA,2025/Out,1038.0
355710,VOTUPORANGA,2025/Nov,945.0
355710,VOTUPORANGA,2025/Dez,978.0
355710,VOTUPORANGA,2026/Jan,1095.0
355710,VOTUPORANGA,2026/Fev,914.0
355710,VOTUPORANGA,2026/Mar,912.0
355710,VOTUPORANGA,2026/Abr,937.0
355710,VOTUPORANGA,2026/Mai,954.0
355710,VOTUPORANGA,2026/Jun,893.0
355720,CHAVANTES,2025/Jul,98.0
355720,CHAVANTES,2025/Ago,103.0
355720,CHAVANTES,2025/Set,94.0
355720,CHAVANTES,2025/Out,100.0
355720,CHAVANTES,2025/Nov,92.0
355720,CHAVANTES,2025/Dez,91.0
355720,CHAVANTES,2026/Jan,86.0
355720,CHAVANTES,2026/Fev,108.0
355720,CHAVANTES,2026/Mar,119.0
355720,CHAVANTES,2026/Abr,139.0
355720,CHAVANTES,2026/Mai,108.0
355720,CHAVANTES,2026/Jun,97.0
