codigo,municipio,capitulo_cid10,internacoes
350010,ADAMANTINA,Cap 01,390.0
350010,ADAMANTINA,Cap 02,359.0
350010,ADAMANTINA,Cap 03,63.0
350010,ADAMANTINA,Cap 04,87.0
350010,ADAMANTINA,Cap 05,867.0
350010,ADAMANTINA,Cap 06,60.0
350010,ADAMANTINA,Cap 07,1.0
350010,ADAMANTINA,Cap 08,5.0
350010,ADAMANTINA,Cap 09,596.0
350010,ADAMANTINA,Cap 10,364.0
350010,ADAMANTINA,Cap 11,644.0
350010,ADAMANTINA,Cap 12,124.0
350010,ADAMANTINA,Cap 13,114.0
350010,ADAMANTINA,Cap 14,312.0
350010,ADAMANTINA,Cap 15,573.0
350010,ADAMANTINA,Cap 16,47.0
350010,ADAMANTINA,Cap 17,10.0
350010,ADAMANTINA,Cap 18,59.0
350010,ADAMANTINA,Cap 19,547.0
350010,ADAMANTINA,Cap 21,138.0
350030,AGUAI,Cap 01,17.0
350030,AGUAI,Cap 02,1.0
350030,AGUAI,Cap 03,2.0
350030,AGUAI,Cap 04,19.0
350030,AGUAI,Cap 05,2.0
350030,AGUAI,Cap 06,4.0
350030,AGUAI,Cap 08,1.0
350030,AGUAI,Cap 09,59.0
350030,AGUAI,Cap 10,164.0
350030,AGUAI,Cap 11,8.0
350030,AGUAI,Cap 12,19.0
350030,AGUAI,Cap 13,6.0
350030,AGUAI,Cap 14,103.0
350030,AGUAI,Cap 18,1.0
350030,AGUAI,Cap 21,3.0
350050,AGUAS DE LINDOIA,Cap 01,105.0
350050,AGUAS DE LINDOIA,Cap 02,29.0
350050,AGUAS DE LINDOIA,Cap 03,28.0
350050,AGUAS DE LINDOIA,Cap 04,10.0
350050,AGUAS DE LINDOIA,Cap 05,62.0
350050,AGUAS DE LINDOIA,Cap 06,8.0
350050,AGUAS DE LINDOIA,Cap 07,1.0
350050,AGUAS DE LINDOIA,Cap 08,1.0
350050,AGUAS DE LINDOIA,Cap 09,161.0
350050,AGUAS DE LINDOIA,Cap 10,212.0
350050,AGUAS DE LINDOIA,Cap 11,126.0
350050,AGUAS DE LINDOIA,Cap 12,29.0
350050,AGUAS DE LINDOIA,Cap 13,8.0
350050,AGUAS DE LINDOIA,Cap 14,84.0
350050,AGUAS DE LINDOIA,Cap 15,166.0
350050,AGUAS DE LINDOIA,Cap 16,13.0
350050,AGUAS DE LINDOIA,Cap 17,2.0
350050,AGUAS DE LINDOIA,Cap 18,39.0
350050,AGUAS DE LINDOIA,Cap 19,127.0
350050,AGUAS DE LINDOIA,Cap 21,39.0
350070,AGUDOS,Cap 01,16.0
350070,AGUDOS,Cap 02,8.0
350070,AGUDOS,Cap 04,6.0
350070,AGUDOS,Cap 06,28.0
350070,AGUDOS,Cap 07,1.0
350070,AGUDOS,Cap 09,70.0
350070,AGUDOS,Cap 10,72.0
350070,AGUDOS,Cap 11,166.0
350070,AGUDOS,Cap 12,15.0
350070,AGUDOS,Cap 13,24.0
350070,AGUDOS,Cap 14,69.0
350070,AGUDOS,Cap 15,260.0
350070,AGUDOS,Cap 16,15.0
350070,AGUDOS,Cap 18,9.0
350070,AGUDOS,Cap 19,209.0
350070,AGUDOS,Cap 21,138.0
350100,ALTINOPOLIS,Cap 01,26.0
350100,ALTINOPOLIS,Cap 02,15.0
350100,ALTINOPOLIS,Cap 03,14.0
350100,ALTINOPOLIS,Cap 04,51.0
350100,ALTINOPOLIS,Cap 05,109.0
350100,ALTINOPOLIS,Cap 06,22.0
350100,ALTINOPOLIS,Cap 07,183.0
350100,ALTINOPOLIS,Cap 08,13.0
350100,ALTINOPOLIS,Cap 09,236.0
350100,ALTINOPOLIS,Cap 10,164.0
350100,ALTINOPOLIS,Cap 11,175.0
350100,ALTINOPOLIS,Cap 12,32.0
350100,ALTINOPOLIS,Cap 13,28.0
350100,ALTINOPOLIS,Cap 14,136.0
350100,ALTINOPOLIS,Cap 15,125.0
350100,ALTINOPOLIS,Cap 16,9.0
350100,ALTINOPOLIS,Cap 17,3.0
350100,ALTINOPOLIS,Cap 18,32.0
350100,ALTINOPOLIS,Cap 19,508.0
350110,ALTO ALEGRE,Cap 02,1.0
350110,ALTO ALEGRE,Cap 04,5.0
350110,ALTO ALEGRE,Cap 05,4.0
350110,ALTO ALEGRE,Cap 09,3.0
350110,ALTO ALEGRE,Cap 10,19.0
350110,ALTO ALEGRE,Cap 11,2.0
350110,ALTO ALEGRE,Cap 12,2.0
350110,ALTO ALEGRE,Cap 13,2.0
350110,ALTO ALEGRE,Cap 14,4.0
350110,ALTO ALEGRE,Cap 18,3.0
350130,ALVARES MACHADO,Cap 01,38.0
350130,ALVARES MACHADO,Cap 02,6.0
350130,ALVARES MACHADO,Cap 03,13.0
350130,ALVARES MACHADO,Cap 04,38.0
350130,ALVARES MACHADO,Cap 05,58.0
350130,ALVARES MACHADO,Cap 06,10.0
350130,ALVARES MACHADO,Cap 08,1.0
350130,ALVARES MACHADO,Cap 09,104.0
350130,ALVARES MACHADO,Cap 10,108.0
350130,ALVARES MACHADO,Cap 11,64.0
350130,ALVARES MACHADO,Cap 12,22.0
350130,ALVARES MACHADO,Cap 13,8.0
350130,ALVARES MACHADO,Cap 14,156.0
350130,ALVARES MACHADO,Cap 18,51.0
350130,ALVARES MACHADO,Cap 19,55.0
350160,AMERICANA,Cap 01,314.0
350160,AMERICANA,Cap 02,715.0
350160,AMERICANA,Cap 03,54.0
350160,AMERICANA,Cap 04,183.0
350160,AMERICANA,Cap 05,354.0
350160,AMERICANA,Cap 06,87.0
350160,AMERICANA,Cap 07,103.0
350160,AMERICANA,Cap 08,15.0
350160,AMERICANA,Cap 09,1032.0
350160,AMERICANA,Cap 10,826.0
350160,AMERICANA,Cap 11,1294.0
350160,AMERICANA,Cap 12,265.0
350160,AMERICANA,Cap 13,79.0
350160,AMERICANA,Cap 14,836.0
350160,AMERICANA,Cap 15,1327.0
350160,AMERICANA,Cap 16,210.0
350160,AMERICANA,Cap 17,62.0
350160,AMERICANA,Cap 18,191.0
350160,AMERICANA,Cap 19,1185.0
350160,AMERICANA,Cap 21,243.0
350170,AMERICO BRASILIENSE,Cap 01,358.0
350170,AMERICO BRASILIENSE,Cap 02,219.0
350170,AMERICO BRASILIENSE,Cap 03,91.0
350170,AMERICO BRASILIENSE,Cap 04,208.0
350170,AMERICO BRASILIENSE,Cap 05,61.0
350170,AMERICO BRASILIENSE,Cap 06,118.0
350170,AMERICO BRASILIENSE,Cap 07,1916.0
350170,AMERICO BRASILIENSE,Cap 08,59.0
350170,AMERICO BRASILIENSE,Cap 09,530.0
350170,AMERICO BRASILIENSE,Cap 10,868.0
350170,AMERICO BRASILIENSE,Cap 11,1082.0
350170,AMERICO BRASILIENSE,Cap 12,114.0
350170,AMERICO BRASILIENSE,Cap 13,169.0
350170,AMERICO BRASILIENSE,Cap 14,768.0
350170,AMERICO BRASILIENSE,Cap 15,1.0
350170,AMERICO BRASILIENSE,Cap 17,22.0
350170,AMERICO BRASILIENSE,Cap 18,57.0
350170,AMERICO BRASILIENSE,Cap 19,88.0
350170,AMERICO BRASILIENSE,Cap 21,21.0
350190,AMPARO,Cap 01,150.0
350190,AMPARO,Cap 02,95.0
350190,AMPARO,Cap 03,138.0
350190,AMPARO,Cap 04,104.0
350190,AMPARO,Cap 05,1121.0
350190,AMPARO,Cap 06,79.0
350190,AMPARO,Cap 07,177.0
350190,AMPARO,Cap 08,4.0
350190,AMPARO,Cap 09,351.0
350190,AMPARO,Cap 10,316.0
350190,AMPARO,Cap 11,405.0
350190,AMPARO,Cap 12,60.0
350190,AMPARO,Cap 13,108.0
350190,AMPARO,Cap 14,214.0
350190,AMPARO,Cap 15,591.0
350190,AMPARO,Cap 16,50.0
350190,AMPARO,Cap 17,4.0
350190,AMPARO,Cap 18,60.0
350190,AMPARO,Cap 19,543.0
350190,AMPARO,Cap 21,33.0
350210,ANDRADINA,Cap 01,218.0
350210,ANDRADINA,Cap 02,122.0
350210,ANDRADINA,Cap 03,83.0
350210,ANDRADINA,Cap 04,69.0
350210,ANDRADINA,Cap 05,23.0
350210,ANDRADINA,Cap 06,170.0
350210,ANDRADINA,Cap 08,2.0
350210,ANDRADINA,Cap 09,407.0
350210,ANDRADINA,Cap 10,396.0
350210,ANDRADINA,Cap 11,449.0
350210,ANDRADINA,Cap 12,72.0
350210,ANDRADINA,Cap 13,108.0
350210,ANDRADINA,Cap 14,365.0
350210,ANDRADINA,Cap 15,455.0
350210,ANDRADINA,Cap 16,40.0
350210,ANDRADINA,Cap 17,2.0
350210,ANDRADINA,Cap 18,102.0
350210,ANDRADINA,Cap 19,123.0
350210,ANDRADINA,Cap 21,146.0
350220,ANGATUBA,Cap 01,53.0
350220,ANGATUBA,Cap 02,41.0
350220,ANGATUBA,Cap 03,50.0
350220,ANGATUBA,Cap 04,58.0
350220,ANGATUBA,Cap 05,36.0
350220,ANGATUBA,Cap 06,22.0
350220,ANGATUBA,Cap 07,2.0
350220,ANGATUBA,Cap 08,3.0
350220,ANGATUBA,Cap 09,189.0
350220,ANGATUBA,Cap 10,312.0
350220,ANGATUBA,Cap 11,146.0
350220,ANGATUBA,Cap 12,52.0
350220,ANGATUBA,Cap 13,15.0
350220,ANGATUBA,Cap 14,129.0
350220,ANGATUBA,Cap 15,329.0
350220,ANGATUBA,Cap 16,21.0
350220,ANGATUBA,Cap 17,1.0
350220,ANGATUBA,Cap 18,88.0
350220,ANGATUBA,Cap 19,172.0
350220,ANGATUBA,Cap 21,83.0
350250,APARECIDA,Cap 01,272.0
350250,APARECIDA,Cap 02,474.0
350250,APARECIDA,Cap 03,48.0
350250,APARECIDA,Cap 04,62.0
350250,APARECIDA,Cap 05,6.0
350250,APARECIDA,Cap 06,125.0
350250,APARECIDA,Cap 07,542.0
350250,APARECIDA,Cap 08,2.0
350250,APARECIDA,Cap 09,695.0
350250,APARECIDA,Cap 10,436.0
350250,APARECIDA,Cap 11,505.0
350250,APARECIDA,Cap 12,198.0
350250,APARECIDA,Cap 13,113.0
350250,APARECIDA,Cap 14,1091.0
350250,APARECIDA,Cap 16,7.0
350250,APARECIDA,Cap 17,4.0
350250,APARECIDA,Cap 18,17.0
350250,APARECIDA,Cap 19,412.0
350250,APARECIDA,Cap 21,136.0
350260,APARECIDA D'OESTE,Cap 01,20.0
350260,APARECIDA D'OESTE,Cap 03,5.0
350260,APARECIDA D'OESTE,Cap 04,9.0
350260,APARECIDA D'OESTE,Cap 05,1.0
350260,APARECIDA D'OESTE,Cap 06,1.0
350260,APARECIDA D'OESTE,Cap 09,4.0
350260,APARECIDA D'OESTE,Cap 10,31.0
350260,APARECIDA D'OESTE,Cap 12,2.0
350260,APARECIDA D'OESTE,Cap 13,4.0
350260,APARECIDA D'OESTE,Cap 14,9.0
350260,APARECIDA D'OESTE,Cap 18,3.0
350270,APIAI,Cap 01,95.0
350270,APIAI,Cap 02,40.0
350270,APIAI,Cap 03,78.0
350270,APIAI,Cap 04,65.0
350270,APIAI,Cap 05,59.0
350270,APIAI,Cap 06,55.0
350270,APIAI,Cap 08,4.0
350270,APIAI,Cap 09,390.0
350270,APIAI,Cap 10,527.0
350270,APIAI,Cap 11,558.0
350270,APIAI,Cap 12,283.0
350270,APIAI,Cap 13,33.0
350270,APIAI,Cap 14,375.0
350270,APIAI,Cap 15,587.0
350270,APIAI,Cap 16,48.0
350270,APIAI,Cap 17,14.0
350270,APIAI,Cap 18,22.0
350270,APIAI,Cap 19,104.0
350270,APIAI,Cap 21,402.0
350280,ARACATUBA,Cap 01,472.0
350280,ARACATUBA,Cap 02,1552.0
350280,ARACATUBA,Cap 03,86.0
350280,ARACATUBA,Cap 04,176.0
350280,ARACATUBA,Cap 05,8.0
350280,ARACATUBA,Cap 06,601.0
350280,ARACATUBA,Cap 07,144.0
350280,ARACATUBA,Cap 08,46.0
350280,ARACATUBA,Cap 09,2143.0
350280,ARACATUBA,Cap 10,1391.0
350280,ARACATUBA,Cap 11,1353.0
350280,ARACATUBA,Cap 12,377.0
350280,ARACATUBA,Cap 13,358.0
350280,ARACATUBA,Cap 14,1063.0
350280,ARACATUBA,Cap 15,1342.0
350280,ARACATUBA,Cap 16,537.0
350280,ARACATUBA,Cap 17,83.0
350280,ARACATUBA,Cap 18,176.0
350280,ARACATUBA,Cap 19,2085.0
350280,ARACATUBA,Cap 21,38.0
350310,ARANDU,Cap 01,17.0
350310,ARANDU,Cap 03,4.0
350310,ARANDU,Cap 04,8.0
350310,ARANDU,Cap 09,18.0
350310,ARANDU,Cap 10,33.0
350310,ARANDU,Cap 11,1.0
350310,ARANDU,Cap 14,12.0
350320,ARARAQUARA,Cap 01,363.0
350320,ARARAQUARA,Cap 02,2723.0
350320,ARARAQUARA,Cap 03,161.0
350320,ARARAQUARA,Cap 04,260.0
350320,ARARAQUARA,Cap 05,586.0
350320,ARARAQUARA,Cap 06,516.0
350320,ARARAQUARA,Cap 07,747.0
350320,ARARAQUARA,Cap 08,17.0
350320,ARARAQUARA,Cap 09,2962.0
350320,ARARAQUARA,Cap 10,1022.0
350320,ARARAQUARA,Cap 11,1724.0
350320,ARARAQUARA,Cap 12,206.0
350320,ARARAQUARA,Cap 13,535.0
350320,ARARAQUARA,Cap 14,1010.0
350320,ARARAQUARA,Cap 15,2672.0
350320,ARARAQUARA,Cap 16,383.0
350320,ARARAQUARA,Cap 17,64.0
350320,ARARAQUARA,Cap 18,2916.0
350320,ARARAQUARA,Cap 19,1891.0
350320,ARARAQUARA,Cap 21,623.0
350330,ARARAS,Cap 01,292.0
350330,ARARAS,Cap 02,593.0
350330,ARARAS,Cap 03,28.0
350330,ARARAS,Cap 04,175.0
350330,ARARAS,Cap 05,35.0
350330,ARARAS,Cap 06,81.0
350330,ARARAS,Cap 07,23.0
350330,ARARAS,Cap 08,11.0
350330,ARARAS,Cap 09,1268.0
350330,ARARAS,Cap 10,850.0
350330,ARARAS,Cap 11,1123.0
350330,ARARAS,Cap 12,150.0
350330,ARARAS,Cap 13,85.0
350330,ARARAS,Cap 14,779.0
350330,ARARAS,Cap 15,1146.0
350330,ARARAS,Cap 16,277.0
350330,ARARAS,Cap 17,62.0
350330,ARARAS,Cap 18,138.0
350330,ARARAS,Cap 19,722.0
350330,ARARAS,Cap 21,212.0
350340,AREALVA,Cap 01,5.0
350340,AREALVA,Cap 02,10.0
350340,AREALVA,Cap 03,3.0
350340,AREALVA,Cap 04,3.0
350340,AREALVA,Cap 05,21.0
350340,AREALVA,Cap 06,6.0
350340,AREALVA,Cap 08,1.0
350340,AREALVA,Cap 09,28.0
350340,AREALVA,Cap 10,29.0
350340,AREALVA,Cap 11,22.0
350340,AREALVA,Cap 12,4.0
350340,AREALVA,Cap 13,3.0
350340,AREALVA,Cap 14,36.0
350340,AREALVA,Cap 15,23.0
350340,AREALVA,Cap 18,15.0
350340,AREALVA,Cap 19,48.0
350340,AREALVA,Cap 21,3.0
350400,ASSIS,Cap 01,495.0
350400,ASSIS,Cap 02,944.0
350400,ASSIS,Cap 03,110.0
350400,ASSIS,Cap 04,115.0
350400,ASSIS,Cap 05,341.0
350400,ASSIS,Cap 06,131.0
350400,ASSIS,Cap 07,1.0
350400,ASSIS,Cap 08,4.0
350400,ASSIS,Cap 09,1477.0
350400,ASSIS,Cap 10,840.0
350400,ASSIS,Cap 11,1541.0
350400,ASSIS,Cap 12,161.0
350400,ASSIS,Cap 13,205.0
350400,ASSIS,Cap 14,1182.0
350400,ASSIS,Cap 15,1560.0
350400,ASSIS,Cap 16,260.0
350400,ASSIS,Cap 17,48.0
350400,ASSIS,Cap 18,206.0
350400,ASSIS,Cap 19,1088.0
350400,ASSIS,Cap 21,310.0
350410,ATIBAIA,Cap 01,183.0
350410,ATIBAIA,Cap 02,122.0
350410,ATIBAIA,Cap 03,29.0
350410,ATIBAIA,Cap 04,80.0
350410,ATIBAIA,Cap 05,3.0
350410,ATIBAIA,Cap 06,24.0
350410,ATIBAIA,Cap 07,1.0
350410,ATIBAIA,Cap 08,9.0
350410,ATIBAIA,Cap 09,310.0
350410,ATIBAIA,Cap 10,592.0
350410,ATIBAIA,Cap 11,318.0
350410,ATIBAIA,Cap 12,106.0
350410,ATIBAIA,Cap 13,38.0
350410,ATIBAIA,Cap 14,538.0
350410,ATIBAIA,Cap 15,812.0
350410,ATIBAIA,Cap 16,42.0
350410,ATIBAIA,Cap 17,8.0
350410,ATIBAIA,Cap 18,107.0
350410,ATIBAIA,Cap 19,762.0
350410,ATIBAIA,Cap 21,303.0
350420,AURIFLAMA,Cap 01,32.0
350420,AURIFLAMA,Cap 02,262.0
350420,AURIFLAMA,Cap 03,37.0
350420,AURIFLAMA,Cap 04,135.0
350420,AURIFLAMA,Cap 09,52.0
350420,AURIFLAMA,Cap 10,234.0
350420,AURIFLAMA,Cap 11,631.0
350420,AURIFLAMA,Cap 12,54.0
350420,AURIFLAMA,Cap 13,1.0
350420,AURIFLAMA,Cap 14,254.0
350420,AURIFLAMA,Cap 15,94.0
350420,AURIFLAMA,Cap 16,2.0
350420,AURIFLAMA,Cap 18,450.0
350420,AURIFLAMA,Cap 19,12.0
350420,AURIFLAMA,Cap 21,442.0
350450,AVARE,Cap 01,298.0
350450,AVARE,Cap 02,201.0
350450,AVARE,Cap 03,6.0
350450,AVARE,Cap 04,84.0
350450,AVARE,Cap 05,6.0
350450,AVARE,Cap 06,186.0
350450,AVARE,Cap 09,883.0
350450,AVARE,Cap 10,366.0
350450,AVARE,Cap 11,1044.0
350450,AVARE,Cap 12,85.0
350450,AVARE,Cap 13,179.0
350450,AVARE,Cap 14,560.0
350450,AVARE,Cap 15,1286.0
350450,AVARE,Cap 16,106.0
350450,AVARE,Cap 17,11.0
350450,AVARE,Cap 18,195.0
350450,AVARE,Cap 19,1869.0
350450,AVARE,Cap 21,398.0
350520,BARIRI,Cap 01,180.0
350520,BARIRI,Cap 02,46.0
350520,BARIRI,Cap 03,32.0
350520,BARIRI,Cap 04,37.0
350520,BARIRI,Cap 05,96.0
350520,BARIRI,Cap 06,59.0
350520,BARIRI,Cap 08,2.0
350520,BARIRI,Cap 09,199.0
350520,BARIRI,Cap 10,309.0
350520,BARIRI,Cap 11,307.0
350520,BARIRI,Cap 12,23.0
350520,BARIRI,Cap 13,61.0
350520,BARIRI,Cap 14,144.0
350520,BARIRI,Cap 15,349.0
350520,BARIRI,Cap 16,1.0
350520,BARIRI,Cap 17,3.0
350520,BARIRI,Cap 18,36.0
350520,BARIRI,Cap 19,186.0
350520,BARIRI,Cap 21,27.0
350530,BARRA BONITA,Cap 01,87.0
350530,BARRA BONITA,Cap 02,14.0
350530,BARRA BONITA,Cap 03,42.0
350530,BARRA BONITA,Cap 04,33.0
350530,BARRA BONITA,Cap 05,2.0
350530,BARRA BONITA,Cap 06,28.0
350530,BARRA BONITA,Cap 08,4.0
350530,BARRA BONITA,Cap 09,244.0
350530,BARRA BONITA,Cap 10,346.0
350530,BARRA BONITA,Cap 11,327.0
350530,BARRA BONITA,Cap 12,71.0
350530,BARRA BONITA,Cap 13,21.0
350530,BARRA BONITA,Cap 14,172.0
350530,BARRA BONITA,Cap 15,194.0
350530,BARRA BONITA,Cap 16,22.0
350530,BARRA BONITA,Cap 17,1.0
350530,BARRA BONITA,Cap 18,29.0
350530,BARRA BONITA,Cap 19,265.0
350530,BARRA BONITA,Cap 21,34.0
350550,BARRETOS,Cap 01,983.0
350550,BARRETOS,Cap 02,15111.0
350550,BARRETOS,Cap 03,128.0
350550,BARRETOS,Cap 04,1650.0
350550,BARRETOS,Cap 05,538.0
350550,BARRETOS,Cap 06,372.0
350550,BARRETOS,Cap 07,63.0
350550,BARRETOS,Cap 08,50.0
350550,BARRETOS,Cap 09,2579.0
350550,BARRETOS,Cap 10,1385.0
350550,BARRETOS,Cap 11,1830.0
350550,BARRETOS,Cap 12,279.0
350550,BARRETOS,Cap 13,656.0
350550,BARRETOS,Cap 14,2377.0
350550,BARRETOS,Cap 15,1756.0
350550,BARRETOS,Cap 16,543.0
350550,BARRETOS,Cap 17,234.0
350550,BARRETOS,Cap 18,340.0
350550,BARRETOS,Cap 19,1594.0
350550,BARRETOS,Cap 21,290.0
350570,BARUERI,Cap 01,1246.0
350570,BARUERI,Cap 02,1207.0
350570,BARUERI,Cap 03,308.0
350570,BARUERI,Cap 04,562.0
350570,BARUERI,Cap 05,712.0
350570,BARUERI,Cap 06,485.0
350570,BARUERI,Cap 07,2490.0
350570,BARUERI,Cap 08,69.0
350570,BARUERI,Cap 09,4018.0
350570,BARUERI,Cap 10,4147.0
350570,BARUERI,Cap 11,6630.0
350570,BARUERI,Cap 12,2739.0
350570,BARUERI,Cap 13,637.0
350570,BARUERI,Cap 14,3822.0
350570,BARUERI,Cap 15,4898.0
350570,BARUERI,Cap 16,699.0
350570,BARUERI,Cap 17,172.0
350570,BARUERI,Cap 18,1328.0
350570,BARUERI,Cap 19,3526.0
350570,BARUERI,Cap 21,1402.0
350580,BASTOS,Cap 01,204.0
350580,BASTOS,Cap 02,3.0
350580,BASTOS,Cap 03,55.0
350580,BASTOS,Cap 04,97.0
350580,BASTOS,Cap 06,1.0
350580,BASTOS,Cap 08,1.0
350580,BASTOS,Cap 09,194.0
350580,BASTOS,Cap 10,241.0
350580,BASTOS,Cap 11,117.0
350580,BASTOS,Cap 12,1.0
350580,BASTOS,Cap 13,3.0
350580,BASTOS,Cap 14,172.0
350580,BASTOS,Cap 15,8.0
350580,BASTOS,Cap 16,8.0
350580,BASTOS,Cap 19,29.0
350580,BASTOS,Cap 21,14.0
350590,BATATAIS,Cap 01,196.0
350590,BATATAIS,Cap 02,93.0
350590,BATATAIS,Cap 03,34.0
350590,BATATAIS,Cap 04,112.0
350590,BATATAIS,Cap 05,8.0
350590,BATATAIS,Cap 06,39.0
350590,BATATAIS,Cap 07,23.0
350590,BATATAIS,Cap 08,3.0
350590,BATATAIS,Cap 09,272.0
350590,BATATAIS,Cap 10,525.0
350590,BATATAIS,Cap 11,439.0
350590,BATATAIS,Cap 12,70.0
350590,BATATAIS,Cap 13,138.0
350590,BATATAIS,Cap 14,133.0
350590,BATATAIS,Cap 15,425.0
350590,BATATAIS,Cap 16,20.0
350590,BATATAIS,Cap 17,1.0
350590,BATATAIS,Cap 18,181.0
350590,BATATAIS,Cap 19,708.0
350590,BATATAIS,Cap 21,248.0
350600,BAURU,Cap 01,1004.0
350600,BAURU,Cap 02,3851.0
350600,BAURU,Cap 03,191.0
350600,BAURU,Cap 04,519.0
350600,BAURU,Cap 05,361.0
350600,BAURU,Cap 06,408.0
350600,BAURU,Cap 07,1267.0
350600,BAURU,Cap 08,442.0
350600,BAURU,Cap 09,5600.0
350600,BAURU,Cap 10,3169.0
350600,BAURU,Cap 11,4865.0
350600,BAURU,Cap 12,1154.0
350600,BAURU,Cap 13,1111.0
350600,BAURU,Cap 14,4925.0
350600,BAURU,Cap 15,4158.0
350600,BAURU,Cap 16,1376.0
350600,BAURU,Cap 17,1958.0
350600,BAURU,Cap 18,1110.0
350600,BAURU,Cap 19,6007.0
350600,BAURU,Cap 21,847.0
350610,BEBEDOURO,Cap 01,215.0
350610,BEBEDOURO,Cap 02,173.0
350610,BEBEDOURO,Cap 03,82.0
350610,BEBEDOURO,Cap 04,192.0
350610,BEBEDOURO,Cap 05,28.0
350610,BEBEDOURO,Cap 06,106.0
350610,BEBEDOURO,Cap 07,27.0
350610,BEBEDOURO,Cap 08,13.0
350610,BEBEDOURO,Cap 09,730.0
350610,BEBEDOURO,Cap 10,891.0
350610,BEBEDOURO,Cap 11,1564.0
350610,BEBEDOURO,Cap 12,148.0
350610,BEBEDOURO,Cap 13,490.0
350610,BEBEDOURO,Cap 14,960.0
350610,BEBEDOURO,Cap 15,767.0
350610,BEBEDOURO,Cap 16,173.0
350610,BEBEDOURO,Cap 17,42.0
350610,BEBEDOURO,Cap 18,382.0
350610,BEBEDOURO,Cap 19,951.0
350610,BEBEDOURO,Cap 21,513.0
350630,BERNARDINO DE CAMPOS,Cap 01,72.0
350630,BERNARDINO DE CAMPOS,Cap 02,18.0
350630,BERNARDINO DE CAMPOS,Cap 03,19.0
350630,BERNARDINO DE CAMPOS,Cap 04,27.0
350630,BERNARDINO DE CAMPOS,Cap 05,75.0
350630,BERNARDINO DE CAMPOS,Cap 06,14.0
350630,BERNARDINO DE CAMPOS,Cap 08,1.0
350630,BERNARDINO DE CAMPOS,Cap 09,87.0
350630,BERNARDINO DE CAMPOS,Cap 10,171.0
350630,BERNARDINO DE CAMPOS,Cap 11,83.0
350630,BERNARDINO DE CAMPOS,Cap 12,18.0
350630,BERNARDINO DE CAMPOS,Cap 13,20.0
350630,BERNARDINO DE CAMPOS,Cap 14,90.0
350630,BERNARDINO DE CAMPOS,Cap 15,1.0
350630,BERNARDINO DE CAMPOS,Cap 16,10.0
350630,BERNARDINO DE CAMPOS,Cap 18,5.0
350630,BERNARDINO DE CAMPOS,Cap 19,41.0
350635,BERTIOGA,Cap 01,185.0
350635,BERTIOGA,Cap 02,112.0
350635,BERTIOGA,Cap 03,72.0
350635,BERTIOGA,Cap 04,143.0
350635,BERTIOGA,Cap 05,186.0
350635,BERTIOGA,Cap 06,49.0
350635,BERTIOGA,Cap 07,169.0
350635,BERTIOGA,Cap 08,13.0
350635,BERTIOGA,Cap 09,422.0
350635,BERTIOGA,Cap 10,395.0
350635,BERTIOGA,Cap 11,174.0
350635,BERTIOGA,Cap 12,123.0
350635,BERTIOGA,Cap 13,86.0
350635,BERTIOGA,Cap 14,359.0
350635,BERTIOGA,Cap 15,516.0
350635,BERTIOGA,Cap 16,39.0
350635,BERTIOGA,Cap 17,7.0
350635,BERTIOGA,Cap 18,10.0
350635,BERTIOGA,Cap 19,444.0
350635,BERTIOGA,Cap 21,267.0
350640,BILAC,Cap 01,18.0
350640,BILAC,Cap 02,4.0
350640,BILAC,Cap 03,1.0
350640,BILAC,Cap 04,4.0
350640,BILAC,Cap 05,9.0
350640,BILAC,Cap 06,6.0
350640,BILAC,Cap 07,2.0
350640,BILAC,Cap 08,1.0
350640,BILAC,Cap 09,17.0
350640,BILAC,Cap 10,71.0
350640,BILAC,Cap 11,13.0
350640,BILAC,Cap 12,4.0
350640,BILAC,Cap 13,1.0
350640,BILAC,Cap 14,31.0
350640,BILAC,Cap 15,4.0
350640,BILAC,Cap 18,5.0
350640,BILAC,Cap 19,27.0
350650,BIRIGUI,Cap 01,171.0
350650,BIRIGUI,Cap 02,6.0
350650,BIRIGUI,Cap 03,98.0
350650,BIRIGUI,Cap 04,70.0
350650,BIRIGUI,Cap 05,3.0
350650,BIRIGUI,Cap 06,29.0
350650,BIRIGUI,Cap 07,1.0
350650,BIRIGUI,Cap 08,8.0
350650,BIRIGUI,Cap 09,352.0
350650,BIRIGUI,Cap 10,610.0
350650,BIRIGUI,Cap 11,608.0
350650,BIRIGUI,Cap 12,130.0
350650,BIRIGUI,Cap 13,60.0
350650,BIRIGUI,Cap 14,343.0
350650,BIRIGUI,Cap 15,1311.0
350650,BIRIGUI,Cap 16,68.0
350650,BIRIGUI,Cap 17,5.0
350650,BIRIGUI,Cap 18,57.0
350650,BIRIGUI,Cap 19,943.0
350650,BIRIGUI,Cap 21,27.0
350670,BOA ESPERANCA DO SUL,Cap 01,14.0
350670,BOA ESPERANCA DO SUL,Cap 03,5.0
350670,BOA ESPERANCA DO SUL,Cap 04,10.0
350670,BOA ESPERANCA DO SUL,Cap 06,1.0
350670,BOA ESPERANCA DO SUL,Cap 09,15.0
350670,BOA ESPERANCA DO SUL,Cap 10,47.0
350670,BOA ESPERANCA DO SUL,Cap 11,5.0
350670,BOA ESPERANCA DO SUL,Cap 12,5.0
350670,BOA ESPERANCA DO SUL,Cap 13,1.0
350670,BOA ESPERANCA DO SUL,Cap 14,27.0
350670,BOA ESPERANCA DO SUL,Cap 18,2.0
350680,BOCAINA,Cap 01,12.0
350680,BOCAINA,Cap 02,21.0
350680,BOCAINA,Cap 03,1.0
350680,BOCAINA,Cap 04,2.0
350680,BOCAINA,Cap 06,1.0
350680,BOCAINA,Cap 09,15.0
350680,BOCAINA,Cap 10,52.0
350680,BOCAINA,Cap 11,26.0
350680,BOCAINA,Cap 12,18.0
350680,BOCAINA,Cap 14,10.0
350700,BOITUVA,Cap 01,40.0
350700,BOITUVA,Cap 02,44.0
350700,BOITUVA,Cap 03,36.0
350700,BOITUVA,Cap 04,30.0
350700,BOITUVA,Cap 05,48.0
350700,BOITUVA,Cap 06,16.0
350700,BOITUVA,Cap 08,1.0
350700,BOITUVA,Cap 09,126.0
350700,BOITUVA,Cap 10,241.0
350700,BOITUVA,Cap 11,253.0
350700,BOITUVA,Cap 12,87.0
350700,BOITUVA,Cap 13,31.0
350700,BOITUVA,Cap 14,176.0
350700,BOITUVA,Cap 15,662.0
350700,BOITUVA,Cap 16,57.0
350700,BOITUVA,Cap 17,6.0
350700,BOITUVA,Cap 18,8.0
350700,BOITUVA,Cap 19,208.0
350700,BOITUVA,Cap 21,175.0
350710,BOM JESUS DOS PERDOES,Cap 01,13.0
350710,BOM JESUS DOS PERDOES,Cap 02,1.0
350710,BOM JESUS DOS PERDOES,Cap 03,4.0
350710,BOM JESUS DOS PERDOES,Cap 04,9.0
350710,BOM JESUS DOS PERDOES,Cap 05,17.0
350710,BOM JESUS DOS PERDOES,Cap 06,1.0
350710,BOM JESUS DOS PERDOES,Cap 09,28.0
350710,BOM JESUS DOS PERDOES,Cap 10,57.0
350710,BOM JESUS DOS PERDOES,Cap 11,6.0
350710,BOM JESUS DOS PERDOES,Cap 12,15.0
350710,BOM JESUS DOS PERDOES,Cap 13,3.0
350710,BOM JESUS DOS PERDOES,Cap 14,34.0
350710,BOM JESUS DOS PERDOES,Cap 18,5.0
350710,BOM JESUS DOS PERDOES,Cap 19,2.0
350710,BOM JESUS DOS PERDOES,Cap 21,1.0
350740,BORBOREMA,Cap 01,30.0
350740,BORBOREMA,Cap 02,24.0
350740,BORBOREMA,Cap 03,24.0
350740,BORBOREMA,Cap 04,20.0
350740,BORBOREMA,Cap 05,6.0
350740,BORBOREMA,Cap 06,6.0
350740,BORBOREMA,Cap 08,1.0
350740,BORBOREMA,Cap 09,96.0
350740,BORBOREMA,Cap 10,188.0
350740,BORBOREMA,Cap 11,144.0
350740,BORBOREMA,Cap 12,50.0
350740,BORBOREMA,Cap 13,8.0
350740,BORBOREMA,Cap 14,161.0
350740,BORBOREMA,Cap 15,77.0
350740,BORBOREMA,Cap 16,3.0
350740,BORBOREMA,Cap 17,1.0
350740,BORBOREMA,Cap 18,10.0
350740,BORBOREMA,Cap 19,10.0
350740,BORBOREMA,Cap 21,1.0
350750,BOTUCATU,Cap 01,2323.0
350750,BOTUCATU,Cap 02,3222.0
350750,BOTUCATU,Cap 03,161.0
350750,BOTUCATU,Cap 04,622.0
350750,BOTUCATU,Cap 05,819.0
350750,BOTUCATU,Cap 06,658.0
350750,BOTUCATU,Cap 07,986.0
350750,BOTUCATU,Cap 08,66.0
350750,BOTUCATU,Cap 09,4210.0
350750,BOTUCATU,Cap 10,2722.0
350750,BOTUCATU,Cap 11,3489.0
350750,BOTUCATU,Cap 12,621.0
350750,BOTUCATU,Cap 13,453.0
350750,BOTUCATU,Cap 14,2473.0
350750,BOTUCATU,Cap 15,2650.0
350750,BOTUCATU,Cap 16,819.0
350750,BOTUCATU,Cap 17,338.0
350750,BOTUCATU,Cap 18,754.0
350750,BOTUCATU,Cap 19,2736.0
350750,BOTUCATU,Cap 21,535.0
350760,BRAGANCA PAULISTA,Cap 01,743.0
350760,BRAGANCA PAULISTA,Cap 02,1148.0
350760,BRAGANCA PAULISTA,Cap 03,101.0
350760,BRAGANCA PAULISTA,Cap 04,266.0
350760,BRAGANCA PAULISTA,Cap 05,159.0
350760,BRAGANCA PAULISTA,Cap 06,259.0
350760,BRAGANCA PAULISTA,Cap 07,636.0
350760,BRAGANCA PAULISTA,Cap 08,47.0
350760,BRAGANCA PAULISTA,Cap 09,2399.0
350760,BRAGANCA PAULISTA,Cap 10,1051.0
350760,BRAGANCA PAULISTA,Cap 11,1966.0
350760,BRAGANCA PAULISTA,Cap 12,170.0
350760,BRAGANCA PAULISTA,Cap 13,343.0
350760,BRAGANCA PAULISTA,Cap 14,1799.0
350760,BRAGANCA PAULISTA,Cap 15,2947.0
350760,BRAGANCA PAULISTA,Cap 16,384.0
350760,BRAGANCA PAULISTA,Cap 17,152.0
350760,BRAGANCA PAULISTA,Cap 18,344.0
350760,BRAGANCA PAULISTA,Cap 19,2621.0
350760,BRAGANCA PAULISTA,Cap 21,1112.0
350790,BROTAS,Cap 01,53.0
350790,BROTAS,Cap 02,11.0
350790,BROTAS,Cap 03,7.0
350790,BROTAS,Cap 04,17.0
350790,BROTAS,Cap 05,1.0
350790,BROTAS,Cap 06,4.0
350790,BROTAS,Cap 09,42.0
350790,BROTAS,Cap 10,199.0
350790,BROTAS,Cap 11,16.0
350790,BROTAS,Cap 12,10.0
350790,BROTAS,Cap 13,7.0
350790,BROTAS,Cap 14,44.0
350790,BROTAS,Cap 15,125.0
350790,BROTAS,Cap 16,12.0
350790,BROTAS,Cap 17,1.0
350790,BROTAS,Cap 19,122.0
350790,BROTAS,Cap 21,30.0
350810,BURITAMA,Cap 01,58.0
350810,BURITAMA,Cap 02,32.0
350810,BURITAMA,Cap 03,35.0
350810,BURITAMA,Cap 04,32.0
350810,BURITAMA,Cap 05,24.0
350810,BURITAMA,Cap 06,11.0
350810,BURITAMA,Cap 08,2.0
350810,BURITAMA,Cap 09,140.0
350810,BURITAMA,Cap 10,230.0
350810,BURITAMA,Cap 11,527.0
350810,BURITAMA,Cap 12,6.0
350810,BURITAMA,Cap 13,2.0
350810,BURITAMA,Cap 14,125.0
350810,BURITAMA,Cap 15,144.0
350810,BURITAMA,Cap 16,14.0
350810,BURITAMA,Cap 17,1.0
350810,BURITAMA,Cap 18,18.0
350810,BURITAMA,Cap 19,96.0
350810,BURITAMA,Cap 21,3.0
350840,CABREUVA,Cap 01,38.0
350840,CABREUVA,Cap 02,12.0
350840,CABREUVA,Cap 03,16.0
350840,CABREUVA,Cap 04,20.0
350840,CABREUVA,Cap 05,44.0
350840,CABREUVA,Cap 06,4.0
350840,CABREUVA,Cap 09,70.0
350840,CABREUVA,Cap 10,117.0
350840,CABREUVA,Cap 11,31.0
350840,CABREUVA,Cap 12,17.0
350840,CABREUVA,Cap 13,8.0
350840,CABREUVA,Cap 14,95.0
350840,CABREUVA,Cap 15,218.0
350840,CABREUVA,Cap 16,13.0
350840,CABREUVA,Cap 18,51.0
350840,CABREUVA,Cap 19,13.0
350840,CABREUVA,Cap 21,152.0
350850,CACAPAVA,Cap 01,138.0
350850,CACAPAVA,Cap 02,88.0
350850,CACAPAVA,Cap 03,30.0
350850,CACAPAVA,Cap 04,163.0
350850,CACAPAVA,Cap 05,2.0
350850,CACAPAVA,Cap 06,60.0
350850,CACAPAVA,Cap 07,2.0
350850,CACAPAVA,Cap 08,5.0
350850,CACAPAVA,Cap 09,539.0
350850,CACAPAVA,Cap 10,504.0
350850,CACAPAVA,Cap 11,611.0
350850,CACAPAVA,Cap 12,69.0
350850,CACAPAVA,Cap 13,50.0
350850,CACAPAVA,Cap 14,358.0
350850,CACAPAVA,Cap 15,541.0
350850,CACAPAVA,Cap 16,22.0
350850,CACAPAVA,Cap 17,9.0
350850,CACAPAVA,Cap 18,66.0
350850,CACAPAVA,Cap 19,627.0
350850,CACAPAVA,Cap 21,117.0
350870,CACONDE,Cap 01,30.0
350870,CACONDE,Cap 02,26.0
350870,CACONDE,Cap 03,17.0
350870,CACONDE,Cap 04,91.0
350870,CACONDE,Cap 05,6.0
350870,CACONDE,Cap 06,14.0
350870,CACONDE,Cap 08,1.0
350870,CACONDE,Cap 09,401.0
350870,CACONDE,Cap 10,205.0
350870,CACONDE,Cap 11,466.0
350870,CACONDE,Cap 12,20.0
350870,CACONDE,Cap 13,1.0
350870,CACONDE,Cap 14,362.0
350870,CACONDE,Cap 17,8.0
350870,CACONDE,Cap 18,34.0
350870,CACONDE,Cap 19,56.0
350870,CACONDE,Cap 21,192.0
350880,CAFELANDIA,Cap 01,20.0
350880,CAFELANDIA,Cap 03,13.0
350880,CAFELANDIA,Cap 04,68.0
350880,CAFELANDIA,Cap 05,2.0
350880,CAFELANDIA,Cap 06,157.0
350880,CAFELANDIA,Cap 09,88.0
350880,CAFELANDIA,Cap 10,138.0
350880,CAFELANDIA,Cap 11,51.0
350880,CAFELANDIA,Cap 12,25.0
350880,CAFELANDIA,Cap 13,16.0
350880,CAFELANDIA,Cap 14,111.0
350880,CAFELANDIA,Cap 15,69.0
350880,CAFELANDIA,Cap 16,2.0
350880,CAFELANDIA,Cap 19,82.0
350880,CAFELANDIA,Cap 21,2.0
350900,CAIEIRAS,Cap 01,73.0
350900,CAIEIRAS,Cap 02,7.0
350900,CAIEIRAS,Cap 03,24.0
350900,CAIEIRAS,Cap 04,51.0
350900,CAIEIRAS,Cap 05,35.0
350900,CAIEIRAS,Cap 06,25.0
350900,CAIEIRAS,Cap 07,1.0
350900,CAIEIRAS,Cap 09,310.0
350900,CAIEIRAS,Cap 10,355.0
350900,CAIEIRAS,Cap 11,88.0
350900,CAIEIRAS,Cap 12,30.0
350900,CAIEIRAS,Cap 13,2.0
350900,CAIEIRAS,Cap 14,183.0
350900,CAIEIRAS,Cap 15,2473.0
350900,CAIEIRAS,Cap 16,421.0
350900,CAIEIRAS,Cap 17,3.0
350900,CAIEIRAS,Cap 18,1042.0
350900,CAIEIRAS,Cap 19,19.0
350900,CAIEIRAS,Cap 21,10.0
350920,CAJAMAR,Cap 01,73.0
350920,CAJAMAR,Cap 02,57.0
350920,CAJAMAR,Cap 03,34.0
350920,CAJAMAR,Cap 04,112.0
350920,CAJAMAR,Cap 05,278.0
350920,CAJAMAR,Cap 06,70.0
350920,CAJAMAR,Cap 07,5.0
350920,CAJAMAR,Cap 08,6.0
350920,CAJAMAR,Cap 09,352.0
350920,CAJAMAR,Cap 10,332.0
350920,CAJAMAR,Cap 11,180.0
350920,CAJAMAR,Cap 12,52.0
350920,CAJAMAR,Cap 13,25.0
350920,CAJAMAR,Cap 14,213.0
350920,CAJAMAR,Cap 15,720.0
350920,CAJAMAR,Cap 16,10.0
350920,CAJAMAR,Cap 17,1.0
350920,CAJAMAR,Cap 18,219.0
350920,CAJAMAR,Cap 19,460.0
350920,CAJAMAR,Cap 21,296.0
350930,CAJOBI,Cap 01,41.0
350930,CAJOBI,Cap 02,134.0
350930,CAJOBI,Cap 03,7.0
350930,CAJOBI,Cap 04,6.0
350930,CAJOBI,Cap 09,9.0
350930,CAJOBI,Cap 10,113.0
350930,CAJOBI,Cap 11,38.0
350930,CAJOBI,Cap 12,1.0
350930,CAJOBI,Cap 13,1.0
350930,CAJOBI,Cap 14,100.0
350930,CAJOBI,Cap 15,37.0
350930,CAJOBI,Cap 18,1.0
350930,CAJOBI,Cap 19,3.0
350930,CAJOBI,Cap 21,6.0
350940,CAJURU,Cap 01,123.0
350940,CAJURU,Cap 02,89.0
350940,CAJURU,Cap 03,15.0
350940,CAJURU,Cap 04,159.0
350940,CAJURU,Cap 05,180.0
350940,CAJURU,Cap 06,32.0
350940,CAJURU,Cap 07,2.0
350940,CAJURU,Cap 08,8.0
350940,CAJURU,Cap 09,324.0
350940,CAJURU,Cap 10,481.0
350940,CAJURU,Cap 11,485.0
350940,CAJURU,Cap 12,314.0
350940,CAJURU,Cap 13,70.0
350940,CAJURU,Cap 14,309.0
350940,CAJURU,Cap 15,276.0
350940,CAJURU,Cap 16,13.0
350940,CAJURU,Cap 17,3.0
350940,CAJURU,Cap 18,110.0
350940,CAJURU,Cap 19,230.0
350940,CAJURU,Cap 21,48.0
350950,CAMPINAS,Cap 01,5264.0
350950,CAMPINAS,Cap 02,9533.0
350950,CAMPINAS,Cap 03,949.0
350950,CAMPINAS,Cap 04,1394.0
350950,CAMPINAS,Cap 05,1404.0
350950,CAMPINAS,Cap 06,1769.0
350950,CAMPINAS,Cap 07,3046.0
350950,CAMPINAS,Cap 08,417.0
350950,CAMPINAS,Cap 09,10237.0
350950,CAMPINAS,Cap 10,7902.0
350950,CAMPINAS,Cap 11,7879.0
350950,CAMPINAS,Cap 12,1415.0
350950,CAMPINAS,Cap 13,1657.0
350950,CAMPINAS,Cap 14,6961.0
350950,CAMPINAS,Cap 15,9526.0
350950,CAMPINAS,Cap 16,2035.0
350950,CAMPINAS,Cap 17,1775.0
350950,CAMPINAS,Cap 18,3518.0
350950,CAMPINAS,Cap 19,7118.0
350950,CAMPINAS,Cap 21,3685.0
350960,CAMPO LIMPO PAULISTA,Cap 01,222.0
350960,CAMPO LIMPO PAULISTA,Cap 02,42.0
350960,CAMPO LIMPO PAULISTA,Cap 03,46.0
350960,CAMPO LIMPO PAULISTA,Cap 04,108.0
350960,CAMPO LIMPO PAULISTA,Cap 05,3.0
350960,CAMPO LIMPO PAULISTA,Cap 06,76.0
350960,CAMPO LIMPO PAULISTA,Cap 08,5.0
350960,CAMPO LIMPO PAULISTA,Cap 09,434.0
350960,CAMPO LIMPO PAULISTA,Cap 10,550.0
350960,CAMPO LIMPO PAULISTA,Cap 11,238.0
350960,CAMPO LIMPO PAULISTA,Cap 12,61.0
350960,CAMPO LIMPO PAULISTA,Cap 13,26.0
350960,CAMPO LIMPO PAULISTA,Cap 14,336.0
350960,CAMPO LIMPO PAULISTA,Cap 15,1044.0
350960,CAMPO LIMPO PAULISTA,Cap 16,41.0
350960,CAMPO LIMPO PAULISTA,Cap 17,7.0
350960,CAMPO LIMPO PAULISTA,Cap 18,12.0
350960,CAMPO LIMPO PAULISTA,Cap 19,438.0
350960,CAMPO LIMPO PAULISTA,Cap 21,319.0
350970,CAMPOS DO JORDAO,Cap 01,407.0
350970,CAMPOS DO JORDAO,Cap 02,33.0
350970,CAMPOS DO JORDAO,Cap 03,8.0
350970,CAMPOS DO JORDAO,Cap 04,54.0
350970,CAMPOS DO JORDAO,Cap 05,39.0
350970,CAMPOS DO JORDAO,Cap 06,55.0
350970,CAMPOS DO JORDAO,Cap 08,1.0
350970,CAMPOS DO JORDAO,Cap 09,241.0
350970,CAMPOS DO JORDAO,Cap 10,352.0
350970,CAMPOS DO JORDAO,Cap 11,235.0
350970,CAMPOS DO JORDAO,Cap 12,46.0
350970,CAMPOS DO JORDAO,Cap 13,28.0
350970,CAMPOS DO JORDAO,Cap 14,341.0
350970,CAMPOS DO JORDAO,Cap 15,659.0
350970,CAMPOS DO JORDAO,Cap 16,94.0
350970,CAMPOS DO JORDAO,Cap 17,19.0
350970,CAMPOS DO JORDAO,Cap 18,38.0
350970,CAMPOS DO JORDAO,Cap 19,11.0
350970,CAMPOS DO JORDAO,Cap 21,140.0
351000,CANDIDO MOTA,Cap 01,13.0
351000,CANDIDO MOTA,Cap 02,80.0
351000,CANDIDO MOTA,Cap 03,41.0
351000,CANDIDO MOTA,Cap 04,47.0
351000,CANDIDO MOTA,Cap 05,1.0
351000,CANDIDO MOTA,Cap 06,30.0
351000,CANDIDO MOTA,Cap 09,489.0
351000,CANDIDO MOTA,Cap 10,306.0
351000,CANDIDO MOTA,Cap 11,542.0
351000,CANDIDO MOTA,Cap 12,170.0
351000,CANDIDO MOTA,Cap 13,35.0
351000,CANDIDO MOTA,Cap 14,276.0
351000,CANDIDO MOTA,Cap 15,146.0
351000,CANDIDO MOTA,Cap 16,8.0
351000,CANDIDO MOTA,Cap 17,6.0
351000,CANDIDO MOTA,Cap 18,33.0
351000,CANDIDO MOTA,Cap 19,130.0
351000,CANDIDO MOTA,Cap 21,131.0
351020,CAPAO BONITO,Cap 01,104.0
351020,CAPAO BONITO,Cap 02,33.0
351020,CAPAO BONITO,Cap 03,53.0
351020,CAPAO BONITO,Cap 04,96.0
351020,CAPAO BONITO,Cap 05,40.0
351020,CAPAO BONITO,Cap 06,16.0
351020,CAPAO BONITO,Cap 07,124.0
351020,CAPAO BONITO,Cap 08,3.0
351020,CAPAO BONITO,Cap 09,337.0
351020,CAPAO BONITO,Cap 10,425.0
351020,CAPAO BONITO,Cap 11,365.0
351020,CAPAO BONITO,Cap 12,24.0
351020,CAPAO BONITO,Cap 13,30.0
351020,CAPAO BONITO,Cap 14,277.0
351020,CAPAO BONITO,Cap 15,621.0
351020,CAPAO BONITO,Cap 16,46.0
351020,CAPAO BONITO,Cap 17,5.0
351020,CAPAO BONITO,Cap 18,66.0
351020,CAPAO BONITO,Cap 19,155.0
351020,CAPAO BONITO,Cap 21,102.0
351040,CAPIVARI,Cap 01,102.0
351040,CAPIVARI,Cap 02,93.0
351040,CAPIVARI,Cap 03,17.0
351040,CAPIVARI,Cap 04,86.0
351040,CAPIVARI,Cap 05,70.0
351040,CAPIVARI,Cap 06,36.0
351040,CAPIVARI,Cap 07,7.0
351040,CAPIVARI,Cap 08,6.0
351040,CAPIVARI,Cap 09,333.0
351040,CAPIVARI,Cap 10,320.0
351040,CAPIVARI,Cap 11,264.0
351040,CAPIVARI,Cap 12,124.0
351040,CAPIVARI,Cap 13,28.0
351040,CAPIVARI,Cap 14,189.0
351040,CAPIVARI,Cap 15,520.0
351040,CAPIVARI,Cap 16,24.0
351040,CAPIVARI,Cap 17,5.0
351040,CAPIVARI,Cap 18,61.0
351040,CAPIVARI,Cap 19,345.0
351040,CAPIVARI,Cap 21,93.0
351050,CARAGUATATUBA,Cap 01,429.0
351050,CARAGUATATUBA,Cap 02,3513.0
351050,CARAGUATATUBA,Cap 03,111.0
351050,CARAGUATATUBA,Cap 04,171.0
351050,CARAGUATATUBA,Cap 05,161.0
351050,CARAGUATATUBA,Cap 06,294.0
351050,CARAGUATATUBA,Cap 07,1314.0
351050,CARAGUATATUBA,Cap 08,16.0
351050,CARAGUATATUBA,Cap 09,2316.0
351050,CARAGUATATUBA,Cap 10,1372.0
351050,CARAGUATATUBA,Cap 11,3913.0
351050,CARAGUATATUBA,Cap 12,2178.0
351050,CARAGUATATUBA,Cap 13,549.0
351050,CARAGUATATUBA,Cap 14,2333.0
351050,CARAGUATATUBA,Cap 15,1833.0
351050,CARAGUATATUBA,Cap 16,350.0
351050,CARAGUATATUBA,Cap 17,225.0
351050,CARAGUATATUBA,Cap 18,211.0
351050,CARAGUATATUBA,Cap 19,2037.0
351050,CARAGUATATUBA,Cap 21,322.0
351060,CARAPICUIBA,Cap 01,524.0
351060,CARAPICUIBA,Cap 02,451.0
351060,CARAPICUIBA,Cap 03,116.0
351060,CARAPICUIBA,Cap 04,306.0
351060,CARAPICUIBA,Cap 05,273.0
351060,CARAPICUIBA,Cap 06,248.0
351060,CARAPICUIBA,Cap 07,11.0
351060,CARAPICUIBA,Cap 08,13.0
351060,CARAPICUIBA,Cap 09,1597.0
351060,CARAPICUIBA,Cap 10,1175.0
351060,CARAPICUIBA,Cap 11,2368.0
351060,CARAPICUIBA,Cap 12,1420.0
351060,CARAPICUIBA,Cap 13,555.0
351060,CARAPICUIBA,Cap 14,764.0
351060,CARAPICUIBA,Cap 15,3579.0
351060,CARAPICUIBA,Cap 16,734.0
351060,CARAPICUIBA,Cap 17,160.0
351060,CARAPICUIBA,Cap 18,236.0
351060,CARAPICUIBA,Cap 19,1980.0
351060,CARAPICUIBA,Cap 21,533.0
351070,CARDOSO,Cap 01,16.0
351070,CARDOSO,Cap 02,6.0
351070,CARDOSO,Cap 03,13.0
351070,CARDOSO,Cap 04,32.0
351070,CARDOSO,Cap 09,16.0
351070,CARDOSO,Cap 10,105.0
351070,CARDOSO,Cap 11,72.0
351070,CARDOSO,Cap 12,14.0
351070,CARDOSO,Cap 13,3.0
351070,CARDOSO,Cap 14,136.0
351070,CARDOSO,Cap 18,3.0
351070,CARDOSO,Cap 19,1.0
351080,CASA BRANCA,Cap 01,80.0
351080,CASA BRANCA,Cap 02,37.0
351080,CASA BRANCA,Cap 03,21.0
351080,CASA BRANCA,Cap 04,84.0
351080,CASA BRANCA,Cap 05,585.0
351080,CASA BRANCA,Cap 06,13.0
351080,CASA BRANCA,Cap 07,1.0
351080,CASA BRANCA,Cap 08,1.0
351080,CASA BRANCA,Cap 09,275.0
351080,CASA BRANCA,Cap 10,211.0
351080,CASA BRANCA,Cap 11,198.0
351080,CASA BRANCA,Cap 12,66.0
351080,CASA BRANCA,Cap 13,99.0
351080,CASA BRANCA,Cap 14,221.0
351080,CASA BRANCA,Cap 16,3.0
351080,CASA BRANCA,Cap 17,5.0
351080,CASA BRANCA,Cap 18,20.0
351080,CASA BRANCA,Cap 19,278.0
351080,CASA BRANCA,Cap 21,64.0
351100,CASTILHO,Cap 01,23.0
351100,CASTILHO,Cap 02,26.0
351100,CASTILHO,Cap 03,1.0
351100,CASTILHO,Cap 04,25.0
351100,CASTILHO,Cap 05,58.0
351100,CASTILHO,Cap 06,16.0
351100,CASTILHO,Cap 09,416.0
351100,CASTILHO,Cap 10,84.0
351100,CASTILHO,Cap 11,143.0
351100,CASTILHO,Cap 12,16.0
351100,CASTILHO,Cap 13,2.0
351100,CASTILHO,Cap 14,68.0
351100,CASTILHO,Cap 18,56.0
351100,CASTILHO,Cap 19,12.0
351110,CATANDUVA,Cap 01,539.0
351110,CATANDUVA,Cap 02,1827.0
351110,CATANDUVA,Cap 03,103.0
351110,CATANDUVA,Cap 04,299.0
351110,CATANDUVA,Cap 05,1325.0
351110,CATANDUVA,Cap 06,311.0
351110,CATANDUVA,Cap 07,356.0
351110,CATANDUVA,Cap 08,14.0
351110,CATANDUVA,Cap 09,2472.0
351110,CATANDUVA,Cap 10,1894.0
351110,CATANDUVA,Cap 11,1510.0
351110,CATANDUVA,Cap 12,340.0
351110,CATANDUVA,Cap 13,524.0
351110,CATANDUVA,Cap 14,1769.0
351110,CATANDUVA,Cap 15,1843.0
351110,CATANDUVA,Cap 16,489.0
351110,CATANDUVA,Cap 17,119.0
351110,CATANDUVA,Cap 18,233.0
351110,CATANDUVA,Cap 19,2808.0
351110,CATANDUVA,Cap 21,222.0
351140,CERQUEIRA CESAR,Cap 01,37.0
351140,CERQUEIRA CESAR,Cap 02,86.0
351140,CERQUEIRA CESAR,Cap 03,31.0
351140,CERQUEIRA CESAR,Cap 04,63.0
351140,CERQUEIRA CESAR,Cap 05,83.0
351140,CERQUEIRA CESAR,Cap 06,34.0
351140,CERQUEIRA CESAR,Cap 07,120.0
351140,CERQUEIRA CESAR,Cap 09,95.0
351140,CERQUEIRA CESAR,Cap 10,183.0
351140,CERQUEIRA CESAR,Cap 11,180.0
351140,CERQUEIRA CESAR,Cap 12,52.0
351140,CERQUEIRA CESAR,Cap 13,15.0
351140,CERQUEIRA CESAR,Cap 14,152.0
351140,CERQUEIRA CESAR,Cap 15,259.0
351140,CERQUEIRA CESAR,Cap 16,37.0
351140,CERQUEIRA CESAR,Cap 17,1.0
351140,CERQUEIRA CESAR,Cap 18,10.0
351140,CERQUEIRA CESAR,Cap 19,107.0
351140,CERQUEIRA CESAR,Cap 21,49.0
351150,CERQUILHO,Cap 01,47.0
351150,CERQUILHO,Cap 02,20.0
351150,CERQUILHO,Cap 03,10.0
351150,CERQUILHO,Cap 04,52.0
351150,CERQUILHO,Cap 05,54.0
351150,CERQUILHO,Cap 06,16.0
351150,CERQUILHO,Cap 09,198.0
351150,CERQUILHO,Cap 10,180.0
351150,CERQUILHO,Cap 11,72.0
351150,CERQUILHO,Cap 12,33.0
351150,CERQUILHO,Cap 13,5.0
351150,CERQUILHO,Cap 14,137.0
351150,CERQUILHO,Cap 16,1.0
351150,CERQUILHO,Cap 18,15.0
351150,CERQUILHO,Cap 19,154.0
351150,CERQUILHO,Cap 21,10.0
351160,CESARIO LANGE,Cap 01,30.0
351160,CESARIO LANGE,Cap 02,17.0
351160,CESARIO LANGE,Cap 03,16.0
351160,CESARIO LANGE,Cap 04,33.0
351160,CESARIO LANGE,Cap 05,1.0
351160,CESARIO LANGE,Cap 06,5.0
351160,CESARIO LANGE,Cap 08,1.0
351160,CESARIO LANGE,Cap 09,99.0
351160,CESARIO LANGE,Cap 10,60.0
351160,CESARIO LANGE,Cap 11,178.0
351160,CESARIO LANGE,Cap 12,7.0
351160,CESARIO LANGE,Cap 13,3.0
351160,CESARIO LANGE,Cap 14,63.0
351160,CESARIO LANGE,Cap 15,2.0
351160,CESARIO LANGE,Cap 16,2.0
351160,CESARIO LANGE,Cap 18,5.0
351160,CESARIO LANGE,Cap 19,19.0
351160,CESARIO LANGE,Cap 21,10.0
351170,CHARQUEADA,Cap 01,17.0
351170,CHARQUEADA,Cap 02,3.0
351170,CHARQUEADA,Cap 03,2.0
351170,CHARQUEADA,Cap 04,8.0
351170,CHARQUEADA,Cap 05,2.0
351170,CHARQUEADA,Cap 06,4.0
351170,CHARQUEADA,Cap 09,36.0
351170,CHARQUEADA,Cap 10,60.0
351170,CHARQUEADA,Cap 11,10.0
351170,CHARQUEADA,Cap 12,10.0
351170,CHARQUEADA,Cap 13,5.0
351170,CHARQUEADA,Cap 14,51.0
351170,CHARQUEADA,Cap 18,103.0
351170,CHARQUEADA,Cap 21,1.0
351190,CLEMENTINA,Cap 01,18.0
351190,CLEMENTINA,Cap 02,5.0
351190,CLEMENTINA,Cap 04,9.0
351190,CLEMENTINA,Cap 06,11.0
351190,CLEMENTINA,Cap 09,18.0
351190,CLEMENTINA,Cap 10,67.0
351190,CLEMENTINA,Cap 11,17.0
351190,CLEMENTINA,Cap 12,8.0
351190,CLEMENTINA,Cap 13,3.0
351190,CLEMENTINA,Cap 14,36.0
351190,CLEMENTINA,Cap 18,4.0
351190,CLEMENTINA,Cap 19,8.0
351190,CLEMENTINA,Cap 21,33.0
351200,COLINA,Cap 01,73.0
351200,COLINA,Cap 02,21.0
351200,COLINA,Cap 03,20.0
351200,COLINA,Cap 04,28.0
351200,COLINA,Cap 05,16.0
351200,COLINA,Cap 06,56.0
351200,COLINA,Cap 08,1.0
351200,COLINA,Cap 09,113.0
351200,COLINA,Cap 10,119.0
351200,COLINA,Cap 11,108.0
351200,COLINA,Cap 12,20.0
351200,COLINA,Cap 13,25.0
351200,COLINA,Cap 14,166.0
351200,COLINA,Cap 15,127.0
351200,COLINA,Cap 16,1.0
351200,COLINA,Cap 17,1.0
351200,COLINA,Cap 18,42.0
351200,COLINA,Cap 19,135.0
351200,COLINA,Cap 21,13.0
351210,COLOMBIA,Cap 04,1.0
351210,COLOMBIA,Cap 09,1.0
351210,COLOMBIA,Cap 12,3.0
351210,COLOMBIA,Cap 18,17.0
351220,CONCHAL,Cap 01,130.0
351220,CONCHAL,Cap 02,174.0
351220,CONCHAL,Cap 03,27.0
351220,CONCHAL,Cap 04,62.0
351220,CONCHAL,Cap 05,21.0
351220,CONCHAL,Cap 06,28.0
351220,CONCHAL,Cap 07,421.0
351220,CONCHAL,Cap 08,3.0
351220,CONCHAL,Cap 09,268.0
351220,CONCHAL,Cap 10,225.0
351220,CONCHAL,Cap 11,240.0
351220,CONCHAL,Cap 12,138.0
351220,CONCHAL,Cap 13,44.0
351220,CONCHAL,Cap 14,185.0
351220,CONCHAL,Cap 15,352.0
351220,CONCHAL,Cap 16,74.0
351220,CONCHAL,Cap 17,7.0
351220,CONCHAL,Cap 18,53.0
351220,CONCHAL,Cap 19,152.0
351220,CONCHAL,Cap 21,24.0
351230,CONCHAS,Cap 01,29.0
351230,CONCHAS,Cap 02,14.0
351230,CONCHAS,Cap 03,11.0
351230,CONCHAS,Cap 04,11.0
351230,CONCHAS,Cap 05,15.0
351230,CONCHAS,Cap 09,21.0
351230,CONCHAS,Cap 10,105.0
351230,CONCHAS,Cap 11,13.0
351230,CONCHAS,Cap 12,12.0
351230,CONCHAS,Cap 13,4.0
351230,CONCHAS,Cap 14,61.0
351230,CONCHAS,Cap 18,2.0
351230,CONCHAS,Cap 19,1.0
351280,COSMOPOLIS,Cap 01,92.0
351280,COSMOPOLIS,Cap 02,31.0
351280,COSMOPOLIS,Cap 03,12.0
351280,COSMOPOLIS,Cap 04,104.0
351280,COSMOPOLIS,Cap 05,15.0
351280,COSMOPOLIS,Cap 06,41.0
351280,COSMOPOLIS,Cap 08,2.0
351280,COSMOPOLIS,Cap 09,203.0
351280,COSMOPOLIS,Cap 10,203.0
351280,COSMOPOLIS,Cap 11,175.0
351280,COSMOPOLIS,Cap 12,44.0
351280,COSMOPOLIS,Cap 13,31.0
351280,COSMOPOLIS,Cap 14,174.0
351280,COSMOPOLIS,Cap 15,240.0
351280,COSMOPOLIS,Cap 16,5.0
351280,COSMOPOLIS,Cap 18,27.0
351280,COSMOPOLIS,Cap 19,305.0
351280,COSMOPOLIS,Cap 21,60.0
351300,COTIA,Cap 01,423.0
351300,COTIA,Cap 02,71.0
351300,COTIA,Cap 03,115.0
351300,COTIA,Cap 04,300.0
351300,COTIA,Cap 05,207.0
351300,COTIA,Cap 06,83.0
351300,COTIA,Cap 07,1014.0
351300,COTIA,Cap 08,14.0
351300,COTIA,Cap 09,892.0
351300,COTIA,Cap 10,920.0
351300,COTIA,Cap 11,1485.0
351300,COTIA,Cap 12,365.0
351300,COTIA,Cap 13,111.0
351300,COTIA,Cap 14,582.0
351300,COTIA,Cap 15,3487.0
351300,COTIA,Cap 16,405.0
351300,COTIA,Cap 17,84.0
351300,COTIA,Cap 18,438.0
351300,COTIA,Cap 19,2012.0
351300,COTIA,Cap 21,484.0
351310,CRAVINHOS,Cap 01,2.0
351310,CRAVINHOS,Cap 02,1.0
351310,CRAVINHOS,Cap 03,9.0
351310,CRAVINHOS,Cap 04,5.0
351310,CRAVINHOS,Cap 06,2.0
351310,CRAVINHOS,Cap 09,32.0
351310,CRAVINHOS,Cap 10,53.0
351310,CRAVINHOS,Cap 11,11.0
351310,CRAVINHOS,Cap 12,18.0
351310,CRAVINHOS,Cap 13,2.0
351310,CRAVINHOS,Cap 14,29.0
351310,CRAVINHOS,Cap 18,7.0
351310,CRAVINHOS,Cap 19,33.0
351340,CRUZEIRO,Cap 01,537.0
351340,CRUZEIRO,Cap 02,153.0
351340,CRUZEIRO,Cap 03,50.0
351340,CRUZEIRO,Cap 04,102.0
351340,CRUZEIRO,Cap 05,208.0
351340,CRUZEIRO,Cap 06,83.0
351340,CRUZEIRO,Cap 07,176.0
351340,CRUZEIRO,Cap 08,15.0
351340,CRUZEIRO,Cap 09,752.0
351340,CRUZEIRO,Cap 10,754.0
351340,CRUZEIRO,Cap 11,821.0
351340,CRUZEIRO,Cap 12,299.0
351340,CRUZEIRO,Cap 13,127.0
351340,CRUZEIRO,Cap 14,538.0
351340,CRUZEIRO,Cap 15,857.0
351340,CRUZEIRO,Cap 16,59.0
351340,CRUZEIRO,Cap 17,4.0
351340,CRUZEIRO,Cap 18,64.0
351340,CRUZEIRO,Cap 19,575.0
351340,CRUZEIRO,Cap 21,155.0
351350,CUBATAO,Cap 01,239.0
351350,CUBATAO,Cap 02,209.0
351350,CUBATAO,Cap 03,61.0
351350,CUBATAO,Cap 04,128.0
351350,CUBATAO,Cap 05,226.0
351350,CUBATAO,Cap 06,74.0
351350,CUBATAO,Cap 07,8.0
351350,CUBATAO,Cap 08,9.0
351350,CUBATAO,Cap 09,672.0
351350,CUBATAO,Cap 10,606.0
351350,CUBATAO,Cap 11,898.0
351350,CUBATAO,Cap 12,138.0
351350,CUBATAO,Cap 13,81.0
351350,CUBATAO,Cap 14,692.0
351350,CUBATAO,Cap 15,992.0
351350,CUBATAO,Cap 16,200.0
351350,CUBATAO,Cap 17,20.0
351350,CUBATAO,Cap 18,234.0
351350,CUBATAO,Cap 19,750.0
351350,CUBATAO,Cap 21,279.0
351360,CUNHA,Cap 01,189.0
351360,CUNHA,Cap 02,98.0
351360,CUNHA,Cap 03,10.0
351360,CUNHA,Cap 04,118.0
351360,CUNHA,Cap 05,5.0
351360,CUNHA,Cap 06,10.0
351360,CUNHA,Cap 09,264.0
351360,CUNHA,Cap 10,172.0
351360,CUNHA,Cap 11,110.0
351360,CUNHA,Cap 12,17.0
351360,CUNHA,Cap 13,4.0
351360,CUNHA,Cap 14,126.0
351360,CUNHA,Cap 15,162.0
351360,CUNHA,Cap 16,1.0
351360,CUNHA,Cap 17,2.0
351360,CUNHA,Cap 18,7.0
351360,CUNHA,Cap 19,50.0
351360,CUNHA,Cap 21,14.0
351370,DESCALVADO,Cap 01,94.0
351370,DESCALVADO,Cap 02,57.0
351370,DESCALVADO,Cap 03,31.0
351370,DESCALVADO,Cap 04,42.0
351370,DESCALVADO,Cap 05,58.0
351370,DESCALVADO,Cap 06,82.0
351370,DESCALVADO,Cap 07,132.0
351370,DESCALVADO,Cap 08,1.0
351370,DESCALVADO,Cap 09,200.0
351370,DESCALVADO,Cap 10,289.0
351370,DESCALVADO,Cap 11,172.0
351370,DESCALVADO,Cap 12,8.0
351370,DESCALVADO,Cap 13,40.0
351370,DESCALVADO,Cap 14,157.0
351370,DESCALVADO,Cap 15,96.0
351370,DESCALVADO,Cap 16,5.0
351370,DESCALVADO,Cap 17,2.0
351370,DESCALVADO,Cap 18,12.0
351370,DESCALVADO,Cap 19,176.0
351370,DESCALVADO,Cap 21,78.0
351380,DIADEMA,Cap 01,518.0
351380,DIADEMA,Cap 02,1105.0
351380,DIADEMA,Cap 03,116.0
351380,DIADEMA,Cap 04,640.0
351380,DIADEMA,Cap 05,733.0
351380,DIADEMA,Cap 06,541.0
351380,DIADEMA,Cap 07,18.0
351380,DIADEMA,Cap 08,74.0
351380,DIADEMA,Cap 09,2019.0
351380,DIADEMA,Cap 10,2249.0
351380,DIADEMA,Cap 11,2002.0
351380,DIADEMA,Cap 12,1470.0
351380,DIADEMA,Cap 13,902.0
351380,DIADEMA,Cap 14,1598.0
351380,DIADEMA,Cap 15,3070.0
351380,DIADEMA,Cap 16,1040.0
351380,DIADEMA,Cap 17,253.0
351380,DIADEMA,Cap 18,800.0
351380,DIADEMA,Cap 19,3830.0
351380,DIADEMA,Cap 21,1025.0
351390,DIVINOLANDIA,Cap 01,17.0
351390,DIVINOLANDIA,Cap 02,96.0
351390,DIVINOLANDIA,Cap 03,8.0
351390,DIVINOLANDIA,Cap 04,46.0
351390,DIVINOLANDIA,Cap 05,6.0
351390,DIVINOLANDIA,Cap 06,299.0
351390,DIVINOLANDIA,Cap 07,207.0
351390,DIVINOLANDIA,Cap 08,76.0
351390,DIVINOLANDIA,Cap 09,280.0
351390,DIVINOLANDIA,Cap 10,699.0
351390,DIVINOLANDIA,Cap 11,993.0
351390,DIVINOLANDIA,Cap 12,294.0
351390,DIVINOLANDIA,Cap 13,478.0
351390,DIVINOLANDIA,Cap 14,411.0
351390,DIVINOLANDIA,Cap 16,2.0
351390,DIVINOLANDIA,Cap 17,152.0
351390,DIVINOLANDIA,Cap 18,28.0
351390,DIVINOLANDIA,Cap 19,159.0
351390,DIVINOLANDIA,Cap 21,443.0
351410,DOIS CORREGOS,Cap 01,38.0
351410,DOIS CORREGOS,Cap 02,5.0
351410,DOIS CORREGOS,Cap 03,13.0
351410,DOIS CORREGOS,Cap 04,53.0
351410,DOIS CORREGOS,Cap 05,19.0
351410,DOIS CORREGOS,Cap 06,10.0
351410,DOIS CORREGOS,Cap 08,2.0
351410,DOIS CORREGOS,Cap 09,142.0
351410,DOIS CORREGOS,Cap 10,307.0
351410,DOIS CORREGOS,Cap 11,146.0
351410,DOIS CORREGOS,Cap 12,45.0
351410,DOIS CORREGOS,Cap 13,26.0
351410,DOIS CORREGOS,Cap 14,137.0
351410,DOIS CORREGOS,Cap 15,209.0
351410,DOIS CORREGOS,Cap 16,12.0
351410,DOIS CORREGOS,Cap 17,1.0
351410,DOIS CORREGOS,Cap 18,35.0
351410,DOIS CORREGOS,Cap 19,79.0
351410,DOIS CORREGOS,Cap 21,5.0
351440,DRACENA,Cap 01,277.0
351440,DRACENA,Cap 02,60.0
351440,DRACENA,Cap 03,34.0
351440,DRACENA,Cap 04,133.0
351440,DRACENA,Cap 05,3.0
351440,DRACENA,Cap 06,45.0
351440,DRACENA,Cap 07,1.0
351440,DRACENA,Cap 08,14.0
351440,DRACENA,Cap 09,495.0
351440,DRACENA,Cap 10,591.0
351440,DRACENA,Cap 11,377.0
351440,DRACENA,Cap 12,44.0
351440,DRACENA,Cap 13,45.0
351440,DRACENA,Cap 14,351.0
351440,DRACENA,Cap 15,360.0
351440,DRACENA,Cap 16,32.0
351440,DRACENA,Cap 17,2.0
351440,DRACENA,Cap 18,112.0
351440,DRACENA,Cap 19,382.0
351440,DRACENA,Cap 21,8.0
351450,DUARTINA,Cap 01,48.0
351450,DUARTINA,Cap 02,60.0
351450,DUARTINA,Cap 03,25.0
351450,DUARTINA,Cap 04,23.0
351450,DUARTINA,Cap 05,121.0
351450,DUARTINA,Cap 06,20.0
351450,DUARTINA,Cap 07,6.0
351450,DUARTINA,Cap 08,5.0
351450,DUARTINA,Cap 09,104.0
351450,DUARTINA,Cap 10,140.0
351450,DUARTINA,Cap 11,100.0
351450,DUARTINA,Cap 12,27.0
351450,DUARTINA,Cap 13,31.0
351450,DUARTINA,Cap 14,127.0
351450,DUARTINA,Cap 15,136.0
351450,DUARTINA,Cap 16,10.0
351450,DUARTINA,Cap 17,4.0
351450,DUARTINA,Cap 18,127.0
351450,DUARTINA,Cap 19,232.0
351450,DUARTINA,Cap 21,29.0
351500,EMBU DAS ARTES,Cap 01,191.0
351500,EMBU DAS ARTES,Cap 02,48.0
351500,EMBU DAS ARTES,Cap 03,50.0
351500,EMBU DAS ARTES,Cap 04,139.0
351500,EMBU DAS ARTES,Cap 05,200.0
351500,EMBU DAS ARTES,Cap 06,93.0
351500,EMBU DAS ARTES,Cap 08,3.0
351500,EMBU DAS ARTES,Cap 09,429.0
351500,EMBU DAS ARTES,Cap 10,723.0
351500,EMBU DAS ARTES,Cap 11,101.0
351500,EMBU DAS ARTES,Cap 12,95.0
351500,EMBU DAS ARTES,Cap 13,21.0
351500,EMBU DAS ARTES,Cap 14,294.0
351500,EMBU DAS ARTES,Cap 15,671.0
351500,EMBU DAS ARTES,Cap 16,10.0
351500,EMBU DAS ARTES,Cap 18,81.0
351500,EMBU DAS ARTES,Cap 19,168.0
351500,EMBU DAS ARTES,Cap 21,143.0
351510,EMBU-GUACU,Cap 01,44.0
351510,EMBU-GUACU,Cap 02,27.0
351510,EMBU-GUACU,Cap 03,8.0
351510,EMBU-GUACU,Cap 04,28.0
351510,EMBU-GUACU,Cap 05,34.0
351510,EMBU-GUACU,Cap 06,4.0
351510,EMBU-GUACU,Cap 07,4.0
351510,EMBU-GUACU,Cap 08,4.0
351510,EMBU-GUACU,Cap 09,245.0
351510,EMBU-GUACU,Cap 10,222.0
351510,EMBU-GUACU,Cap 11,61.0
351510,EMBU-GUACU,Cap 12,15.0
351510,EMBU-GUACU,Cap 13,6.0
351510,EMBU-GUACU,Cap 14,43.0
351510,EMBU-GUACU,Cap 15,55.0
351510,EMBU-GUACU,Cap 16,2.0
351510,EMBU-GUACU,Cap 18,106.0
351510,EMBU-GUACU,Cap 19,249.0
351518,ESPIRITO SANTO DO PINHAL,Cap 01,177.0
351518,ESPIRITO SANTO DO PINHAL,Cap 02,78.0
351518,ESPIRITO SANTO DO PINHAL,Cap 03,10.0
351518,ESPIRITO SANTO DO PINHAL,Cap 04,46.0
351518,ESPIRITO SANTO DO PINHAL,Cap 05,1831.0
351518,ESPIRITO SANTO DO PINHAL,Cap 06,56.0
351518,ESPIRITO SANTO DO PINHAL,Cap 08,4.0
351518,ESPIRITO SANTO DO PINHAL,Cap 09,373.0
351518,ESPIRITO SANTO DO PINHAL,Cap 10,301.0
351518,ESPIRITO SANTO DO PINHAL,Cap 11,426.0
351518,ESPIRITO SANTO DO PINHAL,Cap 12,42.0
351518,ESPIRITO SANTO DO PINHAL,Cap 13,29.0
351518,ESPIRITO SANTO DO PINHAL,Cap 14,463.0
351518,ESPIRITO SANTO DO PINHAL,Cap 15,318.0
351518,ESPIRITO SANTO DO PINHAL,Cap 16,46.0
351518,ESPIRITO SANTO DO PINHAL,Cap 17,13.0
351518,ESPIRITO SANTO DO PINHAL,Cap 18,57.0
351518,ESPIRITO SANTO DO PINHAL,Cap 19,278.0
351518,ESPIRITO SANTO DO PINHAL,Cap 21,74.0
351520,ESTRELA D'OESTE,Cap 01,184.0
351520,ESTRELA D'OESTE,Cap 03,8.0
351520,ESTRELA D'OESTE,Cap 04,36.0
351520,ESTRELA D'OESTE,Cap 06,9.0
351520,ESTRELA D'OESTE,Cap 09,18.0
351520,ESTRELA D'OESTE,Cap 10,155.0
351520,ESTRELA D'OESTE,Cap 11,52.0
351520,ESTRELA D'OESTE,Cap 12,20.0
351520,ESTRELA D'OESTE,Cap 13,7.0
351520,ESTRELA D'OESTE,Cap 14,121.0
351520,ESTRELA D'OESTE,Cap 15,9.0
351520,ESTRELA D'OESTE,Cap 18,3.0
351520,ESTRELA D'OESTE,Cap 19,2.0
351540,FARTURA,Cap 01,36.0
351540,FARTURA,Cap 02,33.0
351540,FARTURA,Cap 03,31.0
351540,FARTURA,Cap 04,29.0
351540,FARTURA,Cap 05,7.0
351540,FARTURA,Cap 06,5.0
351540,FARTURA,Cap 08,4.0
351540,FARTURA,Cap 09,94.0
351540,FARTURA,Cap 10,175.0
351540,FARTURA,Cap 11,159.0
351540,FARTURA,Cap 12,27.0
351540,FARTURA,Cap 13,3.0
351540,FARTURA,Cap 14,137.0
351540,FARTURA,Cap 15,148.0
351540,FARTURA,Cap 16,1.0
351540,FARTURA,Cap 17,2.0
351540,FARTURA,Cap 18,21.0
351540,FARTURA,Cap 19,15.0
351540,FARTURA,Cap 21,3.0
351550,FERNANDOPOLIS,Cap 01,762.0
351550,FERNANDOPOLIS,Cap 02,119.0
351550,FERNANDOPOLIS,Cap 03,66.0
351550,FERNANDOPOLIS,Cap 04,200.0
351550,FERNANDOPOLIS,Cap 05,5.0
351550,FERNANDOPOLIS,Cap 06,116.0
351550,FERNANDOPOLIS,Cap 07,1.0
351550,FERNANDOPOLIS,Cap 08,4.0
351550,FERNANDOPOLIS,Cap 09,950.0
351550,FERNANDOPOLIS,Cap 10,435.0
351550,FERNANDOPOLIS,Cap 11,1179.0
351550,FERNANDOPOLIS,Cap 12,120.0
351550,FERNANDOPOLIS,Cap 13,168.0
351550,FERNANDOPOLIS,Cap 14,730.0
351550,FERNANDOPOLIS,Cap 15,986.0
351550,FERNANDOPOLIS,Cap 16,71.0
351550,FERNANDOPOLIS,Cap 17,11.0
351550,FERNANDOPOLIS,Cap 18,281.0
351550,FERNANDOPOLIS,Cap 19,1087.0
351550,FERNANDOPOLIS,Cap 21,111.0
351570,FERRAZ DE VASCONCELOS,Cap 01,281.0
351570,FERRAZ DE VASCONCELOS,Cap 02,111.0
351570,FERRAZ DE VASCONCELOS,Cap 03,118.0
351570,FERRAZ DE VASCONCELOS,Cap 04,196.0
351570,FERRAZ DE VASCONCELOS,Cap 05,425.0
351570,FERRAZ DE VASCONCELOS,Cap 06,29.0
351570,FERRAZ DE VASCONCELOS,Cap 07,4.0
351570,FERRAZ DE VASCONCELOS,Cap 08,13.0
351570,FERRAZ DE VASCONCELOS,Cap 09,679.0
351570,FERRAZ DE VASCONCELOS,Cap 10,1061.0
351570,FERRAZ DE VASCONCELOS,Cap 11,903.0
351570,FERRAZ DE VASCONCELOS,Cap 12,193.0
351570,FERRAZ DE VASCONCELOS,Cap 13,63.0
351570,FERRAZ DE VASCONCELOS,Cap 14,563.0
351570,FERRAZ DE VASCONCELOS,Cap 15,1825.0
351570,FERRAZ DE VASCONCELOS,Cap 16,277.0
351570,FERRAZ DE VASCONCELOS,Cap 17,67.0
351570,FERRAZ DE VASCONCELOS,Cap 18,155.0
351570,FERRAZ DE VASCONCELOS,Cap 19,994.0
351570,FERRAZ DE VASCONCELOS,Cap 21,940.0
351600,FLORIDA PAULISTA,Cap 01,86.0
351600,FLORIDA PAULISTA,Cap 02,4.0
351600,FLORIDA PAULISTA,Cap 03,25.0
351600,FLORIDA PAULISTA,Cap 04,135.0
351600,FLORIDA PAULISTA,Cap 05,21.0
351600,FLORIDA PAULISTA,Cap 06,12.0
351600,FLORIDA PAULISTA,Cap 09,138.0
351600,FLORIDA PAULISTA,Cap 10,197.0
351600,FLORIDA PAULISTA,Cap 11,81.0
351600,FLORIDA PAULISTA,Cap 12,7.0
351600,FLORIDA PAULISTA,Cap 13,4.0
351600,FLORIDA PAULISTA,Cap 14,110.0
351600,FLORIDA PAULISTA,Cap 15,103.0
351600,FLORIDA PAULISTA,Cap 17,1.0
351600,FLORIDA PAULISTA,Cap 18,30.0
351600,FLORIDA PAULISTA,Cap 19,87.0
351600,FLORIDA PAULISTA,Cap 21,1.0
351620,FRANCA,Cap 01,1352.0
351620,FRANCA,Cap 02,2122.0
351620,FRANCA,Cap 03,206.0
351620,FRANCA,Cap 04,253.0
351620,FRANCA,Cap 05,1019.0
351620,FRANCA,Cap 06,539.0
351620,FRANCA,Cap 07,64.0
351620,FRANCA,Cap 08,54.0
351620,FRANCA,Cap 09,3335.0
351620,FRANCA,Cap 10,2123.0
351620,FRANCA,Cap 11,3083.0
351620,FRANCA,Cap 12,545.0
351620,FRANCA,Cap 13,514.0
351620,FRANCA,Cap 14,1789.0
351620,FRANCA,Cap 15,3756.0
351620,FRANCA,Cap 16,703.0
351620,FRANCA,Cap 17,158.0
351620,FRANCA,Cap 18,284.0
351620,FRANCA,Cap 19,2730.0
351620,FRANCA,Cap 21,496.0
351630,FRANCISCO MORATO,Cap 01,495.0
351630,FRANCISCO MORATO,Cap 02,464.0
351630,FRANCISCO MORATO,Cap 03,129.0
351630,FRANCISCO MORATO,Cap 04,346.0
351630,FRANCISCO MORATO,Cap 05,162.0
351630,FRANCISCO MORATO,Cap 06,134.0
351630,FRANCISCO MORATO,Cap 07,14.0
351630,FRANCISCO MORATO,Cap 08,29.0
351630,FRANCISCO MORATO,Cap 09,1843.0
351630,FRANCISCO MORATO,Cap 10,1761.0
351630,FRANCISCO MORATO,Cap 11,1052.0
351630,FRANCISCO MORATO,Cap 12,395.0
351630,FRANCISCO MORATO,Cap 13,50.0
351630,FRANCISCO MORATO,Cap 14,1243.0
351630,FRANCISCO MORATO,Cap 15,2908.0
351630,FRANCISCO MORATO,Cap 16,677.0
351630,FRANCISCO MORATO,Cap 17,33.0
351630,FRANCISCO MORATO,Cap 18,321.0
351630,FRANCISCO MORATO,Cap 19,1157.0
351630,FRANCISCO MORATO,Cap 21,676.0
351640,FRANCO DA ROCHA,Cap 01,173.0
351640,FRANCO DA ROCHA,Cap 02,346.0
351640,FRANCO DA ROCHA,Cap 03,15.0
351640,FRANCO DA ROCHA,Cap 04,169.0
351640,FRANCO DA ROCHA,Cap 05,1067.0
351640,FRANCO DA ROCHA,Cap 06,68.0
351640,FRANCO DA ROCHA,Cap 07,950.0
351640,FRANCO DA ROCHA,Cap 09,818.0
351640,FRANCO DA ROCHA,Cap 10,135.0
351640,FRANCO DA ROCHA,Cap 11,1812.0
351640,FRANCO DA ROCHA,Cap 12,60.0
351640,FRANCO DA ROCHA,Cap 13,254.0
351640,FRANCO DA ROCHA,Cap 14,153.0
351640,FRANCO DA ROCHA,Cap 15,1.0
351640,FRANCO DA ROCHA,Cap 17,1.0
351640,FRANCO DA ROCHA,Cap 18,268.0
351640,FRANCO DA ROCHA,Cap 19,2407.0
351640,FRANCO DA ROCHA,Cap 21,87.0
351660,GALIA,Cap 01,12.0
351660,GALIA,Cap 02,2.0
351660,GALIA,Cap 04,17.0
351660,GALIA,Cap 09,18.0
351660,GALIA,Cap 10,39.0
351660,GALIA,Cap 11,6.0
351660,GALIA,Cap 12,7.0
351660,GALIA,Cap 13,2.0
351660,GALIA,Cap 14,43.0
351660,GALIA,Cap 18,3.0
351670,GARCA,Cap 01,61.0
351670,GARCA,Cap 02,58.0
351670,GARCA,Cap 03,33.0
351670,GARCA,Cap 04,43.0
351670,GARCA,Cap 05,1010.0
351670,GARCA,Cap 06,34.0
351670,GARCA,Cap 08,1.0
351670,GARCA,Cap 09,157.0
351670,GARCA,Cap 10,188.0
351670,GARCA,Cap 11,184.0
351670,GARCA,Cap 12,12.0
351670,GARCA,Cap 13,24.0
351670,GARCA,Cap 14,243.0
351670,GARCA,Cap 15,405.0
351670,GARCA,Cap 16,11.0
351670,GARCA,Cap 17,1.0
351670,GARCA,Cap 18,14.0
351670,GARCA,Cap 19,126.0
351670,GARCA,Cap 21,79.0
351690,GENERAL SALGADO,Cap 01,74.0
351690,GENERAL SALGADO,Cap 04,10.0
351690,GENERAL SALGADO,Cap 05,1.0
351690,GENERAL SALGADO,Cap 06,1.0
351690,GENERAL SALGADO,Cap 09,174.0
351690,GENERAL SALGADO,Cap 10,131.0
351690,GENERAL SALGADO,Cap 11,14.0
351690,GENERAL SALGADO,Cap 12,3.0
351690,GENERAL SALGADO,Cap 13,1.0
351690,GENERAL SALGADO,Cap 14,39.0
351690,GENERAL SALGADO,Cap 19,3.0
351700,GETULINA,Cap 01,14.0
351700,GETULINA,Cap 02,11.0
351700,GETULINA,Cap 03,14.0
351700,GETULINA,Cap 04,23.0
351700,GETULINA,Cap 05,55.0
351700,GETULINA,Cap 09,33.0
351700,GETULINA,Cap 10,86.0
351700,GETULINA,Cap 11,13.0
351700,GETULINA,Cap 12,20.0
351700,GETULINA,Cap 13,3.0
351700,GETULINA,Cap 14,85.0
351700,GETULINA,Cap 19,5.0
351740,GUAIRA,Cap 01,490.0
351740,GUAIRA,Cap 02,69.0
351740,GUAIRA,Cap 03,28.0
351740,GUAIRA,Cap 04,73.0
351740,GUAIRA,Cap 05,2.0
351740,GUAIRA,Cap 06,97.0
351740,GUAIRA,Cap 08,2.0
351740,GUAIRA,Cap 09,386.0
351740,GUAIRA,Cap 10,333.0
351740,GUAIRA,Cap 11,378.0
351740,GUAIRA,Cap 12,86.0
351740,GUAIRA,Cap 13,82.0
351740,GUAIRA,Cap 14,367.0
351740,GUAIRA,Cap 15,337.0
351740,GUAIRA,Cap 16,25.0
351740,GUAIRA,Cap 17,1.0
351740,GUAIRA,Cap 18,165.0
351740,GUAIRA,Cap 19,371.0
351740,GUAIRA,Cap 21,117.0
351760,GUAPIARA,Cap 01,14.0
351760,GUAPIARA,Cap 02,6.0
351760,GUAPIARA,Cap 03,8.0
351760,GUAPIARA,Cap 04,7.0
351760,GUAPIARA,Cap 05,3.0
351760,GUAPIARA,Cap 06,2.0
351760,GUAPIARA,Cap 09,42.0
351760,GUAPIARA,Cap 10,93.0
351760,GUAPIARA,Cap 11,11.0
351760,GUAPIARA,Cap 12,16.0
351760,GUAPIARA,Cap 13,1.0
351760,GUAPIARA,Cap 14,66.0
351760,GUAPIARA,Cap 18,13.0
351760,GUAPIARA,Cap 19,7.0
351760,GUAPIARA,Cap 21,2.0
351770,GUARA,Cap 01,37.0
351770,GUARA,Cap 02,17.0
351770,GUARA,Cap 03,14.0
351770,GUARA,Cap 04,33.0
351770,GUARA,Cap 05,61.0
351770,GUARA,Cap 06,4.0
351770,GUARA,Cap 08,2.0
351770,GUARA,Cap 09,46.0
351770,GUARA,Cap 10,118.0
351770,GUARA,Cap 11,105.0
351770,GUARA,Cap 12,4.0
351770,GUARA,Cap 13,5.0
351770,GUARA,Cap 14,123.0
351770,GUARA,Cap 15,133.0
351770,GUARA,Cap 16,3.0
351770,GUARA,Cap 18,14.0
351770,GUARA,Cap 19,61.0
351770,GUARA,Cap 21,21.0
351780,GUARACAI,Cap 01,21.0
351780,GUARACAI,Cap 03,3.0
351780,GUARACAI,Cap 04,69.0
351780,GUARACAI,Cap 05,1.0
351780,GUARACAI,Cap 06,4.0
351780,GUARACAI,Cap 08,3.0
351780,GUARACAI,Cap 09,47.0
351780,GUARACAI,Cap 10,100.0
351780,GUARACAI,Cap 11,184.0
351780,GUARACAI,Cap 12,15.0
351780,GUARACAI,Cap 13,13.0
351780,GUARACAI,Cap 14,73.0
351780,GUARACAI,Cap 19,7.0
351820,GUARARAPES,Cap 01,74.0
351820,GUARARAPES,Cap 02,5.0
351820,GUARARAPES,Cap 03,106.0
351820,GUARARAPES,Cap 04,62.0
351820,GUARARAPES,Cap 05,16.0
351820,GUARARAPES,Cap 06,11.0
351820,GUARARAPES,Cap 08,5.0
351820,GUARARAPES,Cap 09,123.0
351820,GUARARAPES,Cap 10,459.0
351820,GUARARAPES,Cap 11,198.0
351820,GUARARAPES,Cap 12,45.0
351820,GUARARAPES,Cap 13,23.0
351820,GUARARAPES,Cap 14,201.0
351820,GUARARAPES,Cap 15,125.0
351820,GUARARAPES,Cap 16,6.0
351820,GUARARAPES,Cap 17,2.0
351820,GUARARAPES,Cap 18,4.0
351820,GUARARAPES,Cap 19,52.0
351820,GUARARAPES,Cap 21,52.0
351830,GUARAREMA,Cap 01,67.0
351830,GUARAREMA,Cap 02,18.0
351830,GUARAREMA,Cap 03,39.0
351830,GUARAREMA,Cap 04,58.0
351830,GUARAREMA,Cap 05,25.0
351830,GUARAREMA,Cap 06,18.0
351830,GUARAREMA,Cap 07,7.0
351830,GUARAREMA,Cap 08,7.0
351830,GUARAREMA,Cap 09,175.0
351830,GUARAREMA,Cap 10,185.0
351830,GUARAREMA,Cap 11,45.0
351830,GUARAREMA,Cap 12,30.0
351830,GUARAREMA,Cap 13,12.0
351830,GUARAREMA,Cap 14,199.0
351830,GUARAREMA,Cap 15,351.0
351830,GUARAREMA,Cap 16,16.0
351830,GUARAREMA,Cap 17,6.0
351830,GUARAREMA,Cap 18,59.0
351830,GUARAREMA,Cap 19,142.0
351830,GUARAREMA,Cap 21,97.0
351840,GUARATINGUETA,Cap 01,429.0
351840,GUARATINGUETA,Cap 02,1496.0
351840,GUARATINGUETA,Cap 03,37.0
351840,GUARATINGUETA,Cap 04,212.0
351840,GUARATINGUETA,Cap 05,3.0
351840,GUARATINGUETA,Cap 06,132.0
351840,GUARATINGUETA,Cap 07,2.0
351840,GUARATINGUETA,Cap 08,11.0
351840,GUARATINGUETA,Cap 09,879.0
351840,GUARATINGUETA,Cap 10,636.0
351840,GUARATINGUETA,Cap 11,1587.0
351840,GUARATINGUETA,Cap 12,228.0
351840,GUARATINGUETA,Cap 13,224.0
351840,GUARATINGUETA,Cap 14,1456.0
351840,GUARATINGUETA,Cap 15,1199.0
351840,GUARATINGUETA,Cap 16,213.0
351840,GUARATINGUETA,Cap 17,16.0
351840,GUARATINGUETA,Cap 18,331.0
351840,GUARATINGUETA,Cap 19,982.0
351840,GUARATINGUETA,Cap 21,38.0
351860,GUARIBA,Cap 01,47.0
351860,GUARIBA,Cap 02,34.0
351860,GUARIBA,Cap 03,7.0
351860,GUARIBA,Cap 04,19.0
351860,GUARIBA,Cap 05,4.0
351860,GUARIBA,Cap 06,56.0
351860,GUARIBA,Cap 08,1.0
351860,GUARIBA,Cap 09,129.0
351860,GUARIBA,Cap 10,195.0
351860,GUARIBA,Cap 11,135.0
351860,GUARIBA,Cap 12,20.0
351860,GUARIBA,Cap 13,69.0
351860,GUARIBA,Cap 14,155.0
351860,GUARIBA,Cap 15,205.0
351860,GUARIBA,Cap 16,46.0
351860,GUARIBA,Cap 17,4.0
351860,GUARIBA,Cap 18,21.0
351860,GUARIBA,Cap 19,182.0
351860,GUARIBA,Cap 21,94.0
351870,GUARUJA,Cap 01,1046.0
351870,GUARUJA,Cap 02,816.0
351870,GUARUJA,Cap 03,52.0
351870,GUARUJA,Cap 04,147.0
351870,GUARUJA,Cap 05,8.0
351870,GUARUJA,Cap 06,162.0
351870,GUARUJA,Cap 07,58.0
351870,GUARUJA,Cap 08,3.0
351870,GUARUJA,Cap 09,996.0
351870,GUARUJA,Cap 10,879.0
351870,GUARUJA,Cap 11,1720.0
351870,GUARUJA,Cap 12,213.0
351870,GUARUJA,Cap 13,503.0
351870,GUARUJA,Cap 14,941.0
351870,GUARUJA,Cap 15,2547.0
351870,GUARUJA,Cap 16,806.0
351870,GUARUJA,Cap 17,52.0
351870,GUARUJA,Cap 18,174.0
351870,GUARUJA,Cap 19,1677.0
351870,GUARUJA,Cap 21,257.0
351880,GUARULHOS,Cap 01,2055.0
351880,GUARULHOS,Cap 02,2421.0
351880,GUARULHOS,Cap 03,433.0
351880,GUARULHOS,Cap 04,1004.0
351880,GUARULHOS,Cap 05,831.0
351880,GUARULHOS,Cap 06,1229.0
351880,GUARULHOS,Cap 07,2263.0
351880,GUARULHOS,Cap 08,49.0
351880,GUARULHOS,Cap 09,5499.0
351880,GUARULHOS,Cap 10,5023.0
351880,GUARULHOS,Cap 11,6588.0
351880,GUARULHOS,Cap 12,1119.0
351880,GUARULHOS,Cap 13,866.0
351880,GUARULHOS,Cap 14,3467.0
351880,GUARULHOS,Cap 15,11609.0
351880,GUARULHOS,Cap 16,2496.0
351880,GUARULHOS,Cap 17,442.0
351880,GUARULHOS,Cap 18,613.0
351880,GUARULHOS,Cap 19,6720.0
351880,GUARULHOS,Cap 21,2260.0
351900,HERCULANDIA,Cap 01,140.0
351900,HERCULANDIA,Cap 03,2.0
351900,HERCULANDIA,Cap 04,57.0
351900,HERCULANDIA,Cap 06,1.0
351900,HERCULANDIA,Cap 09,63.0
351900,HERCULANDIA,Cap 10,370.0
351900,HERCULANDIA,Cap 11,49.0
351900,HERCULANDIA,Cap 12,10.0
351900,HERCULANDIA,Cap 14,73.0
351907,HORTOLANDIA,Cap 01,126.0
351907,HORTOLANDIA,Cap 02,55.0
351907,HORTOLANDIA,Cap 03,30.0
351907,HORTOLANDIA,Cap 04,82.0
351907,HORTOLANDIA,Cap 05,9.0
351907,HORTOLANDIA,Cap 06,33.0
351907,HORTOLANDIA,Cap 07,1.0
351907,HORTOLANDIA,Cap 08,7.0
351907,HORTOLANDIA,Cap 09,565.0
351907,HORTOLANDIA,Cap 10,387.0
351907,HORTOLANDIA,Cap 11,606.0
351907,HORTOLANDIA,Cap 12,98.0
351907,HORTOLANDIA,Cap 13,32.0
351907,HORTOLANDIA,Cap 14,310.0
351907,HORTOLANDIA,Cap 15,1942.0
351907,HORTOLANDIA,Cap 16,190.0
351907,HORTOLANDIA,Cap 17,6.0
351907,HORTOLANDIA,Cap 18,116.0
351907,HORTOLANDIA,Cap 19,1063.0
351907,HORTOLANDIA,Cap 21,81.0
351910,IACANGA,Cap 01,31.0
351910,IACANGA,Cap 02,16.0
351910,IACANGA,Cap 03,30.0
351910,IACANGA,Cap 04,18.0
351910,IACANGA,Cap 05,25.0
351910,IACANGA,Cap 06,13.0
351910,IACANGA,Cap 07,3.0
351910,IACANGA,Cap 08,3.0
351910,IACANGA,Cap 09,72.0
351910,IACANGA,Cap 10,130.0
351910,IACANGA,Cap 11,65.0
351910,IACANGA,Cap 12,21.0
351910,IACANGA,Cap 13,13.0
351910,IACANGA,Cap 14,71.0
351910,IACANGA,Cap 15,85.0
351910,IACANGA,Cap 16,3.0
351910,IACANGA,Cap 17,1.0
351910,IACANGA,Cap 18,41.0
351910,IACANGA,Cap 19,145.0
351910,IACANGA,Cap 21,2.0
351930,IBATE,Cap 01,121.0
351930,IBATE,Cap 02,23.0
351930,IBATE,Cap 03,2.0
351930,IBATE,Cap 04,13.0
351930,IBATE,Cap 05,42.0
351930,IBATE,Cap 06,12.0
351930,IBATE,Cap 08,2.0
351930,IBATE,Cap 09,89.0
351930,IBATE,Cap 10,101.0
351930,IBATE,Cap 11,120.0
351930,IBATE,Cap 12,24.0
351930,IBATE,Cap 13,3.0
351930,IBATE,Cap 14,72.0
351930,IBATE,Cap 15,265.0
351930,IBATE,Cap 16,10.0
351930,IBATE,Cap 17,18.0
351930,IBATE,Cap 18,3.0
351930,IBATE,Cap 19,18.0
351930,IBATE,Cap 21,20.0
351940,IBIRA,Cap 01,91.0
351940,IBIRA,Cap 02,2.0
351940,IBIRA,Cap 03,4.0
351940,IBIRA,Cap 04,31.0
351940,IBIRA,Cap 05,3.0
351940,IBIRA,Cap 08,1.0
351940,IBIRA,Cap 09,11.0
351940,IBIRA,Cap 10,132.0
351940,IBIRA,Cap 11,24.0
351940,IBIRA,Cap 12,2.0
351940,IBIRA,Cap 13,3.0
351940,IBIRA,Cap 14,94.0
351940,IBIRA,Cap 18,13.0
351940,IBIRA,Cap 19,4.0
351960,IBITINGA,Cap 01,338.0
351960,IBITINGA,Cap 02,112.0
351960,IBITINGA,Cap 03,29.0
351960,IBITINGA,Cap 04,107.0
351960,IBITINGA,Cap 05,267.0
351960,IBITINGA,Cap 06,94.0
351960,IBITINGA,Cap 07,2.0
351960,IBITINGA,Cap 08,2.0
351960,IBITINGA,Cap 09,409.0
351960,IBITINGA,Cap 10,507.0
351960,IBITINGA,Cap 11,461.0
351960,IBITINGA,Cap 12,91.0
351960,IBITINGA,Cap 13,226.0
351960,IBITINGA,Cap 14,366.0
351960,IBITINGA,Cap 15,785.0
351960,IBITINGA,Cap 16,6.0
351960,IBITINGA,Cap 17,7.0
351960,IBITINGA,Cap 18,60.0
351960,IBITINGA,Cap 19,1112.0
351960,IBITINGA,Cap 21,69.0
351970,IBIUNA,Cap 01,330.0
351970,IBIUNA,Cap 02,114.0
351970,IBIUNA,Cap 03,60.0
351970,IBIUNA,Cap 04,58.0
351970,IBIUNA,Cap 05,74.0
351970,IBIUNA,Cap 06,32.0
351970,IBIUNA,Cap 07,24.0
351970,IBIUNA,Cap 08,8.0
351970,IBIUNA,Cap 09,303.0
351970,IBIUNA,Cap 10,413.0
351970,IBIUNA,Cap 11,439.0
351970,IBIUNA,Cap 12,187.0
351970,IBIUNA,Cap 13,43.0
351970,IBIUNA,Cap 14,456.0
351970,IBIUNA,Cap 15,609.0
351970,IBIUNA,Cap 16,1.0
351970,IBIUNA,Cap 17,3.0
351970,IBIUNA,Cap 18,292.0
351970,IBIUNA,Cap 19,760.0
351970,IBIUNA,Cap 21,95.0
351990,IEPE,Cap 01,44.0
351990,IEPE,Cap 02,15.0
351990,IEPE,Cap 03,13.0
351990,IEPE,Cap 04,44.0
351990,IEPE,Cap 05,38.0
351990,IEPE,Cap 06,9.0
351990,IEPE,Cap 08,5.0
351990,IEPE,Cap 09,73.0
351990,IEPE,Cap 10,130.0
351990,IEPE,Cap 11,59.0
351990,IEPE,Cap 12,47.0
351990,IEPE,Cap 13,15.0
351990,IEPE,Cap 14,145.0
351990,IEPE,Cap 15,5.0
351990,IEPE,Cap 16,9.0
351990,IEPE,Cap 18,6.0
351990,IEPE,Cap 19,54.0
351990,IEPE,Cap 21,5.0
352010,IGARAPAVA,Cap 01,38.0
352010,IGARAPAVA,Cap 02,64.0
352010,IGARAPAVA,Cap 03,10.0
352010,IGARAPAVA,Cap 04,47.0
352010,IGARAPAVA,Cap 05,145.0
352010,IGARAPAVA,Cap 06,31.0
352010,IGARAPAVA,Cap 07,1.0
352010,IGARAPAVA,Cap 09,88.0
352010,IGARAPAVA,Cap 10,237.0
352010,IGARAPAVA,Cap 11,214.0
352010,IGARAPAVA,Cap 12,44.0
352010,IGARAPAVA,Cap 13,52.0
352010,IGARAPAVA,Cap 14,140.0
352010,IGARAPAVA,Cap 15,116.0
352010,IGARAPAVA,Cap 16,8.0
352010,IGARAPAVA,Cap 17,1.0
352010,IGARAPAVA,Cap 18,9.0
352010,IGARAPAVA,Cap 19,110.0
352010,IGARAPAVA,Cap 21,24.0
352040,ILHABELA,Cap 01,148.0
352040,ILHABELA,Cap 02,87.0
352040,ILHABELA,Cap 03,50.0
352040,ILHABELA,Cap 04,30.0
352040,ILHABELA,Cap 05,173.0
352040,ILHABELA,Cap 06,33.0
352040,ILHABELA,Cap 08,8.0
352040,ILHABELA,Cap 09,208.0
352040,ILHABELA,Cap 10,300.0
352040,ILHABELA,Cap 11,441.0
352040,ILHABELA,Cap 12,45.0
352040,ILHABELA,Cap 13,103.0
352040,ILHABELA,Cap 14,225.0
352040,ILHABELA,Cap 15,507.0
352040,ILHABELA,Cap 16,31.0
352040,ILHABELA,Cap 17,10.0
352040,ILHABELA,Cap 18,48.0
352040,ILHABELA,Cap 19,236.0
352040,ILHABELA,Cap 21,139.0
352044,ILHA SOLTEIRA,Cap 01,93.0
352044,ILHA SOLTEIRA,Cap 02,32.0
352044,ILHA SOLTEIRA,Cap 03,51.0
352044,ILHA SOLTEIRA,Cap 04,53.0
352044,ILHA SOLTEIRA,Cap 05,58.0
352044,ILHA SOLTEIRA,Cap 06,29.0
352044,ILHA SOLTEIRA,Cap 08,5.0
352044,ILHA SOLTEIRA,Cap 09,164.0
352044,ILHA SOLTEIRA,Cap 10,701.0
352044,ILHA SOLTEIRA,Cap 11,502.0
352044,ILHA SOLTEIRA,Cap 12,70.0
352044,ILHA SOLTEIRA,Cap 13,39.0
352044,ILHA SOLTEIRA,Cap 14,302.0
352044,ILHA SOLTEIRA,Cap 15,233.0
352044,ILHA SOLTEIRA,Cap 16,36.0
352044,ILHA SOLTEIRA,Cap 17,1.0
352044,ILHA SOLTEIRA,Cap 18,48.0
352044,ILHA SOLTEIRA,Cap 19,222.0
352044,ILHA SOLTEIRA,Cap 21,115.0
352050,INDAIATUBA,Cap 01,712.0
352050,INDAIATUBA,Cap 02,2009.0
352050,INDAIATUBA,Cap 03,80.0
352050,INDAIATUBA,Cap 04,300.0
352050,INDAIATUBA,Cap 05,348.0
352050,INDAIATUBA,Cap 06,535.0
352050,INDAIATUBA,Cap 07,932.0
352050,INDAIATUBA,Cap 08,29.0
352050,INDAIATUBA,Cap 09,2046.0
352050,INDAIATUBA,Cap 10,1234.0
352050,INDAIATUBA,Cap 11,3043.0
352050,INDAIATUBA,Cap 12,249.0
352050,INDAIATUBA,Cap 13,552.0
352050,INDAIATUBA,Cap 14,1981.0
352050,INDAIATUBA,Cap 15,2882.0
352050,INDAIATUBA,Cap 16,290.0
352050,INDAIATUBA,Cap 17,81.0
352050,INDAIATUBA,Cap 18,1214.0
352050,INDAIATUBA,Cap 19,3270.0
352050,INDAIATUBA,Cap 21,958.0
352070,INDIAPORA,Cap 01,19.0
352070,INDIAPORA,Cap 02,8.0
352070,INDIAPORA,Cap 03,13.0
352070,INDIAPORA,Cap 04,14.0
352070,INDIAPORA,Cap 05,2.0
352070,INDIAPORA,Cap 06,9.0
352070,INDIAPORA,Cap 08,1.0
352070,INDIAPORA,Cap 09,20.0
352070,INDIAPORA,Cap 10,66.0
352070,INDIAPORA,Cap 11,74.0
352070,INDIAPORA,Cap 12,10.0
352070,INDIAPORA,Cap 13,20.0
352070,INDIAPORA,Cap 14,113.0
352070,INDIAPORA,Cap 16,1.0
352070,INDIAPORA,Cap 18,5.0
352070,INDIAPORA,Cap 19,6.0
352070,INDIAPORA,Cap 21,3.0
352090,IPAUSSU,Cap 01,21.0
352090,IPAUSSU,Cap 02,6.0
352090,IPAUSSU,Cap 03,44.0
352090,IPAUSSU,Cap 04,45.0
352090,IPAUSSU,Cap 05,45.0
352090,IPAUSSU,Cap 06,7.0
352090,IPAUSSU,Cap 08,3.0
352090,IPAUSSU,Cap 09,117.0
352090,IPAUSSU,Cap 10,158.0
352090,IPAUSSU,Cap 11,75.0
352090,IPAUSSU,Cap 12,8.0
352090,IPAUSSU,Cap 13,14.0
352090,IPAUSSU,Cap 14,105.0
352090,IPAUSSU,Cap 15,105.0
352090,IPAUSSU,Cap 16,37.0
352090,IPAUSSU,Cap 17,1.0
352090,IPAUSSU,Cap 18,1.0
352090,IPAUSSU,Cap 19,18.0
352090,IPAUSSU,Cap 21,32.0
352130,IPUA,Cap 01,28.0
352130,IPUA,Cap 02,174.0
352130,IPUA,Cap 03,20.0
352130,IPUA,Cap 04,28.0
352130,IPUA,Cap 05,86.0
352130,IPUA,Cap 06,10.0
352130,IPUA,Cap 09,32.0
352130,IPUA,Cap 10,118.0
352130,IPUA,Cap 11,89.0
352130,IPUA,Cap 12,242.0
352130,IPUA,Cap 13,7.0
352130,IPUA,Cap 14,77.0
352130,IPUA,Cap 15,80.0
352130,IPUA,Cap 16,14.0
352130,IPUA,Cap 17,19.0
352130,IPUA,Cap 18,6.0
352130,IPUA,Cap 19,35.0
352130,IPUA,Cap 21,24.0
352170,ITABERA,Cap 01,38.0
352170,ITABERA,Cap 02,44.0
352170,ITABERA,Cap 03,36.0
352170,ITABERA,Cap 04,22.0
352170,ITABERA,Cap 05,18.0
352170,ITABERA,Cap 06,22.0
352170,ITABERA,Cap 08,4.0
352170,ITABERA,Cap 09,128.0
352170,ITABERA,Cap 10,272.0
352170,ITABERA,Cap 11,80.0
352170,ITABERA,Cap 12,40.0
352170,ITABERA,Cap 13,31.0
352170,ITABERA,Cap 14,117.0
352170,ITABERA,Cap 15,144.0
352170,ITABERA,Cap 16,8.0
352170,ITABERA,Cap 17,3.0
352170,ITABERA,Cap 18,15.0
352170,ITABERA,Cap 19,24.0
352170,ITABERA,Cap 21,3.0
352180,ITAI,Cap 01,34.0
352180,ITAI,Cap 02,10.0
352180,ITAI,Cap 03,20.0
352180,ITAI,Cap 04,35.0
352180,ITAI,Cap 05,46.0
352180,ITAI,Cap 06,7.0
352180,ITAI,Cap 08,1.0
352180,ITAI,Cap 09,98.0
352180,ITAI,Cap 10,224.0
352180,ITAI,Cap 11,120.0
352180,ITAI,Cap 12,37.0
352180,ITAI,Cap 13,7.0
352180,ITAI,Cap 14,105.0
352180,ITAI,Cap 15,209.0
352180,ITAI,Cap 16,2.0
352180,ITAI,Cap 18,7.0
352180,ITAI,Cap 19,33.0
352180,ITAI,Cap 21,29.0
352190,ITAJOBI,Cap 01,28.0
352190,ITAJOBI,Cap 02,21.0
352190,ITAJOBI,Cap 03,10.0
352190,ITAJOBI,Cap 04,43.0
352190,ITAJOBI,Cap 05,35.0
352190,ITAJOBI,Cap 06,79.0
352190,ITAJOBI,Cap 09,58.0
352190,ITAJOBI,Cap 10,235.0
352190,ITAJOBI,Cap 11,15.0
352190,ITAJOBI,Cap 12,22.0
352190,ITAJOBI,Cap 13,41.0
352190,ITAJOBI,Cap 14,161.0
352190,ITAJOBI,Cap 19,3.0
352210,ITANHAEM,Cap 01,399.0
352210,ITANHAEM,Cap 02,230.0
352210,ITANHAEM,Cap 03,196.0
352210,ITANHAEM,Cap 04,65.0
352210,ITANHAEM,Cap 05,8.0
352210,ITANHAEM,Cap 06,48.0
352210,ITANHAEM,Cap 07,7.0
352210,ITANHAEM,Cap 08,2.0
352210,ITANHAEM,Cap 09,855.0
352210,ITANHAEM,Cap 10,564.0
352210,ITANHAEM,Cap 11,1587.0
352210,ITANHAEM,Cap 12,86.0
352210,ITANHAEM,Cap 13,92.0
352210,ITANHAEM,Cap 14,643.0
352210,ITANHAEM,Cap 15,3362.0
352210,ITANHAEM,Cap 16,1342.0
352210,ITANHAEM,Cap 17,57.0
352210,ITANHAEM,Cap 18,176.0
352210,ITANHAEM,Cap 19,1340.0
352210,ITANHAEM,Cap 21,952.0
352220,ITAPECERICA DA SERRA,Cap 01,670.0
352220,ITAPECERICA DA SERRA,Cap 02,790.0
352220,ITAPECERICA DA SERRA,Cap 03,86.0
352220,ITAPECERICA DA SERRA,Cap 04,406.0
352220,ITAPECERICA DA SERRA,Cap 05,24.0
352220,ITAPECERICA DA SERRA,Cap 06,299.0
352220,ITAPECERICA DA SERRA,Cap 07,1450.0
352220,ITAPECERICA DA SERRA,Cap 08,7.0
352220,ITAPECERICA DA SERRA,Cap 09,1534.0
352220,ITAPECERICA DA SERRA,Cap 10,1490.0
352220,ITAPECERICA DA SERRA,Cap 11,1844.0
352220,ITAPECERICA DA SERRA,Cap 12,388.0
352220,ITAPECERICA DA SERRA,Cap 13,385.0
352220,ITAPECERICA DA SERRA,Cap 14,959.0
352220,ITAPECERICA DA SERRA,Cap 15,2752.0
352220,ITAPECERICA DA SERRA,Cap 16,502.0
352220,ITAPECERICA DA SERRA,Cap 17,212.0
352220,ITAPECERICA DA SERRA,Cap 18,246.0
352220,ITAPECERICA DA SERRA,Cap 19,2570.0
352220,ITAPECERICA DA SERRA,Cap 21,547.0
352230,ITAPETININGA,Cap 01,543.0
352230,ITAPETININGA,Cap 02,225.0
352230,ITAPETININGA,Cap 03,41.0
352230,ITAPETININGA,Cap 04,152.0
352230,ITAPETININGA,Cap 05,29.0
352230,ITAPETININGA,Cap 06,83.0
352230,ITAPETININGA,Cap 07,4.0
352230,ITAPETININGA,Cap 08,10.0
352230,ITAPETININGA,Cap 09,1157.0
352230,ITAPETININGA,Cap 10,997.0
352230,ITAPETININGA,Cap 11,1506.0
352230,ITAPETININGA,Cap 12,211.0
352230,ITAPETININGA,Cap 13,92.0
352230,ITAPETININGA,Cap 14,751.0
352230,ITAPETININGA,Cap 15,2204.0
352230,ITAPETININGA,Cap 16,89.0
352230,ITAPETININGA,Cap 17,19.0
352230,ITAPETININGA,Cap 18,65.0
352230,ITAPETININGA,Cap 19,1776.0
352230,ITAPETININGA,Cap 21,507.0
352240,ITAPEVA,Cap 01,389.0
352240,ITAPEVA,Cap 02,917.0
352240,ITAPEVA,Cap 03,55.0
352240,ITAPEVA,Cap 04,156.0
352240,ITAPEVA,Cap 05,17.0
352240,ITAPEVA,Cap 06,139.0
352240,ITAPEVA,Cap 08,37.0
352240,ITAPEVA,Cap 09,788.0
352240,ITAPEVA,Cap 10,1010.0
352240,ITAPEVA,Cap 11,1217.0
352240,ITAPEVA,Cap 12,121.0
352240,ITAPEVA,Cap 13,142.0
352240,ITAPEVA,Cap 14,637.0
352240,ITAPEVA,Cap 15,2090.0
352240,ITAPEVA,Cap 16,249.0
352240,ITAPEVA,Cap 17,31.0
352240,ITAPEVA,Cap 18,160.0
352240,ITAPEVA,Cap 19,1320.0
352240,ITAPEVA,Cap 21,32.0
352250,ITAPEVI,Cap 01,331.0
352250,ITAPEVI,Cap 02,314.0
352250,ITAPEVI,Cap 03,78.0
352250,ITAPEVI,Cap 04,92.0
352250,ITAPEVI,Cap 05,157.0
352250,ITAPEVI,Cap 06,76.0
352250,ITAPEVI,Cap 08,4.0
352250,ITAPEVI,Cap 09,524.0
352250,ITAPEVI,Cap 10,1011.0
352250,ITAPEVI,Cap 11,2140.0
352250,ITAPEVI,Cap 12,201.0
352250,ITAPEVI,Cap 13,73.0
352250,ITAPEVI,Cap 14,1843.0
352250,ITAPEVI,Cap 15,4179.0
352250,ITAPEVI,Cap 16,1005.0
352250,ITAPEVI,Cap 17,108.0
352250,ITAPEVI,Cap 18,135.0
352250,ITAPEVI,Cap 19,1844.0
352250,ITAPEVI,Cap 21,1703.0
352260,ITAPIRA,Cap 01,104.0
352260,ITAPIRA,Cap 02,113.0
352260,ITAPIRA,Cap 03,7.0
352260,ITAPIRA,Cap 04,70.0
352260,ITAPIRA,Cap 05,2635.0
352260,ITAPIRA,Cap 06,59.0
352260,ITAPIRA,Cap 08,3.0
352260,ITAPIRA,Cap 09,327.0
352260,ITAPIRA,Cap 10,431.0
352260,ITAPIRA,Cap 11,399.0
352260,ITAPIRA,Cap 12,128.0
352260,ITAPIRA,Cap 13,84.0
352260,ITAPIRA,Cap 14,288.0
352260,ITAPIRA,Cap 15,537.0
352260,ITAPIRA,Cap 16,98.0
352260,ITAPIRA,Cap 17,6.0
352260,ITAPIRA,Cap 18,30.0
352260,ITAPIRA,Cap 19,481.0
352260,ITAPIRA,Cap 21,62.0
352270,ITAPOLIS,Cap 01,214.0
352270,ITAPOLIS,Cap 02,103.0
352270,ITAPOLIS,Cap 03,66.0
352270,ITAPOLIS,Cap 04,155.0
352270,ITAPOLIS,Cap 05,2.0
352270,ITAPOLIS,Cap 06,44.0
352270,ITAPOLIS,Cap 08,6.0
352270,ITAPOLIS,Cap 09,589.0
352270,ITAPOLIS,Cap 10,853.0
352270,ITAPOLIS,Cap 11,290.0
352270,ITAPOLIS,Cap 12,139.0
352270,ITAPOLIS,Cap 13,106.0
352270,ITAPOLIS,Cap 14,425.0
352270,ITAPOLIS,Cap 15,237.0
352270,ITAPOLIS,Cap 16,18.0
352270,ITAPOLIS,Cap 17,2.0
352270,ITAPOLIS,Cap 18,42.0
352270,ITAPOLIS,Cap 19,309.0
352270,ITAPOLIS,Cap 21,91.0
352280,ITAPORANGA,Cap 01,28.0
352280,ITAPORANGA,Cap 02,38.0
352280,ITAPORANGA,Cap 03,34.0
352280,ITAPORANGA,Cap 04,20.0
352280,ITAPORANGA,Cap 05,59.0
352280,ITAPORANGA,Cap 06,35.0
352280,ITAPORANGA,Cap 09,66.0
352280,ITAPORANGA,Cap 10,211.0
352280,ITAPORANGA,Cap 11,114.0
352280,ITAPORANGA,Cap 12,27.0
352280,ITAPORANGA,Cap 13,17.0
352280,ITAPORANGA,Cap 14,101.0
352280,ITAPORANGA,Cap 15,165.0
352280,ITAPORANGA,Cap 16,24.0
352280,ITAPORANGA,Cap 18,58.0
352280,ITAPORANGA,Cap 19,67.0
352280,ITAPORANGA,Cap 21,27.0
352290,ITAPUI,Cap 01,1.0
352290,ITAPUI,Cap 09,4.0
352290,ITAPUI,Cap 10,2.0
352290,ITAPUI,Cap 14,2.0
352290,ITAPUI,Cap 18,1.0
352290,ITAPUI,Cap 19,1.0
352290,ITAPUI,Cap 21,1.0
352310,ITAQUAQUECETUBA,Cap 01,342.0
352310,ITAQUAQUECETUBA,Cap 02,595.0
352310,ITAQUAQUECETUBA,Cap 03,130.0
352310,ITAQUAQUECETUBA,Cap 04,370.0
352310,ITAQUAQUECETUBA,Cap 05,734.0
352310,ITAQUAQUECETUBA,Cap 06,197.0
352310,ITAQUAQUECETUBA,Cap 07,1.0
352310,ITAQUAQUECETUBA,Cap 08,4.0
352310,ITAQUAQUECETUBA,Cap 09,1478.0
352310,ITAQUAQUECETUBA,Cap 10,812.0
352310,ITAQUAQUECETUBA,Cap 11,3009.0
352310,ITAQUAQUECETUBA,Cap 12,242.0
352310,ITAQUAQUECETUBA,Cap 13,252.0
352310,ITAQUAQUECETUBA,Cap 14,980.0
352310,ITAQUAQUECETUBA,Cap 15,3417.0
352310,ITAQUAQUECETUBA,Cap 16,459.0
352310,ITAQUAQUECETUBA,Cap 17,16.0
352310,ITAQUAQUECETUBA,Cap 18,31.0
352310,ITAQUAQUECETUBA,Cap 19,2072.0
352320,ITARARE,Cap 01,231.0
352320,ITARARE,Cap 02,112.0
352320,ITARARE,Cap 03,72.0
352320,ITARARE,Cap 04,49.0
352320,ITARARE,Cap 05,85.0
352320,ITARARE,Cap 06,78.0
352320,ITARARE,Cap 07,1.0
352320,ITARARE,Cap 08,8.0
352320,ITARARE,Cap 09,419.0
352320,ITARARE,Cap 10,467.0
352320,ITARARE,Cap 11,390.0
352320,ITARARE,Cap 12,375.0
352320,ITARARE,Cap 13,149.0
352320,ITARARE,Cap 14,308.0
352320,ITARARE,Cap 15,521.0
352320,ITARARE,Cap 16,45.0
352320,ITARARE,Cap 17,11.0
352320,ITARARE,Cap 18,31.0
352320,ITARARE,Cap 19,711.0
352320,ITARARE,Cap 21,107.0
352340,ITATIBA,Cap 01,438.0
352340,ITATIBA,Cap 02,723.0
352340,ITATIBA,Cap 03,74.0
352340,ITATIBA,Cap 04,121.0
352340,ITATIBA,Cap 05,15.0
352340,ITATIBA,Cap 06,118.0
352340,ITATIBA,Cap 07,3.0
352340,ITATIBA,Cap 08,4.0
352340,ITATIBA,Cap 09,654.0
352340,ITATIBA,Cap 10,484.0
352340,ITATIBA,Cap 11,619.0
352340,ITATIBA,Cap 12,92.0
352340,ITATIBA,Cap 13,188.0
352340,ITATIBA,Cap 14,1146.0
352340,ITATIBA,Cap 15,994.0
352340,ITATIBA,Cap 16,65.0
352340,ITATIBA,Cap 17,12.0
352340,ITATIBA,Cap 18,274.0
352340,ITATIBA,Cap 19,780.0
352340,ITATIBA,Cap 21,233.0
352350,ITATINGA,Cap 01,27.0
352350,ITATINGA,Cap 02,2.0
352350,ITATINGA,Cap 03,10.0
352350,ITATINGA,Cap 04,24.0
352350,ITATINGA,Cap 05,5.0
352350,ITATINGA,Cap 06,4.0
352350,ITATINGA,Cap 08,2.0
352350,ITATINGA,Cap 09,43.0
352350,ITATINGA,Cap 10,75.0
352350,ITATINGA,Cap 11,12.0
352350,ITATINGA,Cap 12,25.0
352350,ITATINGA,Cap 14,34.0
352350,ITATINGA,Cap 18,2.0
352350,ITATINGA,Cap 19,37.0
352360,ITIRAPINA,Cap 01,6.0
352360,ITIRAPINA,Cap 02,2.0
352360,ITIRAPINA,Cap 03,3.0
352360,ITIRAPINA,Cap 04,5.0
352360,ITIRAPINA,Cap 06,1.0
352360,ITIRAPINA,Cap 09,26.0
352360,ITIRAPINA,Cap 10,45.0
352360,ITIRAPINA,Cap 11,5.0
352360,ITIRAPINA,Cap 12,6.0
352360,ITIRAPINA,Cap 13,2.0
352360,ITIRAPINA,Cap 14,18.0
352360,ITIRAPINA,Cap 18,3.0
352360,ITIRAPINA,Cap 19,1.0
352390,ITU,Cap 01,403.0
352390,ITU,Cap 02,156.0
352390,ITU,Cap 03,118.0
352390,ITU,Cap 04,129.0
352390,ITU,Cap 05,28.0
352390,ITU,Cap 06,137.0
352390,ITU,Cap 07,29.0
352390,ITU,Cap 08,16.0
352390,ITU,Cap 09,798.0
352390,ITU,Cap 10,741.0
352390,ITU,Cap 11,1480.0
352390,ITU,Cap 12,176.0
352390,ITU,Cap 13,148.0
352390,ITU,Cap 14,738.0
352390,ITU,Cap 15,1603.0
352390,ITU,Cap 16,332.0
352390,ITU,Cap 17,64.0
352390,ITU,Cap 18,170.0
352390,ITU,Cap 19,1048.0
352390,ITU,Cap 21,135.0
352400,ITUPEVA,Cap 01,60.0
352400,ITUPEVA,Cap 02,34.0
352400,ITUPEVA,Cap 03,12.0
352400,ITUPEVA,Cap 04,60.0
352400,ITUPEVA,Cap 05,146.0
352400,ITUPEVA,Cap 06,36.0
352400,ITUPEVA,Cap 08,8.0
352400,ITUPEVA,Cap 09,221.0
352400,ITUPEVA,Cap 10,333.0
352400,ITUPEVA,Cap 11,176.0
352400,ITUPEVA,Cap 12,72.0
352400,ITUPEVA,Cap 13,9.0
352400,ITUPEVA,Cap 14,185.0
352400,ITUPEVA,Cap 15,436.0
352400,ITUPEVA,Cap 16,34.0
352400,ITUPEVA,Cap 18,8.0
352400,ITUPEVA,Cap 19,329.0
352400,ITUPEVA,Cap 21,44.0
352410,ITUVERAVA,Cap 01,161.0
352410,ITUVERAVA,Cap 02,94.0
352410,ITUVERAVA,Cap 03,39.0
352410,ITUVERAVA,Cap 04,63.0
352410,ITUVERAVA,Cap 05,106.0
352410,ITUVERAVA,Cap 06,33.0
352410,ITUVERAVA,Cap 07,3.0
352410,ITUVERAVA,Cap 08,5.0
352410,ITUVERAVA,Cap 09,407.0
352410,ITUVERAVA,Cap 10,541.0
352410,ITUVERAVA,Cap 11,441.0
352410,ITUVERAVA,Cap 12,87.0
352410,ITUVERAVA,Cap 13,172.0
352410,ITUVERAVA,Cap 14,571.0
352410,ITUVERAVA,Cap 15,396.0
352410,ITUVERAVA,Cap 16,44.0
352410,ITUVERAVA,Cap 17,5.0
352410,ITUVERAVA,Cap 18,85.0
352410,ITUVERAVA,Cap 19,384.0
352410,ITUVERAVA,Cap 21,49.0
352420,JABORANDI,Cap 01,8.0
352420,JABORANDI,Cap 04,1.0
352420,JABORANDI,Cap 06,2.0
352420,JABORANDI,Cap 09,5.0
352420,JABORANDI,Cap 10,17.0
352420,JABORANDI,Cap 11,4.0
352420,JABORANDI,Cap 12,1.0
352420,JABORANDI,Cap 14,18.0
352430,JABOTICABAL,Cap 01,37.0
352430,JABOTICABAL,Cap 02,18.0
352430,JABOTICABAL,Cap 03,30.0
352430,JABOTICABAL,Cap 04,35.0
352430,JABOTICABAL,Cap 05,1.0
352430,JABOTICABAL,Cap 06,36.0
352430,JABOTICABAL,Cap 07,6.0
352430,JABOTICABAL,Cap 08,3.0
352430,JABOTICABAL,Cap 09,184.0
352430,JABOTICABAL,Cap 10,321.0
352430,JABOTICABAL,Cap 11,475.0
352430,JABOTICABAL,Cap 12,40.0
352430,JABOTICABAL,Cap 13,39.0
352430,JABOTICABAL,Cap 14,235.0
352430,JABOTICABAL,Cap 15,412.0
352430,JABOTICABAL,Cap 16,37.0
352430,JABOTICABAL,Cap 17,3.0
352430,JABOTICABAL,Cap 18,58.0
352430,JABOTICABAL,Cap 19,255.0
352430,JABOTICABAL,Cap 21,24.0
352440,JACAREI,Cap 01,802.0
352440,JACAREI,Cap 02,2599.0
352440,JACAREI,Cap 03,127.0
352440,JACAREI,Cap 04,225.0
352440,JACAREI,Cap 05,841.0
352440,JACAREI,Cap 06,247.0
352440,JACAREI,Cap 07,31.0
352440,JACAREI,Cap 08,10.0
352440,JACAREI,Cap 09,1170.0
352440,JACAREI,Cap 10,945.0
352440,JACAREI,Cap 11,1883.0
352440,JACAREI,Cap 12,223.0
352440,JACAREI,Cap 13,203.0
352440,JACAREI,Cap 14,1267.0
352440,JACAREI,Cap 15,2016.0
352440,JACAREI,Cap 16,464.0
352440,JACAREI,Cap 17,51.0
352440,JACAREI,Cap 18,182.0
352440,JACAREI,Cap 19,1522.0
352440,JACAREI,Cap 21,358.0
352450,JACI,Cap 01,5.0
352450,JACI,Cap 03,2.0
352450,JACI,Cap 04,114.0
352450,JACI,Cap 05,7.0
352450,JACI,Cap 06,122.0
352450,JACI,Cap 09,168.0
352450,JACI,Cap 10,87.0
352450,JACI,Cap 11,87.0
352450,JACI,Cap 12,27.0
352450,JACI,Cap 13,7.0
352450,JACI,Cap 14,61.0
352450,JACI,Cap 18,12.0
352450,JACI,Cap 19,2.0
352470,JAGUARIUNA,Cap 01,82.0
352470,JAGUARIUNA,Cap 02,196.0
352470,JAGUARIUNA,Cap 03,19.0
352470,JAGUARIUNA,Cap 04,69.0
352470,JAGUARIUNA,Cap 05,26.0
352470,JAGUARIUNA,Cap 06,45.0
352470,JAGUARIUNA,Cap 08,11.0
352470,JAGUARIUNA,Cap 09,369.0
352470,JAGUARIUNA,Cap 10,363.0
352470,JAGUARIUNA,Cap 11,593.0
352470,JAGUARIUNA,Cap 12,84.0
352470,JAGUARIUNA,Cap 13,69.0
352470,JAGUARIUNA,Cap 14,486.0
352470,JAGUARIUNA,Cap 15,807.0
352470,JAGUARIUNA,Cap 16,57.0
352470,JAGUARIUNA,Cap 17,16.0
352470,JAGUARIUNA,Cap 18,95.0
352470,JAGUARIUNA,Cap 19,356.0
352470,JAGUARIUNA,Cap 21,182.0
352480,JALES,Cap 01,639.0
352480,JALES,Cap 02,2483.0
352480,JALES,Cap 03,106.0
352480,JALES,Cap 04,162.0
352480,JALES,Cap 06,103.0
352480,JALES,Cap 07,2.0
352480,JALES,Cap 08,4.0
352480,JALES,Cap 09,775.0
352480,JALES,Cap 10,535.0
352480,JALES,Cap 11,710.0
352480,JALES,Cap 12,171.0
352480,JALES,Cap 13,103.0
352480,JALES,Cap 14,757.0
352480,JALES,Cap 15,883.0
352480,JALES,Cap 16,76.0
352480,JALES,Cap 17,3.0
352480,JALES,Cap 18,223.0
352480,JALES,Cap 19,752.0
352480,JALES,Cap 21,223.0
352520,JARINU,Cap 01,20.0
352520,JARINU,Cap 03,7.0
352520,JARINU,Cap 04,6.0
352520,JARINU,Cap 06,1.0
352520,JARINU,Cap 09,29.0
352520,JARINU,Cap 10,71.0
352520,JARINU,Cap 11,17.0
352520,JARINU,Cap 12,7.0
352520,JARINU,Cap 13,1.0
352520,JARINU,Cap 14,61.0
352520,JARINU,Cap 15,3.0
352520,JARINU,Cap 18,3.0
352520,JARINU,Cap 19,2.0
352520,JARINU,Cap 21,337.0
352530,JAU,Cap 01,652.0
352530,JAU,Cap 02,11101.0
352530,JAU,Cap 03,308.0
352530,JAU,Cap 04,356.0
352530,JAU,Cap 05,1178.0
352530,JAU,Cap 06,297.0
352530,JAU,Cap 07,28.0
352530,JAU,Cap 08,24.0
352530,JAU,Cap 09,1719.0
352530,JAU,Cap 10,1806.0
352530,JAU,Cap 11,2210.0
352530,JAU,Cap 12,406.0
352530,JAU,Cap 13,190.0
352530,JAU,Cap 14,1918.0
352530,JAU,Cap 15,1823.0
352530,JAU,Cap 16,453.0
352530,JAU,Cap 17,30.0
352530,JAU,Cap 18,729.0
352530,JAU,Cap 19,1793.0
352530,JAU,Cap 21,221.0
352550,JOANOPOLIS,Cap 01,18.0
352550,JOANOPOLIS,Cap 03,2.0
352550,JOANOPOLIS,Cap 04,16.0
352550,JOANOPOLIS,Cap 05,2.0
352550,JOANOPOLIS,Cap 06,4.0
352550,JOANOPOLIS,Cap 09,35.0
352550,JOANOPOLIS,Cap 10,26.0
352550,JOANOPOLIS,Cap 11,5.0
352550,JOANOPOLIS,Cap 12,12.0
352550,JOANOPOLIS,Cap 14,51.0
352550,JOANOPOLIS,Cap 15,1.0
352550,JOANOPOLIS,Cap 18,6.0
352550,JOANOPOLIS,Cap 19,3.0
352550,JOANOPOLIS,Cap 21,35.0
352570,JOSE BONIFACIO,Cap 01,189.0
352570,JOSE BONIFACIO,Cap 03,44.0
352570,JOSE BONIFACIO,Cap 04,128.0
352570,JOSE BONIFACIO,Cap 05,16.0
352570,JOSE BONIFACIO,Cap 06,43.0
352570,JOSE BONIFACIO,Cap 09,254.0
352570,JOSE BONIFACIO,Cap 10,509.0
352570,JOSE BONIFACIO,Cap 11,250.0
352570,JOSE BONIFACIO,Cap 12,53.0
352570,JOSE BONIFACIO,Cap 13,74.0
352570,JOSE BONIFACIO,Cap 14,313.0
352570,JOSE BONIFACIO,Cap 18,225.0
352570,JOSE BONIFACIO,Cap 19,329.0
352570,JOSE BONIFACIO,Cap 21,44.0
352590,JUNDIAI,Cap 01,1098.0
352590,JUNDIAI,Cap 02,3579.0
352590,JUNDIAI,Cap 03,269.0
352590,JUNDIAI,Cap 04,407.0
352590,JUNDIAI,Cap 05,786.0
352590,JUNDIAI,Cap 06,783.0
352590,JUNDIAI,Cap 07,1648.0
352590,JUNDIAI,Cap 08,58.0
352590,JUNDIAI,Cap 09,6074.0
352590,JUNDIAI,Cap 10,3271.0
352590,JUNDIAI,Cap 11,7043.0
352590,JUNDIAI,Cap 12,3867.0
352590,JUNDIAI,Cap 13,663.0
352590,JUNDIAI,Cap 14,3345.0
352590,JUNDIAI,Cap 15,3477.0
352590,JUNDIAI,Cap 16,1349.0
352590,JUNDIAI,Cap 17,191.0
352590,JUNDIAI,Cap 18,987.0
352590,JUNDIAI,Cap 19,4140.0
352590,JUNDIAI,Cap 21,956.0
352600,JUNQUEIROPOLIS,Cap 01,55.0
352600,JUNQUEIROPOLIS,Cap 02,11.0
352600,JUNQUEIROPOLIS,Cap 03,28.0
352600,JUNQUEIROPOLIS,Cap 04,69.0
352600,JUNQUEIROPOLIS,Cap 05,184.0
352600,JUNQUEIROPOLIS,Cap 06,1.0
352600,JUNQUEIROPOLIS,Cap 08,2.0
352600,JUNQUEIROPOLIS,Cap 09,43.0
352600,JUNQUEIROPOLIS,Cap 10,173.0
352600,JUNQUEIROPOLIS,Cap 11,89.0
352600,JUNQUEIROPOLIS,Cap 12,37.0
352600,JUNQUEIROPOLIS,Cap 13,29.0
352600,JUNQUEIROPOLIS,Cap 14,139.0
352600,JUNQUEIROPOLIS,Cap 15,180.0
352600,JUNQUEIROPOLIS,Cap 16,7.0
352600,JUNQUEIROPOLIS,Cap 17,2.0
352600,JUNQUEIROPOLIS,Cap 18,25.0
352600,JUNQUEIROPOLIS,Cap 19,68.0
352600,JUNQUEIROPOLIS,Cap 21,3.0
352640,LARANJAL PAULISTA,Cap 01,35.0
352640,LARANJAL PAULISTA,Cap 02,2.0
352640,LARANJAL PAULISTA,Cap 03,65.0
352640,LARANJAL PAULISTA,Cap 04,90.0
352640,LARANJAL PAULISTA,Cap 05,104.0
352640,LARANJAL PAULISTA,Cap 06,13.0
352640,LARANJAL PAULISTA,Cap 08,3.0
352640,LARANJAL PAULISTA,Cap 09,108.0
352640,LARANJAL PAULISTA,Cap 10,319.0
352640,LARANJAL PAULISTA,Cap 11,196.0
352640,LARANJAL PAULISTA,Cap 12,54.0
352640,LARANJAL PAULISTA,Cap 13,11.0
352640,LARANJAL PAULISTA,Cap 14,138.0
352640,LARANJAL PAULISTA,Cap 15,367.0
352640,LARANJAL PAULISTA,Cap 16,55.0
352640,LARANJAL PAULISTA,Cap 18,9.0
352640,LARANJAL PAULISTA,Cap 19,36.0
352640,LARANJAL PAULISTA,Cap 21,26.0
352670,LEME,Cap 01,150.0
352670,LEME,Cap 02,281.0
352670,LEME,Cap 03,77.0
352670,LEME,Cap 04,152.0
352670,LEME,Cap 05,100.0
352670,LEME,Cap 06,99.0
352670,LEME,Cap 07,4.0
352670,LEME,Cap 08,6.0
352670,LEME,Cap 09,542.0
352670,LEME,Cap 10,447.0
352670,LEME,Cap 11,695.0
352670,LEME,Cap 12,72.0
352670,LEME,Cap 13,222.0
352670,LEME,Cap 14,510.0
352670,LEME,Cap 15,1081.0
352670,LEME,Cap 16,83.0
352670,LEME,Cap 17,14.0
352670,LEME,Cap 18,122.0
352670,LEME,Cap 19,710.0
352670,LEME,Cap 21,65.0
352680,LENCOIS PAULISTA,Cap 01,96.0
352680,LENCOIS PAULISTA,Cap 02,39.0
352680,LENCOIS PAULISTA,Cap 03,7.0
352680,LENCOIS PAULISTA,Cap 04,37.0
352680,LENCOIS PAULISTA,Cap 05,6.0
352680,LENCOIS PAULISTA,Cap 06,40.0
352680,LENCOIS PAULISTA,Cap 07,2.0
352680,LENCOIS PAULISTA,Cap 08,1.0
352680,LENCOIS PAULISTA,Cap 09,259.0
352680,LENCOIS PAULISTA,Cap 10,313.0
352680,LENCOIS PAULISTA,Cap 11,577.0
352680,LENCOIS PAULISTA,Cap 12,99.0
352680,LENCOIS PAULISTA,Cap 13,159.0
352680,LENCOIS PAULISTA,Cap 14,316.0
352680,LENCOIS PAULISTA,Cap 15,682.0
352680,LENCOIS PAULISTA,Cap 16,28.0
352680,LENCOIS PAULISTA,Cap 17,8.0
352680,LENCOIS PAULISTA,Cap 18,38.0
352680,LENCOIS PAULISTA,Cap 19,298.0
352680,LENCOIS PAULISTA,Cap 21,108.0
352690,LIMEIRA,Cap 01,327.0
352690,LIMEIRA,Cap 02,1372.0
352690,LIMEIRA,Cap 03,70.0
352690,LIMEIRA,Cap 04,195.0
352690,LIMEIRA,Cap 05,342.0
352690,LIMEIRA,Cap 06,229.0
352690,LIMEIRA,Cap 07,319.0
352690,LIMEIRA,Cap 08,56.0
352690,LIMEIRA,Cap 09,2429.0
352690,LIMEIRA,Cap 10,1509.0
352690,LIMEIRA,Cap 11,1670.0
352690,LIMEIRA,Cap 12,178.0
352690,LIMEIRA,Cap 13,363.0
352690,LIMEIRA,Cap 14,1459.0
352690,LIMEIRA,Cap 15,2449.0
352690,LIMEIRA,Cap 16,520.0
352690,LIMEIRA,Cap 17,171.0
352690,LIMEIRA,Cap 18,222.0
352690,LIMEIRA,Cap 19,1972.0
352690,LIMEIRA,Cap 21,546.0
352710,LINS,Cap 01,337.0
352710,LINS,Cap 02,145.0
352710,LINS,Cap 03,52.0
352710,LINS,Cap 04,98.0
352710,LINS,Cap 05,2139.0
352710,LINS,Cap 06,119.0
352710,LINS,Cap 08,10.0
352710,LINS,Cap 09,808.0
352710,LINS,Cap 10,489.0
352710,LINS,Cap 11,587.0
352710,LINS,Cap 12,161.0
352710,LINS,Cap 13,51.0
352710,LINS,Cap 14,558.0
352710,LINS,Cap 15,1297.0
352710,LINS,Cap 16,134.0
352710,LINS,Cap 17,11.0
352710,LINS,Cap 18,130.0
352710,LINS,Cap 19,884.0
352710,LINS,Cap 21,37.0
352720,LORENA,Cap 01,189.0
352720,LORENA,Cap 02,17.0
352720,LORENA,Cap 03,8.0
352720,LORENA,Cap 04,96.0
352720,LORENA,Cap 05,7.0
352720,LORENA,Cap 06,23.0
352720,LORENA,Cap 07,2.0
352720,LORENA,Cap 08,5.0
352720,LORENA,Cap 09,260.0
352720,LORENA,Cap 10,276.0
352720,LORENA,Cap 11,334.0
352720,LORENA,Cap 12,118.0
352720,LORENA,Cap 13,53.0
352720,LORENA,Cap 14,219.0
352720,LORENA,Cap 15,1957.0
352720,LORENA,Cap 16,196.0
352720,LORENA,Cap 17,21.0
352720,LORENA,Cap 18,398.0
352720,LORENA,Cap 19,470.0
352720,LORENA,Cap 21,50.0
352730,LOUVEIRA,Cap 01,64.0
352730,LOUVEIRA,Cap 02,52.0
352730,LOUVEIRA,Cap 03,8.0
352730,LOUVEIRA,Cap 04,32.0
352730,LOUVEIRA,Cap 05,42.0
352730,LOUVEIRA,Cap 06,26.0
352730,LOUVEIRA,Cap 07,1.0
352730,LOUVEIRA,Cap 08,1.0
352730,LOUVEIRA,Cap 09,379.0
352730,LOUVEIRA,Cap 10,294.0
352730,LOUVEIRA,Cap 11,442.0
352730,LOUVEIRA,Cap 12,25.0
352730,LOUVEIRA,Cap 13,18.0
352730,LOUVEIRA,Cap 14,208.0
352730,LOUVEIRA,Cap 15,365.0
352730,LOUVEIRA,Cap 16,42.0
352730,LOUVEIRA,Cap 17,12.0
352730,LOUVEIRA,Cap 18,283.0
352730,LOUVEIRA,Cap 19,72.0
352730,LOUVEIRA,Cap 21,180.0
352740,LUCELIA,Cap 01,37.0
352740,LUCELIA,Cap 02,23.0
352740,LUCELIA,Cap 03,32.0
352740,LUCELIA,Cap 04,39.0
352740,LUCELIA,Cap 05,9.0
352740,LUCELIA,Cap 06,9.0
352740,LUCELIA,Cap 08,1.0
352740,LUCELIA,Cap 09,155.0
352740,LUCELIA,Cap 10,166.0
352740,LUCELIA,Cap 11,35.0
352740,LUCELIA,Cap 12,15.0
352740,LUCELIA,Cap 13,7.0
352740,LUCELIA,Cap 14,67.0
352740,LUCELIA,Cap 18,20.0
352740,LUCELIA,Cap 19,28.0
352800,MACATUBA,Cap 01,47.0
352800,MACATUBA,Cap 02,20.0
352800,MACATUBA,Cap 03,9.0
352800,MACATUBA,Cap 04,20.0
352800,MACATUBA,Cap 05,29.0
352800,MACATUBA,Cap 06,19.0
352800,MACATUBA,Cap 07,2.0
352800,MACATUBA,Cap 08,1.0
352800,MACATUBA,Cap 09,109.0
352800,MACATUBA,Cap 10,95.0
352800,MACATUBA,Cap 11,124.0
352800,MACATUBA,Cap 12,20.0
352800,MACATUBA,Cap 13,10.0
352800,MACATUBA,Cap 14,77.0
352800,MACATUBA,Cap 15,56.0
352800,MACATUBA,Cap 16,1.0
352800,MACATUBA,Cap 18,22.0
352800,MACATUBA,Cap 19,96.0
352800,MACATUBA,Cap 21,2.0
352810,MACAUBAL,Cap 01,3.0
352810,MACAUBAL,Cap 02,3.0
352810,MACAUBAL,Cap 03,1.0
352810,MACAUBAL,Cap 04,5.0
352810,MACAUBAL,Cap 05,7.0
352810,MACAUBAL,Cap 09,8.0
352810,MACAUBAL,Cap 10,28.0
352810,MACAUBAL,Cap 11,4.0
352810,MACAUBAL,Cap 14,20.0
352810,MACAUBAL,Cap 18,2.0
352850,MAIRIPORA,Cap 01,105.0
352850,MAIRIPORA,Cap 02,23.0
352850,MAIRIPORA,Cap 03,63.0
352850,MAIRIPORA,Cap 04,98.0
352850,MAIRIPORA,Cap 05,160.0
352850,MAIRIPORA,Cap 06,44.0
352850,MAIRIPORA,Cap 07,4.0
352850,MAIRIPORA,Cap 08,19.0
352850,MAIRIPORA,Cap 09,278.0
352850,MAIRIPORA,Cap 10,502.0
352850,MAIRIPORA,Cap 11,152.0
352850,MAIRIPORA,Cap 12,94.0
352850,MAIRIPORA,Cap 13,72.0
352850,MAIRIPORA,Cap 14,210.0
352850,MAIRIPORA,Cap 15,35.0
352850,MAIRIPORA,Cap 16,5.0
352850,MAIRIPORA,Cap 17,3.0
352850,MAIRIPORA,Cap 18,398.0
352850,MAIRIPORA,Cap 19,536.0
352850,MAIRIPORA,Cap 21,57.0
352880,MARACAI,Cap 01,23.0
352880,MARACAI,Cap 02,208.0
352880,MARACAI,Cap 03,14.0
352880,MARACAI,Cap 04,15.0
352880,MARACAI,Cap 06,7.0
352880,MARACAI,Cap 09,64.0
352880,MARACAI,Cap 10,145.0
352880,MARACAI,Cap 11,145.0
352880,MARACAI,Cap 12,38.0
352880,MARACAI,Cap 13,8.0
352880,MARACAI,Cap 14,109.0
352880,MARACAI,Cap 15,92.0
352880,MARACAI,Cap 16,5.0
352880,MARACAI,Cap 17,2.0
352880,MARACAI,Cap 18,3.0
352880,MARACAI,Cap 19,7.0
352880,MARACAI,Cap 21,14.0
352900,MARILIA,Cap 01,1243.0
352900,MARILIA,Cap 02,3613.0
352900,MARILIA,Cap 03,147.0
352900,MARILIA,Cap 04,988.0
352900,MARILIA,Cap 05,1392.0
352900,MARILIA,Cap 06,473.0
352900,MARILIA,Cap 07,443.0
352900,MARILIA,Cap 08,76.0
352900,MARILIA,Cap 09,3943.0
352900,MARILIA,Cap 10,3129.0
352900,MARILIA,Cap 11,3213.0
352900,MARILIA,Cap 12,594.0
352900,MARILIA,Cap 13,1120.0
352900,MARILIA,Cap 14,2671.0
352900,MARILIA,Cap 15,2714.0
352900,MARILIA,Cap 16,763.0
352900,MARILIA,Cap 17,251.0
352900,MARILIA,Cap 18,636.0
352900,MARILIA,Cap 19,3114.0
352900,MARILIA,Cap 21,679.0
352920,MARTINOPOLIS,Cap 01,312.0
352920,MARTINOPOLIS,Cap 02,17.0
352920,MARTINOPOLIS,Cap 03,21.0
352920,MARTINOPOLIS,Cap 04,32.0
352920,MARTINOPOLIS,Cap 05,105.0
352920,MARTINOPOLIS,Cap 06,51.0
352920,MARTINOPOLIS,Cap 07,10.0
352920,MARTINOPOLIS,Cap 08,13.0
352920,MARTINOPOLIS,Cap 09,231.0
352920,MARTINOPOLIS,Cap 10,293.0
352920,MARTINOPOLIS,Cap 11,629.0
352920,MARTINOPOLIS,Cap 12,59.0
352920,MARTINOPOLIS,Cap 13,51.0
352920,MARTINOPOLIS,Cap 14,224.0
352920,MARTINOPOLIS,Cap 15,208.0
352920,MARTINOPOLIS,Cap 16,12.0
352920,MARTINOPOLIS,Cap 18,83.0
352920,MARTINOPOLIS,Cap 19,275.0
352920,MARTINOPOLIS,Cap 21,421.0
352930,MATAO,Cap 01,287.0
352930,MATAO,Cap 02,60.0
352930,MATAO,Cap 03,71.0
352930,MATAO,Cap 04,86.0
352930,MATAO,Cap 05,177.0
352930,MATAO,Cap 06,166.0
352930,MATAO,Cap 07,3.0
352930,MATAO,Cap 08,10.0
352930,MATAO,Cap 09,1320.0
352930,MATAO,Cap 10,462.0
352930,MATAO,Cap 11,628.0
352930,MATAO,Cap 12,108.0
352930,MATAO,Cap 13,492.0
352930,MATAO,Cap 14,474.0
352930,MATAO,Cap 15,1028.0
352930,MATAO,Cap 16,163.0
352930,MATAO,Cap 17,14.0
352930,MATAO,Cap 18,121.0
352930,MATAO,Cap 19,750.0
352930,MATAO,Cap 21,100.0
352940,MAUA,Cap 01,487.0
352940,MAUA,Cap 02,280.0
352940,MAUA,Cap 03,93.0
352940,MAUA,Cap 04,323.0
352940,MAUA,Cap 05,457.0
352940,MAUA,Cap 06,222.0
352940,MAUA,Cap 07,3.0
352940,MAUA,Cap 08,21.0
352940,MAUA,Cap 09,1420.0
352940,MAUA,Cap 10,974.0
352940,MAUA,Cap 11,1854.0
352940,MAUA,Cap 12,362.0
352940,MAUA,Cap 13,113.0
352940,MAUA,Cap 14,839.0
352940,MAUA,Cap 15,2445.0
352940,MAUA,Cap 16,390.0
352940,MAUA,Cap 17,25.0
352940,MAUA,Cap 18,137.0
352940,MAUA,Cap 19,2625.0
352940,MAUA,Cap 21,827.0
352970,MIGUELOPOLIS,Cap 01,182.0
352970,MIGUELOPOLIS,Cap 02,10.0
352970,MIGUELOPOLIS,Cap 03,26.0
352970,MIGUELOPOLIS,Cap 04,12.0
352970,MIGUELOPOLIS,Cap 05,30.0
352970,MIGUELOPOLIS,Cap 06,8.0
352970,MIGUELOPOLIS,Cap 07,3.0
352970,MIGUELOPOLIS,Cap 08,3.0
352970,MIGUELOPOLIS,Cap 09,82.0
352970,MIGUELOPOLIS,Cap 10,146.0
352970,MIGUELOPOLIS,Cap 11,106.0
352970,MIGUELOPOLIS,Cap 12,23.0
352970,MIGUELOPOLIS,Cap 13,26.0
352970,MIGUELOPOLIS,Cap 14,125.0
352970,MIGUELOPOLIS,Cap 15,76.0
352970,MIGUELOPOLIS,Cap 16,3.0
352970,MIGUELOPOLIS,Cap 18,69.0
352970,MIGUELOPOLIS,Cap 19,71.0
352970,MIGUELOPOLIS,Cap 21,40.0
353010,MIRANDOPOLIS,Cap 01,142.0
353010,MIRANDOPOLIS,Cap 02,145.0
353010,MIRANDOPOLIS,Cap 03,77.0
353010,MIRANDOPOLIS,Cap 04,48.0
353010,MIRANDOPOLIS,Cap 05,30.0
353010,MIRANDOPOLIS,Cap 06,43.0
353010,MIRANDOPOLIS,Cap 08,14.0
353010,MIRANDOPOLIS,Cap 09,212.0
353010,MIRANDOPOLIS,Cap 10,672.0
353010,MIRANDOPOLIS,Cap 11,544.0
353010,MIRANDOPOLIS,Cap 12,123.0
353010,MIRANDOPOLIS,Cap 13,41.0
353010,MIRANDOPOLIS,Cap 14,261.0
353010,MIRANDOPOLIS,Cap 15,387.0
353010,MIRANDOPOLIS,Cap 16,42.0
353010,MIRANDOPOLIS,Cap 17,6.0
353010,MIRANDOPOLIS,Cap 18,108.0
353010,MIRANDOPOLIS,Cap 19,535.0
353010,MIRANDOPOLIS,Cap 21,75.0
353030,MIRASSOL,Cap 01,35.0
353030,MIRASSOL,Cap 02,26.0
353030,MIRASSOL,Cap 03,3.0
353030,MIRASSOL,Cap 04,10.0
353030,MIRASSOL,Cap 06,3.0
353030,MIRASSOL,Cap 09,62.0
353030,MIRASSOL,Cap 10,100.0
353030,MIRASSOL,Cap 11,53.0
353030,MIRASSOL,Cap 12,57.0
353030,MIRASSOL,Cap 13,2.0
353030,MIRASSOL,Cap 14,75.0
353030,MIRASSOL,Cap 15,116.0
353030,MIRASSOL,Cap 17,2.0
353030,MIRASSOL,Cap 18,6.0
353030,MIRASSOL,Cap 19,4.0
353030,MIRASSOL,Cap 21,56.0
353050,MOCOCA,Cap 01,267.0
353050,MOCOCA,Cap 02,172.0
353050,MOCOCA,Cap 03,77.0
353050,MOCOCA,Cap 04,124.0
353050,MOCOCA,Cap 05,159.0
353050,MOCOCA,Cap 06,40.0
353050,MOCOCA,Cap 07,10.0
353050,MOCOCA,Cap 08,8.0
353050,MOCOCA,Cap 09,533.0
353050,MOCOCA,Cap 10,414.0
353050,MOCOCA,Cap 11,496.0
353050,MOCOCA,Cap 12,72.0
353050,MOCOCA,Cap 13,75.0
353050,MOCOCA,Cap 14,427.0
353050,MOCOCA,Cap 15,1052.0
353050,MOCOCA,Cap 16,33.0
353050,MOCOCA,Cap 17,8.0
353050,MOCOCA,Cap 18,230.0
353050,MOCOCA,Cap 19,755.0
353050,MOCOCA,Cap 21,88.0
353060,MOGI DAS CRUZES,Cap 01,1113.0
353060,MOGI DAS CRUZES,Cap 02,3467.0
353060,MOGI DAS CRUZES,Cap 03,206.0
353060,MOGI DAS CRUZES,Cap 04,435.0
353060,MOGI DAS CRUZES,Cap 05,906.0
353060,MOGI DAS CRUZES,Cap 06,800.0
353060,MOGI DAS CRUZES,Cap 07,386.0
353060,MOGI DAS CRUZES,Cap 08,85.0
353060,MOGI DAS CRUZES,Cap 09,4617.0
353060,MOGI DAS CRUZES,Cap 10,3457.0
353060,MOGI DAS CRUZES,Cap 11,3777.0
353060,MOGI DAS CRUZES,Cap 12,537.0
353060,MOGI DAS CRUZES,Cap 13,301.0
353060,MOGI DAS CRUZES,Cap 14,2290.0
353060,MOGI DAS CRUZES,Cap 15,4431.0
353060,MOGI DAS CRUZES,Cap 16,460.0
353060,MOGI DAS CRUZES,Cap 17,102.0
353060,MOGI DAS CRUZES,Cap 18,1238.0
353060,MOGI DAS CRUZES,Cap 19,6261.0
353060,MOGI DAS CRUZES,Cap 21,1250.0
353070,MOGI GUACU,Cap 01,535.0
353070,MOGI GUACU,Cap 02,1147.0
353070,MOGI GUACU,Cap 03,115.0
353070,MOGI GUACU,Cap 04,141.0
353070,MOGI GUACU,Cap 05,6.0
353070,MOGI GUACU,Cap 06,196.0
353070,MOGI GUACU,Cap 07,2.0
353070,MOGI GUACU,Cap 08,7.0
353070,MOGI GUACU,Cap 09,1085.0
353070,MOGI GUACU,Cap 10,632.0
353070,MOGI GUACU,Cap 11,1065.0
353070,MOGI GUACU,Cap 12,150.0
353070,MOGI GUACU,Cap 13,321.0
353070,MOGI GUACU,Cap 14,751.0
353070,MOGI GUACU,Cap 15,1518.0
353070,MOGI GUACU,Cap 16,379.0
353070,MOGI GUACU,Cap 17,22.0
353070,MOGI GUACU,Cap 18,177.0
353070,MOGI GUACU,Cap 19,1387.0
353070,MOGI GUACU,Cap 21,137.0
353080,MOGI MIRIM,Cap 01,154.0
353080,MOGI MIRIM,Cap 02,185.0
353080,MOGI MIRIM,Cap 03,15.0
353080,MOGI MIRIM,Cap 04,99.0
353080,MOGI MIRIM,Cap 05,69.0
353080,MOGI MIRIM,Cap 06,107.0
353080,MOGI MIRIM,Cap 07,623.0
353080,MOGI MIRIM,Cap 09,416.0
353080,MOGI MIRIM,Cap 10,485.0
353080,MOGI MIRIM,Cap 11,708.0
353080,MOGI MIRIM,Cap 12,91.0
353080,MOGI MIRIM,Cap 13,135.0
353080,MOGI MIRIM,Cap 14,462.0
353080,MOGI MIRIM,Cap 15,593.0
353080,MOGI MIRIM,Cap 16,150.0
353080,MOGI MIRIM,Cap 17,6.0
353080,MOGI MIRIM,Cap 18,114.0
353080,MOGI MIRIM,Cap 19,611.0
353080,MOGI MIRIM,Cap 21,238.0
353110,MONGAGUA,Cap 01,52.0
353110,MONGAGUA,Cap 02,21.0
353110,MONGAGUA,Cap 03,23.0
353110,MONGAGUA,Cap 04,63.0
353110,MONGAGUA,Cap 05,14.0
353110,MONGAGUA,Cap 06,10.0
353110,MONGAGUA,Cap 07,14.0
353110,MONGAGUA,Cap 08,19.0
353110,MONGAGUA,Cap 09,59.0
353110,MONGAGUA,Cap 10,236.0
353110,MONGAGUA,Cap 11,54.0
353110,MONGAGUA,Cap 12,78.0
353110,MONGAGUA,Cap 13,99.0
353110,MONGAGUA,Cap 14,61.0
353110,MONGAGUA,Cap 15,34.0
353110,MONGAGUA,Cap 16,9.0
353110,MONGAGUA,Cap 17,1.0
353110,MONGAGUA,Cap 18,92.0
353110,MONGAGUA,Cap 19,1.0
353130,MONTE ALTO,Cap 01,194.0
353130,MONTE ALTO,Cap 02,41.0
353130,MONTE ALTO,Cap 03,27.0
353130,MONTE ALTO,Cap 04,56.0
353130,MONTE ALTO,Cap 05,4.0
353130,MONTE ALTO,Cap 06,53.0
353130,MONTE ALTO,Cap 07,203.0
353130,MONTE ALTO,Cap 08,3.0
353130,MONTE ALTO,Cap 09,286.0
353130,MONTE ALTO,Cap 10,345.0
353130,MONTE ALTO,Cap 11,374.0
353130,MONTE ALTO,Cap 12,41.0
353130,MONTE ALTO,Cap 13,32.0
353130,MONTE ALTO,Cap 14,259.0
353130,MONTE ALTO,Cap 15,260.0
353130,MONTE ALTO,Cap 16,18.0
353130,MONTE ALTO,Cap 17,9.0
353130,MONTE ALTO,Cap 18,13.0
353130,MONTE ALTO,Cap 19,262.0
353130,MONTE ALTO,Cap 21,63.0
353140,MONTE APRAZIVEL,Cap 01,402.0
353140,MONTE APRAZIVEL,Cap 02,144.0
353140,MONTE APRAZIVEL,Cap 03,17.0
353140,MONTE APRAZIVEL,Cap 04,398.0
353140,MONTE APRAZIVEL,Cap 06,34.0
353140,MONTE APRAZIVEL,Cap 09,493.0
353140,MONTE APRAZIVEL,Cap 10,569.0
353140,MONTE APRAZIVEL,Cap 11,422.0
353140,MONTE APRAZIVEL,Cap 12,25.0
353140,MONTE APRAZIVEL,Cap 13,374.0
353140,MONTE APRAZIVEL,Cap 14,425.0
353140,MONTE APRAZIVEL,Cap 18,2.0
353140,MONTE APRAZIVEL,Cap 19,10.0
353140,MONTE APRAZIVEL,Cap 21,42.0
353150,MONTE AZUL PAULISTA,Cap 01,71.0
353150,MONTE AZUL PAULISTA,Cap 02,34.0
353150,MONTE AZUL PAULISTA,Cap 03,14.0
353150,MONTE AZUL PAULISTA,Cap 04,34.0
353150,MONTE AZUL PAULISTA,Cap 06,12.0
353150,MONTE AZUL PAULISTA,Cap 07,402.0
353150,MONTE AZUL PAULISTA,Cap 09,54.0
353150,MONTE AZUL PAULISTA,Cap 10,266.0
353150,MONTE AZUL PAULISTA,Cap 11,128.0
353150,MONTE AZUL PAULISTA,Cap 12,16.0
353150,MONTE AZUL PAULISTA,Cap 13,18.0
353150,MONTE AZUL PAULISTA,Cap 14,207.0
353150,MONTE AZUL PAULISTA,Cap 15,316.0
353150,MONTE AZUL PAULISTA,Cap 16,4.0
353150,MONTE AZUL PAULISTA,Cap 18,7.0
353150,MONTE AZUL PAULISTA,Cap 19,7.0
353150,MONTE AZUL PAULISTA,Cap 21,68.0
353180,MONTE MOR,Cap 01,35.0
353180,MONTE MOR,Cap 02,11.0
353180,MONTE MOR,Cap 03,11.0
353180,MONTE MOR,Cap 04,22.0
353180,MONTE MOR,Cap 05,62.0
353180,MONTE MOR,Cap 06,13.0
353180,MONTE MOR,Cap 07,1.0
353180,MONTE MOR,Cap 09,75.0
353180,MONTE MOR,Cap 10,105.0
353180,MONTE MOR,Cap 11,27.0
353180,MONTE MOR,Cap 12,8.0
353180,MONTE MOR,Cap 13,4.0
353180,MONTE MOR,Cap 14,57.0
353180,MONTE MOR,Cap 15,505.0
353180,MONTE MOR,Cap 16,2.0
353180,MONTE MOR,Cap 17,1.0
353180,MONTE MOR,Cap 18,19.0
353180,MONTE MOR,Cap 19,53.0
353180,MONTE MOR,Cap 21,79.0
353190,MORRO AGUDO,Cap 01,62.0
353190,MORRO AGUDO,Cap 02,26.0
353190,MORRO AGUDO,Cap 03,22.0
353190,MORRO AGUDO,Cap 04,45.0
353190,MORRO AGUDO,Cap 05,78.0
353190,MORRO AGUDO,Cap 06,45.0
353190,MORRO AGUDO,Cap 07,9.0
353190,MORRO AGUDO,Cap 08,4.0
353190,MORRO AGUDO,Cap 09,166.0
353190,MORRO AGUDO,Cap 10,155.0
353190,MORRO AGUDO,Cap 11,235.0
353190,MORRO AGUDO,Cap 12,118.0
353190,MORRO AGUDO,Cap 13,93.0
353190,MORRO AGUDO,Cap 14,128.0
353190,MORRO AGUDO,Cap 15,204.0
353190,MORRO AGUDO,Cap 16,8.0
353190,MORRO AGUDO,Cap 17,3.0
353190,MORRO AGUDO,Cap 18,95.0
353190,MORRO AGUDO,Cap 19,163.0
353190,MORRO AGUDO,Cap 21,120.0
353200,MORUNGABA,Cap 01,2.0
353200,MORUNGABA,Cap 02,1.0
353200,MORUNGABA,Cap 03,6.0
353200,MORUNGABA,Cap 04,14.0
353200,MORUNGABA,Cap 06,1.0
353200,MORUNGABA,Cap 09,30.0
353200,MORUNGABA,Cap 10,99.0
353200,MORUNGABA,Cap 11,16.0
353200,MORUNGABA,Cap 12,5.0
353200,MORUNGABA,Cap 13,1.0
353200,MORUNGABA,Cap 14,36.0
353200,MORUNGABA,Cap 19,19.0
353240,NAZARE PAULISTA,Cap 01,34.0
353240,NAZARE PAULISTA,Cap 02,9.0
353240,NAZARE PAULISTA,Cap 03,12.0
353240,NAZARE PAULISTA,Cap 04,27.0
353240,NAZARE PAULISTA,Cap 06,2.0
353240,NAZARE PAULISTA,Cap 08,1.0
353240,NAZARE PAULISTA,Cap 09,49.0
353240,NAZARE PAULISTA,Cap 10,65.0
353240,NAZARE PAULISTA,Cap 11,27.0
353240,NAZARE PAULISTA,Cap 12,28.0
353240,NAZARE PAULISTA,Cap 13,4.0
353240,NAZARE PAULISTA,Cap 14,50.0
353240,NAZARE PAULISTA,Cap 15,6.0
353240,NAZARE PAULISTA,Cap 18,11.0
353240,NAZARE PAULISTA,Cap 19,5.0
353240,NAZARE PAULISTA,Cap 21,2.0
353250,NEVES PAULISTA,Cap 01,7.0
353250,NEVES PAULISTA,Cap 02,2.0
353250,NEVES PAULISTA,Cap 03,2.0
353250,NEVES PAULISTA,Cap 04,12.0
353250,NEVES PAULISTA,Cap 06,1.0
353250,NEVES PAULISTA,Cap 09,3.0
353250,NEVES PAULISTA,Cap 10,13.0
353250,NEVES PAULISTA,Cap 12,3.0
353250,NEVES PAULISTA,Cap 14,9.0
353250,NEVES PAULISTA,Cap 18,1.0
353250,NEVES PAULISTA,Cap 19,1.0
353260,NHANDEARA,Cap 01,80.0
353260,NHANDEARA,Cap 02,206.0
353260,NHANDEARA,Cap 03,8.0
353260,NHANDEARA,Cap 04,45.0
353260,NHANDEARA,Cap 06,34.0
353260,NHANDEARA,Cap 09,640.0
353260,NHANDEARA,Cap 10,813.0
353260,NHANDEARA,Cap 11,340.0
353260,NHANDEARA,Cap 12,188.0
353260,NHANDEARA,Cap 13,45.0
353260,NHANDEARA,Cap 14,208.0
353260,NHANDEARA,Cap 15,8.0
353260,NHANDEARA,Cap 16,3.0
353260,NHANDEARA,Cap 17,3.0
353260,NHANDEARA,Cap 18,72.0
353260,NHANDEARA,Cap 19,95.0
353260,NHANDEARA,Cap 21,1.0
353290,NOVA EUROPA,Cap 01,21.0
353290,NOVA EUROPA,Cap 02,15.0
353290,NOVA EUROPA,Cap 03,11.0
353290,NOVA EUROPA,Cap 04,9.0
353290,NOVA EUROPA,Cap 05,11.0
353290,NOVA EUROPA,Cap 06,9.0
353290,NOVA EUROPA,Cap 08,6.0
353290,NOVA EUROPA,Cap 09,66.0
353290,NOVA EUROPA,Cap 10,42.0
353290,NOVA EUROPA,Cap 11,54.0
353290,NOVA EUROPA,Cap 12,15.0
353290,NOVA EUROPA,Cap 13,10.0
353290,NOVA EUROPA,Cap 14,36.0
353290,NOVA EUROPA,Cap 15,1.0
353290,NOVA EUROPA,Cap 16,1.0
353290,NOVA EUROPA,Cap 17,2.0
353290,NOVA EUROPA,Cap 18,18.0
353290,NOVA EUROPA,Cap 19,2.0
353290,NOVA EUROPA,Cap 21,7.0
353300,NOVA GRANADA,Cap 01,321.0
353300,NOVA GRANADA,Cap 02,33.0
353300,NOVA GRANADA,Cap 03,25.0
353300,NOVA GRANADA,Cap 04,242.0
353300,NOVA GRANADA,Cap 05,3.0
353300,NOVA GRANADA,Cap 06,5.0
353300,NOVA GRANADA,Cap 08,14.0
353300,NOVA GRANADA,Cap 09,48.0
353300,NOVA GRANADA,Cap 10,623.0
353300,NOVA GRANADA,Cap 11,117.0
353300,NOVA GRANADA,Cap 12,74.0
353300,NOVA GRANADA,Cap 13,37.0
353300,NOVA GRANADA,Cap 14,329.0
353300,NOVA GRANADA,Cap 15,38.0
353300,NOVA GRANADA,Cap 16,2.0
353300,NOVA GRANADA,Cap 18,30.0
353300,NOVA GRANADA,Cap 19,24.0
353300,NOVA GRANADA,Cap 21,1.0
353340,NOVA ODESSA,Cap 01,36.0
353340,NOVA ODESSA,Cap 02,27.0
353340,NOVA ODESSA,Cap 03,13.0
353340,NOVA ODESSA,Cap 04,46.0
353340,NOVA ODESSA,Cap 05,34.0
353340,NOVA ODESSA,Cap 06,18.0
353340,NOVA ODESSA,Cap 07,2.0
353340,NOVA ODESSA,Cap 08,5.0
353340,NOVA ODESSA,Cap 09,144.0
353340,NOVA ODESSA,Cap 10,230.0
353340,NOVA ODESSA,Cap 11,184.0
353340,NOVA ODESSA,Cap 12,34.0
353340,NOVA ODESSA,Cap 13,30.0
353340,NOVA ODESSA,Cap 14,177.0
353340,NOVA ODESSA,Cap 15,294.0
353340,NOVA ODESSA,Cap 16,12.0
353340,NOVA ODESSA,Cap 17,1.0
353340,NOVA ODESSA,Cap 18,24.0
353340,NOVA ODESSA,Cap 19,216.0
353340,NOVA ODESSA,Cap 21,97.0
353350,NOVO HORIZONTE,Cap 01,82.0
353350,NOVO HORIZONTE,Cap 02,39.0
353350,NOVO HORIZONTE,Cap 03,37.0
353350,NOVO HORIZONTE,Cap 04,45.0
353350,NOVO HORIZONTE,Cap 06,54.0
353350,NOVO HORIZONTE,Cap 08,1.0
353350,NOVO HORIZONTE,Cap 09,142.0
353350,NOVO HORIZONTE,Cap 10,368.0
353350,NOVO HORIZONTE,Cap 11,398.0
353350,NOVO HORIZONTE,Cap 12,46.0
353350,NOVO HORIZONTE,Cap 13,88.0
353350,NOVO HORIZONTE,Cap 14,432.0
353350,NOVO HORIZONTE,Cap 15,270.0
353350,NOVO HORIZONTE,Cap 16,19.0
353350,NOVO HORIZONTE,Cap 18,34.0
353350,NOVO HORIZONTE,Cap 19,263.0
353350,NOVO HORIZONTE,Cap 21,29.0
353390,OLIMPIA,Cap 01,129.0
353390,OLIMPIA,Cap 02,35.0
353390,OLIMPIA,Cap 03,58.0
353390,OLIMPIA,Cap 04,82.0
353390,OLIMPIA,Cap 05,6.0
353390,OLIMPIA,Cap 06,71.0
353390,OLIMPIA,Cap 07,6.0
353390,OLIMPIA,Cap 08,8.0
353390,OLIMPIA,Cap 09,478.0
353390,OLIMPIA,Cap 10,729.0
353390,OLIMPIA,Cap 11,428.0
353390,OLIMPIA,Cap 12,103.0
353390,OLIMPIA,Cap 13,56.0
353390,OLIMPIA,Cap 14,407.0
353390,OLIMPIA,Cap 15,454.0
353390,OLIMPIA,Cap 16,18.0
353390,OLIMPIA,Cap 17,3.0
353390,OLIMPIA,Cap 18,125.0
353390,OLIMPIA,Cap 19,475.0
353390,OLIMPIA,Cap 21,47.0
353430,ORLANDIA,Cap 01,113.0
353430,ORLANDIA,Cap 02,49.0
353430,ORLANDIA,Cap 03,26.0
353430,ORLANDIA,Cap 04,103.0
353430,ORLANDIA,Cap 05,101.0
353430,ORLANDIA,Cap 06,60.0
353430,ORLANDIA,Cap 08,6.0
353430,ORLANDIA,Cap 09,253.0
353430,ORLANDIA,Cap 10,319.0
353430,ORLANDIA,Cap 11,198.0
353430,ORLANDIA,Cap 12,14.0
353430,ORLANDIA,Cap 13,58.0
353430,ORLANDIA,Cap 14,463.0
353430,ORLANDIA,Cap 15,535.0
353430,ORLANDIA,Cap 16,19.0
353430,ORLANDIA,Cap 17,4.0
353430,ORLANDIA,Cap 18,110.0
353430,ORLANDIA,Cap 19,301.0
353430,ORLANDIA,Cap 21,23.0
353440,OSASCO,Cap 01,1186.0
353440,OSASCO,Cap 02,973.0
353440,OSASCO,Cap 03,282.0
353440,OSASCO,Cap 04,560.0
353440,OSASCO,Cap 05,326.0
353440,OSASCO,Cap 06,536.0
353440,OSASCO,Cap 07,7.0
353440,OSASCO,Cap 08,68.0
353440,OSASCO,Cap 09,2613.0
353440,OSASCO,Cap 10,2435.0
353440,OSASCO,Cap 11,3256.0
353440,OSASCO,Cap 12,498.0
353440,OSASCO,Cap 13,333.0
353440,OSASCO,Cap 14,1844.0
353440,OSASCO,Cap 15,3892.0
353440,OSASCO,Cap 16,1404.0
353440,OSASCO,Cap 17,112.0
353440,OSASCO,Cap 18,1119.0
353440,OSASCO,Cap 19,4226.0
353440,OSASCO,Cap 21,1530.0
353460,OSVALDO CRUZ,Cap 01,380.0
353460,OSVALDO CRUZ,Cap 02,5.0
353460,OSVALDO CRUZ,Cap 03,58.0
353460,OSVALDO CRUZ,Cap 04,59.0
353460,OSVALDO CRUZ,Cap 05,14.0
353460,OSVALDO CRUZ,Cap 06,57.0
353460,OSVALDO CRUZ,Cap 08,7.0
353460,OSVALDO CRUZ,Cap 09,305.0
353460,OSVALDO CRUZ,Cap 10,269.0
353460,OSVALDO CRUZ,Cap 11,311.0
353460,OSVALDO CRUZ,Cap 12,47.0
353460,OSVALDO CRUZ,Cap 13,16.0
353460,OSVALDO CRUZ,Cap 14,152.0
353460,OSVALDO CRUZ,Cap 15,257.0
353460,OSVALDO CRUZ,Cap 16,33.0
353460,OSVALDO CRUZ,Cap 18,63.0
353460,OSVALDO CRUZ,Cap 19,537.0
353460,OSVALDO CRUZ,Cap 21,49.0
353470,OURINHOS,Cap 01,307.0
353470,OURINHOS,Cap 02,815.0
353470,OURINHOS,Cap 03,118.0
353470,OURINHOS,Cap 04,223.0
353470,OURINHOS,Cap 05,19.0
353470,OURINHOS,Cap 06,337.0
353470,OURINHOS,Cap 07,9.0
353470,OURINHOS,Cap 08,22.0
353470,OURINHOS,Cap 09,1649.0
353470,OURINHOS,Cap 10,676.0
353470,OURINHOS,Cap 11,1278.0
353470,OURINHOS,Cap 12,126.0
353470,OURINHOS,Cap 13,165.0
353470,OURINHOS,Cap 14,1066.0
353470,OURINHOS,Cap 15,1602.0
353470,OURINHOS,Cap 16,350.0
353470,OURINHOS,Cap 17,13.0
353470,OURINHOS,Cap 18,7.0
353470,OURINHOS,Cap 19,1496.0
353470,OURINHOS,Cap 21,280.0
353475,OUROESTE,Cap 01,28.0
353475,OUROESTE,Cap 02,11.0
353475,OUROESTE,Cap 03,15.0
353475,OUROESTE,Cap 04,12.0
353475,OUROESTE,Cap 05,2.0
353475,OUROESTE,Cap 06,8.0
353475,OUROESTE,Cap 08,1.0
353475,OUROESTE,Cap 09,38.0
353475,OUROESTE,Cap 10,125.0
353475,OUROESTE,Cap 11,70.0
353475,OUROESTE,Cap 12,32.0
353475,OUROESTE,Cap 13,38.0
353475,OUROESTE,Cap 14,138.0
353475,OUROESTE,Cap 15,39.0
353475,OUROESTE,Cap 16,1.0
353475,OUROESTE,Cap 18,1.0
353475,OUROESTE,Cap 19,15.0
353520,PALMEIRA D'OESTE,Cap 01,68.0
353520,PALMEIRA D'OESTE,Cap 02,2.0
353520,PALMEIRA D'OESTE,Cap 03,19.0
353520,PALMEIRA D'OESTE,Cap 04,72.0
353520,PALMEIRA D'OESTE,Cap 06,7.0
353520,PALMEIRA D'OESTE,Cap 09,63.0
353520,PALMEIRA D'OESTE,Cap 10,180.0
353520,PALMEIRA D'OESTE,Cap 11,61.0
353520,PALMEIRA D'OESTE,Cap 12,18.0
353520,PALMEIRA D'OESTE,Cap 13,77.0
353520,PALMEIRA D'OESTE,Cap 14,144.0
353520,PALMEIRA D'OESTE,Cap 15,1.0
353520,PALMEIRA D'OESTE,Cap 19,2.0
353530,PALMITAL,Cap 01,57.0
353530,PALMITAL,Cap 02,2.0
353530,PALMITAL,Cap 03,43.0
353530,PALMITAL,Cap 04,206.0
353530,PALMITAL,Cap 05,1.0
353530,PALMITAL,Cap 06,49.0
353530,PALMITAL,Cap 08,4.0
353530,PALMITAL,Cap 09,390.0
353530,PALMITAL,Cap 10,330.0
353530,PALMITAL,Cap 11,367.0
353530,PALMITAL,Cap 12,33.0
353530,PALMITAL,Cap 13,24.0
353530,PALMITAL,Cap 14,268.0
353530,PALMITAL,Cap 15,194.0
353530,PALMITAL,Cap 16,18.0
353530,PALMITAL,Cap 17,20.0
353530,PALMITAL,Cap 18,31.0
353530,PALMITAL,Cap 19,158.0
353530,PALMITAL,Cap 21,156.0
353550,PARAGUACU PAULISTA,Cap 01,127.0
353550,PARAGUACU PAULISTA,Cap 02,168.0
353550,PARAGUACU PAULISTA,Cap 03,52.0
353550,PARAGUACU PAULISTA,Cap 04,93.0
353550,PARAGUACU PAULISTA,Cap 05,136.0
353550,PARAGUACU PAULISTA,Cap 06,81.0
353550,PARAGUACU PAULISTA,Cap 07,819.0
353550,PARAGUACU PAULISTA,Cap 08,1.0
353550,PARAGUACU PAULISTA,Cap 09,506.0
353550,PARAGUACU PAULISTA,Cap 10,527.0
353550,PARAGUACU PAULISTA,Cap 11,451.0
353550,PARAGUACU PAULISTA,Cap 12,344.0
353550,PARAGUACU PAULISTA,Cap 13,122.0
353550,PARAGUACU PAULISTA,Cap 14,473.0
353550,PARAGUACU PAULISTA,Cap 15,652.0
353550,PARAGUACU PAULISTA,Cap 16,39.0
353550,PARAGUACU PAULISTA,Cap 17,4.0
353550,PARAGUACU PAULISTA,Cap 18,160.0
353550,PARAGUACU PAULISTA,Cap 19,492.0
353550,PARAGUACU PAULISTA,Cap 21,79.0
353580,PARANAPANEMA,Cap 01,17.0
353580,PARANAPANEMA,Cap 02,7.0
353580,PARANAPANEMA,Cap 03,42.0
353580,PARANAPANEMA,Cap 04,17.0
353580,PARANAPANEMA,Cap 05,23.0
353580,PARANAPANEMA,Cap 06,35.0
353580,PARANAPANEMA,Cap 09,35.0
353580,PARANAPANEMA,Cap 10,161.0
353580,PARANAPANEMA,Cap 11,54.0
353580,PARANAPANEMA,Cap 12,37.0
353580,PARANAPANEMA,Cap 13,36.0
353580,PARANAPANEMA,Cap 14,105.0
353580,PARANAPANEMA,Cap 15,187.0
353580,PARANAPANEMA,Cap 18,5.0
353580,PARANAPANEMA,Cap 19,6.0
353580,PARANAPANEMA,Cap 21,30.0
353600,PARAPUA,Cap 01,29.0
353600,PARAPUA,Cap 02,8.0
353600,PARAPUA,Cap 04,13.0
353600,PARAPUA,Cap 06,20.0
353600,PARAPUA,Cap 09,11.0
353600,PARAPUA,Cap 10,43.0
353600,PARAPUA,Cap 11,8.0
353600,PARAPUA,Cap 12,4.0
353600,PARAPUA,Cap 14,27.0
353600,PARAPUA,Cap 15,6.0
353600,PARAPUA,Cap 19,15.0
353620,PARIQUERA-ACU,Cap 01,73.0
353620,PARIQUERA-ACU,Cap 02,1161.0
353620,PARIQUERA-ACU,Cap 03,114.0
353620,PARIQUERA-ACU,Cap 04,121.0
353620,PARIQUERA-ACU,Cap 05,8.0
353620,PARIQUERA-ACU,Cap 06,140.0
353620,PARIQUERA-ACU,Cap 07,5.0
353620,PARIQUERA-ACU,Cap 08,1.0
353620,PARIQUERA-ACU,Cap 09,589.0
353620,PARIQUERA-ACU,Cap 10,435.0
353620,PARIQUERA-ACU,Cap 11,1234.0
353620,PARIQUERA-ACU,Cap 12,199.0
353620,PARIQUERA-ACU,Cap 13,110.0
353620,PARIQUERA-ACU,Cap 14,1314.0
353620,PARIQUERA-ACU,Cap 15,2254.0
353620,PARIQUERA-ACU,Cap 16,272.0
353620,PARIQUERA-ACU,Cap 17,16.0
353620,PARIQUERA-ACU,Cap 18,291.0
353620,PARIQUERA-ACU,Cap 19,826.0
353620,PARIQUERA-ACU,Cap 21,355.0
353630,PATROCINIO PAULISTA,Cap 01,41.0
353630,PATROCINIO PAULISTA,Cap 02,7.0
353630,PATROCINIO PAULISTA,Cap 03,21.0
353630,PATROCINIO PAULISTA,Cap 04,19.0
353630,PATROCINIO PAULISTA,Cap 05,32.0
353630,PATROCINIO PAULISTA,Cap 06,26.0
353630,PATROCINIO PAULISTA,Cap 07,2.0
353630,PATROCINIO PAULISTA,Cap 08,2.0
353630,PATROCINIO PAULISTA,Cap 09,61.0
353630,PATROCINIO PAULISTA,Cap 10,147.0
353630,PATROCINIO PAULISTA,Cap 11,127.0
353630,PATROCINIO PAULISTA,Cap 12,18.0
353630,PATROCINIO PAULISTA,Cap 13,32.0
353630,PATROCINIO PAULISTA,Cap 14,68.0
353630,PATROCINIO PAULISTA,Cap 15,175.0
353630,PATROCINIO PAULISTA,Cap 16,26.0
353630,PATROCINIO PAULISTA,Cap 17,2.0
353630,PATROCINIO PAULISTA,Cap 18,19.0
353630,PATROCINIO PAULISTA,Cap 19,138.0
353630,PATROCINIO PAULISTA,Cap 21,20.0
353650,PAULINIA,Cap 01,264.0
353650,PAULINIA,Cap 02,250.0
353650,PAULINIA,Cap 03,17.0
353650,PAULINIA,Cap 04,102.0
353650,PAULINIA,Cap 05,150.0
353650,PAULINIA,Cap 06,63.0
353650,PAULINIA,Cap 07,7.0
353650,PAULINIA,Cap 08,12.0
353650,PAULINIA,Cap 09,496.0
353650,PAULINIA,Cap 10,827.0
353650,PAULINIA,Cap 11,747.0
353650,PAULINIA,Cap 12,117.0
353650,PAULINIA,Cap 13,161.0
353650,PAULINIA,Cap 14,721.0
353650,PAULINIA,Cap 15,515.0
353650,PAULINIA,Cap 16,49.0
353650,PAULINIA,Cap 17,29.0
353650,PAULINIA,Cap 18,282.0
353650,PAULINIA,Cap 19,365.0
353650,PAULINIA,Cap 21,119.0
353660,PAULO DE FARIA,Cap 01,14.0
353660,PAULO DE FARIA,Cap 02,1.0
353660,PAULO DE FARIA,Cap 03,2.0
353660,PAULO DE FARIA,Cap 04,6.0
353660,PAULO DE FARIA,Cap 09,17.0
353660,PAULO DE FARIA,Cap 10,45.0
353660,PAULO DE FARIA,Cap 11,6.0
353660,PAULO DE FARIA,Cap 12,3.0
353660,PAULO DE FARIA,Cap 13,3.0
353660,PAULO DE FARIA,Cap 14,35.0
353660,PAULO DE FARIA,Cap 18,4.0
353660,PAULO DE FARIA,Cap 19,3.0
353660,PAULO DE FARIA,Cap 21,1.0
353670,PEDERNEIRAS,Cap 01,64.0
353670,PEDERNEIRAS,Cap 02,41.0
353670,PEDERNEIRAS,Cap 03,21.0
353670,PEDERNEIRAS,Cap 04,72.0
353670,PEDERNEIRAS,Cap 05,26.0
353670,PEDERNEIRAS,Cap 06,29.0
353670,PEDERNEIRAS,Cap 07,1.0
353670,PEDERNEIRAS,Cap 08,7.0
353670,PEDERNEIRAS,Cap 09,287.0
353670,PEDERNEIRAS,Cap 10,221.0
353670,PEDERNEIRAS,Cap 11,308.0
353670,PEDERNEIRAS,Cap 12,71.0
353670,PEDERNEIRAS,Cap 13,24.0
353670,PEDERNEIRAS,Cap 14,157.0
353670,PEDERNEIRAS,Cap 15,306.0
353670,PEDERNEIRAS,Cap 16,24.0
353670,PEDERNEIRAS,Cap 18,36.0
353670,PEDERNEIRAS,Cap 19,316.0
353670,PEDERNEIRAS,Cap 21,33.0
353700,PEDREGULHO,Cap 01,96.0
353700,PEDREGULHO,Cap 02,26.0
353700,PEDREGULHO,Cap 03,8.0
353700,PEDREGULHO,Cap 04,28.0
353700,PEDREGULHO,Cap 05,19.0
353700,PEDREGULHO,Cap 06,16.0
353700,PEDREGULHO,Cap 07,3.0
353700,PEDREGULHO,Cap 08,2.0
353700,PEDREGULHO,Cap 09,74.0
353700,PEDREGULHO,Cap 10,151.0
353700,PEDREGULHO,Cap 11,59.0
353700,PEDREGULHO,Cap 12,76.0
353700,PEDREGULHO,Cap 13,18.0
353700,PEDREGULHO,Cap 14,79.0
353700,PEDREGULHO,Cap 15,138.0
353700,PEDREGULHO,Cap 16,8.0
353700,PEDREGULHO,Cap 17,2.0
353700,PEDREGULHO,Cap 18,75.0
353700,PEDREGULHO,Cap 19,147.0
353700,PEDREGULHO,Cap 21,43.0
353710,PEDREIRA,Cap 01,68.0
353710,PEDREIRA,Cap 02,30.0
353710,PEDREIRA,Cap 03,26.0
353710,PEDREIRA,Cap 04,26.0
353710,PEDREIRA,Cap 05,107.0
353710,PEDREIRA,Cap 06,29.0
353710,PEDREIRA,Cap 09,125.0
353710,PEDREIRA,Cap 10,162.0
353710,PEDREIRA,Cap 11,242.0
353710,PEDREIRA,Cap 12,82.0
353710,PEDREIRA,Cap 13,36.0
353710,PEDREIRA,Cap 14,50.0
353710,PEDREIRA,Cap 15,2.0
353710,PEDREIRA,Cap 18,5.0
353710,PEDREIRA,Cap 19,197.0
353710,PEDREIRA,Cap 21,18.0
353730,PENAPOLIS,Cap 01,253.0
353730,PENAPOLIS,Cap 02,273.0
353730,PENAPOLIS,Cap 03,30.0
353730,PENAPOLIS,Cap 04,62.0
353730,PENAPOLIS,Cap 05,364.0
353730,PENAPOLIS,Cap 06,53.0
353730,PENAPOLIS,Cap 08,3.0
353730,PENAPOLIS,Cap 09,664.0
353730,PENAPOLIS,Cap 10,740.0
353730,PENAPOLIS,Cap 11,719.0
353730,PENAPOLIS,Cap 12,321.0
353730,PENAPOLIS,Cap 13,202.0
353730,PENAPOLIS,Cap 14,411.0
353730,PENAPOLIS,Cap 15,853.0
353730,PENAPOLIS,Cap 16,94.0
353730,PENAPOLIS,Cap 17,5.0
353730,PENAPOLIS,Cap 18,29.0
353730,PENAPOLIS,Cap 19,574.0
353730,PENAPOLIS,Cap 21,383.0
353740,PEREIRA BARRETO,Cap 01,48.0
353740,PEREIRA BARRETO,Cap 02,21.0
353740,PEREIRA BARRETO,Cap 03,34.0
353740,PEREIRA BARRETO,Cap 04,9.0
353740,PEREIRA BARRETO,Cap 06,22.0
353740,PEREIRA BARRETO,Cap 08,1.0
353740,PEREIRA BARRETO,Cap 09,36.0
353740,PEREIRA BARRETO,Cap 10,106.0
353740,PEREIRA BARRETO,Cap 11,82.0
353740,PEREIRA BARRETO,Cap 12,78.0
353740,PEREIRA BARRETO,Cap 13,120.0
353740,PEREIRA BARRETO,Cap 14,160.0
353740,PEREIRA BARRETO,Cap 15,68.0
353740,PEREIRA BARRETO,Cap 18,28.0
353740,PEREIRA BARRETO,Cap 19,51.0
353740,PEREIRA BARRETO,Cap 21,5.0
353780,PIEDADE,Cap 01,179.0
353780,PIEDADE,Cap 02,60.0
353780,PIEDADE,Cap 03,32.0
353780,PIEDADE,Cap 04,82.0
353780,PIEDADE,Cap 05,240.0
353780,PIEDADE,Cap 06,27.0
353780,PIEDADE,Cap 07,2.0
353780,PIEDADE,Cap 08,8.0
353780,PIEDADE,Cap 09,218.0
353780,PIEDADE,Cap 10,602.0
353780,PIEDADE,Cap 11,266.0
353780,PIEDADE,Cap 12,97.0
353780,PIEDADE,Cap 13,81.0
353780,PIEDADE,Cap 14,351.0
353780,PIEDADE,Cap 15,531.0
353780,PIEDADE,Cap 16,45.0
353780,PIEDADE,Cap 17,4.0
353780,PIEDADE,Cap 18,24.0
353780,PIEDADE,Cap 19,234.0
353780,PIEDADE,Cap 21,5.0
353790,PILAR DO SUL,Cap 01,38.0
353790,PILAR DO SUL,Cap 02,16.0
353790,PILAR DO SUL,Cap 03,33.0
353790,PILAR DO SUL,Cap 04,15.0
353790,PILAR DO SUL,Cap 05,18.0
353790,PILAR DO SUL,Cap 06,4.0
353790,PILAR DO SUL,Cap 07,2.0
353790,PILAR DO SUL,Cap 08,2.0
353790,PILAR DO SUL,Cap 09,94.0
353790,PILAR DO SUL,Cap 10,127.0
353790,PILAR DO SUL,Cap 11,130.0
353790,PILAR DO SUL,Cap 12,116.0
353790,PILAR DO SUL,Cap 13,6.0
353790,PILAR DO SUL,Cap 14,50.0
353790,PILAR DO SUL,Cap 15,256.0
353790,PILAR DO SUL,Cap 16,17.0
353790,PILAR DO SUL,Cap 18,34.0
353790,PILAR DO SUL,Cap 19,78.0
353790,PILAR DO SUL,Cap 21,53.0
353800,PINDAMONHANGABA,Cap 01,241.0
353800,PINDAMONHANGABA,Cap 02,142.0
353800,PINDAMONHANGABA,Cap 03,32.0
353800,PINDAMONHANGABA,Cap 04,70.0
353800,PINDAMONHANGABA,Cap 05,1.0
353800,PINDAMONHANGABA,Cap 06,65.0
353800,PINDAMONHANGABA,Cap 07,10.0
353800,PINDAMONHANGABA,Cap 08,17.0
353800,PINDAMONHANGABA,Cap 09,336.0
353800,PINDAMONHANGABA,Cap 10,623.0
353800,PINDAMONHANGABA,Cap 11,955.0
353800,PINDAMONHANGABA,Cap 12,157.0
353800,PINDAMONHANGABA,Cap 13,108.0
353800,PINDAMONHANGABA,Cap 14,865.0
353800,PINDAMONHANGABA,Cap 15,2401.0
353800,PINDAMONHANGABA,Cap 16,413.0
353800,PINDAMONHANGABA,Cap 17,33.0
353800,PINDAMONHANGABA,Cap 18,120.0
353800,PINDAMONHANGABA,Cap 19,979.0
353800,PINDAMONHANGABA,Cap 21,319.0
353860,PIRACAIA,Cap 01,48.0
353860,PIRACAIA,Cap 02,20.0
353860,PIRACAIA,Cap 03,25.0
353860,PIRACAIA,Cap 04,12.0
353860,PIRACAIA,Cap 05,20.0
353860,PIRACAIA,Cap 06,3.0
353860,PIRACAIA,Cap 09,72.0
353860,PIRACAIA,Cap 10,130.0
353860,PIRACAIA,Cap 11,10.0
353860,PIRACAIA,Cap 12,13.0
353860,PIRACAIA,Cap 13,3.0
353860,PIRACAIA,Cap 14,128.0
353860,PIRACAIA,Cap 18,2.0
353860,PIRACAIA,Cap 19,9.0
353860,PIRACAIA,Cap 21,2.0
353870,PIRACICABA,Cap 01,702.0
353870,PIRACICABA,Cap 02,3928.0
353870,PIRACICABA,Cap 03,226.0
353870,PIRACICABA,Cap 04,795.0
353870,PIRACICABA,Cap 05,28.0
353870,PIRACICABA,Cap 06,693.0
353870,PIRACICABA,Cap 07,3057.0
353870,PIRACICABA,Cap 08,112.0
353870,PIRACICABA,Cap 09,3834.0
353870,PIRACICABA,Cap 10,1976.0
353870,PIRACICABA,Cap 11,5338.0
353870,PIRACICABA,Cap 12,551.0
353870,PIRACICABA,Cap 13,1178.0
353870,PIRACICABA,Cap 14,3595.0
353870,PIRACICABA,Cap 15,4100.0
353870,PIRACICABA,Cap 16,805.0
353870,PIRACICABA,Cap 17,112.0
353870,PIRACICABA,Cap 18,443.0
353870,PIRACICABA,Cap 19,3897.0
353870,PIRACICABA,Cap 21,963.0
353880,PIRAJU,Cap 01,216.0
353880,PIRAJU,Cap 02,25.0
353880,PIRAJU,Cap 03,73.0
353880,PIRAJU,Cap 04,67.0
353880,PIRAJU,Cap 05,18.0
353880,PIRAJU,Cap 06,30.0
353880,PIRAJU,Cap 08,2.0
353880,PIRAJU,Cap 09,166.0
353880,PIRAJU,Cap 10,359.0
353880,PIRAJU,Cap 11,256.0
353880,PIRAJU,Cap 12,21.0
353880,PIRAJU,Cap 13,34.0
353880,PIRAJU,Cap 14,199.0
353880,PIRAJU,Cap 15,282.0
353880,PIRAJU,Cap 16,59.0
353880,PIRAJU,Cap 17,2.0
353880,PIRAJU,Cap 18,87.0
353880,PIRAJU,Cap 19,87.0
353880,PIRAJU,Cap 21,4.0
353890,PIRAJUI,Cap 01,50.0
353890,PIRAJUI,Cap 02,38.0
353890,PIRAJUI,Cap 03,37.0
353890,PIRAJUI,Cap 04,21.0
353890,PIRAJUI,Cap 05,23.0
353890,PIRAJUI,Cap 06,38.0
353890,PIRAJUI,Cap 08,2.0
353890,PIRAJUI,Cap 09,105.0
353890,PIRAJUI,Cap 10,178.0
353890,PIRAJUI,Cap 11,625.0
353890,PIRAJUI,Cap 12,27.0
353890,PIRAJUI,Cap 13,5.0
353890,PIRAJUI,Cap 14,115.0
353890,PIRAJUI,Cap 15,7.0
353890,PIRAJUI,Cap 17,1.0
353890,PIRAJUI,Cap 18,18.0
353890,PIRAJUI,Cap 19,32.0
353890,PIRAJUI,Cap 21,26.0
353900,PIRANGI,Cap 01,52.0
353900,PIRANGI,Cap 02,9.0
353900,PIRANGI,Cap 03,7.0
353900,PIRANGI,Cap 04,30.0
353900,PIRANGI,Cap 05,2.0
353900,PIRANGI,Cap 07,71.0
353900,PIRANGI,Cap 08,2.0
353900,PIRANGI,Cap 09,159.0
353900,PIRANGI,Cap 10,527.0
353900,PIRANGI,Cap 11,527.0
353900,PIRANGI,Cap 12,55.0
353900,PIRANGI,Cap 13,2.0
353900,PIRANGI,Cap 14,75.0
353900,PIRANGI,Cap 15,4.0
353900,PIRANGI,Cap 17,50.0
353900,PIRANGI,Cap 18,12.0
353900,PIRANGI,Cap 21,2.0
353930,PIRASSUNUNGA,Cap 01,78.0
353930,PIRASSUNUNGA,Cap 02,63.0
353930,PIRASSUNUNGA,Cap 03,62.0
353930,PIRASSUNUNGA,Cap 04,64.0
353930,PIRASSUNUNGA,Cap 05,87.0
353930,PIRASSUNUNGA,Cap 06,28.0
353930,PIRASSUNUNGA,Cap 07,6.0
353930,PIRASSUNUNGA,Cap 08,1.0
353930,PIRASSUNUNGA,Cap 09,290.0
353930,PIRASSUNUNGA,Cap 10,380.0
353930,PIRASSUNUNGA,Cap 11,235.0
353930,PIRASSUNUNGA,Cap 12,27.0
353930,PIRASSUNUNGA,Cap 13,29.0
353930,PIRASSUNUNGA,Cap 14,327.0
353930,PIRASSUNUNGA,Cap 15,431.0
353930,PIRASSUNUNGA,Cap 16,49.0
353930,PIRASSUNUNGA,Cap 17,4.0
353930,PIRASSUNUNGA,Cap 18,93.0
353930,PIRASSUNUNGA,Cap 19,358.0
353930,PIRASSUNUNGA,Cap 21,63.0
353940,PIRATININGA,Cap 01,19.0
353940,PIRATININGA,Cap 02,8.0
353940,PIRATININGA,Cap 03,6.0
353940,PIRATININGA,Cap 04,7.0
353940,PIRATININGA,Cap 06,1.0
353940,PIRATININGA,Cap 09,17.0
353940,PIRATININGA,Cap 10,72.0
353940,PIRATININGA,Cap 11,17.0
353940,PIRATININGA,Cap 12,10.0
353940,PIRATININGA,Cap 13,2.0
353940,PIRATININGA,Cap 14,89.0
353940,PIRATININGA,Cap 18,4.0
353940,PIRATININGA,Cap 19,40.0
353950,PITANGUEIRAS,Cap 01,44.0
353950,PITANGUEIRAS,Cap 02,43.0
353950,PITANGUEIRAS,Cap 03,28.0
353950,PITANGUEIRAS,Cap 04,18.0
353950,PITANGUEIRAS,Cap 05,91.0
353950,PITANGUEIRAS,Cap 06,17.0
353950,PITANGUEIRAS,Cap 07,2.0
353950,PITANGUEIRAS,Cap 08,6.0
353950,PITANGUEIRAS,Cap 09,126.0
353950,PITANGUEIRAS,Cap 10,146.0
353950,PITANGUEIRAS,Cap 11,219.0
353950,PITANGUEIRAS,Cap 12,35.0
353950,PITANGUEIRAS,Cap 13,34.0
353950,PITANGUEIRAS,Cap 14,147.0
353950,PITANGUEIRAS,Cap 15,222.0
353950,PITANGUEIRAS,Cap 16,27.0
353950,PITANGUEIRAS,Cap 17,1.0
353950,PITANGUEIRAS,Cap 18,74.0
353950,PITANGUEIRAS,Cap 19,110.0
353950,PITANGUEIRAS,Cap 21,73.0
354000,POMPEIA,Cap 01,40.0
354000,POMPEIA,Cap 02,43.0
354000,POMPEIA,Cap 03,18.0
354000,POMPEIA,Cap 04,13.0
354000,POMPEIA,Cap 05,1.0
354000,POMPEIA,Cap 06,21.0
354000,POMPEIA,Cap 08,2.0
354000,POMPEIA,Cap 09,103.0
354000,POMPEIA,Cap 10,148.0
354000,POMPEIA,Cap 11,35.0
354000,POMPEIA,Cap 12,59.0
354000,POMPEIA,Cap 13,10.0
354000,POMPEIA,Cap 14,103.0
354000,POMPEIA,Cap 15,1.0
354000,POMPEIA,Cap 17,5.0
354000,POMPEIA,Cap 18,33.0
354000,POMPEIA,Cap 19,6.0
354000,POMPEIA,Cap 21,195.0
354020,PONTAL,Cap 01,30.0
354020,PONTAL,Cap 02,12.0
354020,PONTAL,Cap 03,21.0
354020,PONTAL,Cap 04,12.0
354020,PONTAL,Cap 06,9.0
354020,PONTAL,Cap 07,204.0
354020,PONTAL,Cap 08,2.0
354020,PONTAL,Cap 09,282.0
354020,PONTAL,Cap 10,159.0
354020,PONTAL,Cap 11,54.0
354020,PONTAL,Cap 12,28.0
354020,PONTAL,Cap 13,17.0
354020,PONTAL,Cap 14,79.0
354020,PONTAL,Cap 15,209.0
354020,PONTAL,Cap 16,14.0
354020,PONTAL,Cap 17,1.0
354020,PONTAL,Cap 18,98.0
354020,PONTAL,Cap 19,129.0
354020,PONTAL,Cap 21,54.0
354040,POPULINA,Cap 01,19.0
354040,POPULINA,Cap 02,1.0
354040,POPULINA,Cap 03,2.0
354040,POPULINA,Cap 04,37.0
354040,POPULINA,Cap 05,3.0
354040,POPULINA,Cap 08,1.0
354040,POPULINA,Cap 09,5.0
354040,POPULINA,Cap 10,39.0
354040,POPULINA,Cap 11,5.0
354040,POPULINA,Cap 12,7.0
354040,POPULINA,Cap 13,1.0
354040,POPULINA,Cap 14,37.0
354040,POPULINA,Cap 18,1.0
354040,POPULINA,Cap 21,1.0
354060,PORTO FELIZ,Cap 01,150.0
354060,PORTO FELIZ,Cap 02,235.0
354060,PORTO FELIZ,Cap 03,74.0
354060,PORTO FELIZ,Cap 04,62.0
354060,PORTO FELIZ,Cap 05,48.0
354060,PORTO FELIZ,Cap 06,43.0
354060,PORTO FELIZ,Cap 07,1069.0
354060,PORTO FELIZ,Cap 08,4.0
354060,PORTO FELIZ,Cap 09,361.0
354060,PORTO FELIZ,Cap 10,314.0
354060,PORTO FELIZ,Cap 11,565.0
354060,PORTO FELIZ,Cap 12,109.0
354060,PORTO FELIZ,Cap 13,60.0
354060,PORTO FELIZ,Cap 14,441.0
354060,PORTO FELIZ,Cap 15,379.0
354060,PORTO FELIZ,Cap 16,18.0
354060,PORTO FELIZ,Cap 17,9.0
354060,PORTO FELIZ,Cap 18,70.0
354060,PORTO FELIZ,Cap 19,308.0
354060,PORTO FELIZ,Cap 21,104.0
354070,PORTO FERREIRA,Cap 01,116.0
354070,PORTO FERREIRA,Cap 02,54.0
354070,PORTO FERREIRA,Cap 03,91.0
354070,PORTO FERREIRA,Cap 04,73.0
354070,PORTO FERREIRA,Cap 05,2.0
354070,PORTO FERREIRA,Cap 06,48.0
354070,PORTO FERREIRA,Cap 07,1.0
354070,PORTO FERREIRA,Cap 08,3.0
354070,PORTO FERREIRA,Cap 09,192.0
354070,PORTO FERREIRA,Cap 10,385.0
354070,PORTO FERREIRA,Cap 11,274.0
354070,PORTO FERREIRA,Cap 12,62.0
354070,PORTO FERREIRA,Cap 13,39.0
354070,PORTO FERREIRA,Cap 14,337.0
354070,PORTO FERREIRA,Cap 15,389.0
354070,PORTO FERREIRA,Cap 16,28.0
354070,PORTO FERREIRA,Cap 17,3.0
354070,PORTO FERREIRA,Cap 18,93.0
354070,PORTO FERREIRA,Cap 19,215.0
354070,PORTO FERREIRA,Cap 21,53.0
354080,POTIRENDABA,Cap 01,131.0
354080,POTIRENDABA,Cap 02,2.0
354080,POTIRENDABA,Cap 03,6.0
354080,POTIRENDABA,Cap 04,63.0
354080,POTIRENDABA,Cap 05,2.0
354080,POTIRENDABA,Cap 06,5.0
354080,POTIRENDABA,Cap 08,32.0
354080,POTIRENDABA,Cap 09,32.0
354080,POTIRENDABA,Cap 10,193.0
354080,POTIRENDABA,Cap 11,107.0
354080,POTIRENDABA,Cap 12,9.0
354080,POTIRENDABA,Cap 13,28.0
354080,POTIRENDABA,Cap 14,217.0
354080,POTIRENDABA,Cap 15,5.0
354080,POTIRENDABA,Cap 18,4.0
354080,POTIRENDABA,Cap 19,40.0
354100,PRAIA GRANDE,Cap 01,352.0
354100,PRAIA GRANDE,Cap 02,274.0
354100,PRAIA GRANDE,Cap 03,171.0
354100,PRAIA GRANDE,Cap 04,179.0
354100,PRAIA GRANDE,Cap 05,575.0
354100,PRAIA GRANDE,Cap 06,91.0
354100,PRAIA GRANDE,Cap 07,6.0
354100,PRAIA GRANDE,Cap 08,7.0
354100,PRAIA GRANDE,Cap 09,522.0
354100,PRAIA GRANDE,Cap 10,997.0
354100,PRAIA GRANDE,Cap 11,1090.0
354100,PRAIA GRANDE,Cap 12,232.0
354100,PRAIA GRANDE,Cap 13,393.0
354100,PRAIA GRANDE,Cap 14,661.0
354100,PRAIA GRANDE,Cap 15,2004.0
354100,PRAIA GRANDE,Cap 16,1162.0
354100,PRAIA GRANDE,Cap 17,56.0
354100,PRAIA GRANDE,Cap 18,269.0
354100,PRAIA GRANDE,Cap 19,1819.0
354100,PRAIA GRANDE,Cap 21,320.0
354120,PRESIDENTE BERNARDES,Cap 01,392.0
354120,PRESIDENTE BERNARDES,Cap 03,11.0
354120,PRESIDENTE BERNARDES,Cap 04,134.0
354120,PRESIDENTE BERNARDES,Cap 06,57.0
354120,PRESIDENTE BERNARDES,Cap 09,78.0
354120,PRESIDENTE BERNARDES,Cap 10,236.0
354120,PRESIDENTE BERNARDES,Cap 11,141.0
354120,PRESIDENTE BERNARDES,Cap 14,194.0
354120,PRESIDENTE BERNARDES,Cap 18,1.0
354120,PRESIDENTE BERNARDES,Cap 21,1.0
354130,PRESIDENTE EPITACIO,Cap 01,304.0
354130,PRESIDENTE EPITACIO,Cap 02,108.0
354130,PRESIDENTE EPITACIO,Cap 03,26.0
354130,PRESIDENTE EPITACIO,Cap 04,141.0
354130,PRESIDENTE EPITACIO,Cap 05,117.0
354130,PRESIDENTE EPITACIO,Cap 06,26.0
354130,PRESIDENTE EPITACIO,Cap 08,1.0
354130,PRESIDENTE EPITACIO,Cap 09,424.0
354130,PRESIDENTE EPITACIO,Cap 10,299.0
354130,PRESIDENTE EPITACIO,Cap 11,371.0
354130,PRESIDENTE EPITACIO,Cap 12,61.0
354130,PRESIDENTE EPITACIO,Cap 13,23.0
354130,PRESIDENTE EPITACIO,Cap 14,332.0
354130,PRESIDENTE EPITACIO,Cap 15,321.0
354130,PRESIDENTE EPITACIO,Cap 16,7.0
354130,PRESIDENTE EPITACIO,Cap 17,1.0
354130,PRESIDENTE EPITACIO,Cap 18,41.0
354130,PRESIDENTE EPITACIO,Cap 19,314.0
354130,PRESIDENTE EPITACIO,Cap 21,51.0
354140,PRESIDENTE PRUDENTE,Cap 01,1663.0
354140,PRESIDENTE PRUDENTE,Cap 02,6285.0
354140,PRESIDENTE PRUDENTE,Cap 03,268.0
354140,PRESIDENTE PRUDENTE,Cap 04,693.0
354140,PRESIDENTE PRUDENTE,Cap 05,2341.0
354140,PRESIDENTE PRUDENTE,Cap 06,758.0
354140,PRESIDENTE PRUDENTE,Cap 07,3801.0
354140,PRESIDENTE PRUDENTE,Cap 08,87.0
354140,PRESIDENTE PRUDENTE,Cap 09,5284.0
354140,PRESIDENTE PRUDENTE,Cap 10,2155.0
354140,PRESIDENTE PRUDENTE,Cap 11,5140.0
354140,PRESIDENTE PRUDENTE,Cap 12,615.0
354140,PRESIDENTE PRUDENTE,Cap 13,1532.0
354140,PRESIDENTE PRUDENTE,Cap 14,3345.0
354140,PRESIDENTE PRUDENTE,Cap 15,4022.0
354140,PRESIDENTE PRUDENTE,Cap 16,931.0
354140,PRESIDENTE PRUDENTE,Cap 17,260.0
354140,PRESIDENTE PRUDENTE,Cap 18,942.0
354140,PRESIDENTE PRUDENTE,Cap 19,3498.0
354140,PRESIDENTE PRUDENTE,Cap 21,512.0
354150,PRESIDENTE VENCESLAU,Cap 01,120.0
354150,PRESIDENTE VENCESLAU,Cap 02,69.0
354150,PRESIDENTE VENCESLAU,Cap 03,56.0
354150,PRESIDENTE VENCESLAU,Cap 04,89.0
354150,PRESIDENTE VENCESLAU,Cap 05,192.0
354150,PRESIDENTE VENCESLAU,Cap 06,24.0
354150,PRESIDENTE VENCESLAU,Cap 07,1.0
354150,PRESIDENTE VENCESLAU,Cap 08,7.0
354150,PRESIDENTE VENCESLAU,Cap 09,278.0
354150,PRESIDENTE VENCESLAU,Cap 10,380.0
354150,PRESIDENTE VENCESLAU,Cap 11,220.0
354150,PRESIDENTE VENCESLAU,Cap 12,47.0
354150,PRESIDENTE VENCESLAU,Cap 13,28.0
354150,PRESIDENTE VENCESLAU,Cap 14,250.0
354150,PRESIDENTE VENCESLAU,Cap 15,210.0
354150,PRESIDENTE VENCESLAU,Cap 16,9.0
354150,PRESIDENTE VENCESLAU,Cap 17,1.0
354150,PRESIDENTE VENCESLAU,Cap 18,34.0
354150,PRESIDENTE VENCESLAU,Cap 19,157.0
354150,PRESIDENTE VENCESLAU,Cap 21,6.0
354160,PROMISSAO,Cap 01,113.0
354160,PROMISSAO,Cap 02,169.0
354160,PROMISSAO,Cap 03,14.0
354160,PROMISSAO,Cap 04,76.0
354160,PROMISSAO,Cap 05,24.0
354160,PROMISSAO,Cap 06,115.0
354160,PROMISSAO,Cap 08,3.0
354160,PROMISSAO,Cap 09,404.0
354160,PROMISSAO,Cap 10,428.0
354160,PROMISSAO,Cap 11,1241.0
354160,PROMISSAO,Cap 12,79.0
354160,PROMISSAO,Cap 13,240.0
354160,PROMISSAO,Cap 14,534.0
354160,PROMISSAO,Cap 15,7.0
354160,PROMISSAO,Cap 17,16.0
354160,PROMISSAO,Cap 18,66.0
354160,PROMISSAO,Cap 19,361.0
354160,PROMISSAO,Cap 21,344.0
354190,QUELUZ,Cap 01,4.0
354190,QUELUZ,Cap 02,6.0
354190,QUELUZ,Cap 03,1.0
354190,QUELUZ,Cap 04,11.0
354190,QUELUZ,Cap 05,17.0
354190,QUELUZ,Cap 09,16.0
354190,QUELUZ,Cap 10,39.0
354190,QUELUZ,Cap 11,6.0
354190,QUELUZ,Cap 12,8.0
354190,QUELUZ,Cap 13,1.0
354190,QUELUZ,Cap 14,50.0
354190,QUELUZ,Cap 19,3.0
354220,RANCHARIA,Cap 01,160.0
354220,RANCHARIA,Cap 02,80.0
354220,RANCHARIA,Cap 03,60.0
354220,RANCHARIA,Cap 04,174.0
354220,RANCHARIA,Cap 05,168.0
354220,RANCHARIA,Cap 06,47.0
354220,RANCHARIA,Cap 07,1.0
354220,RANCHARIA,Cap 08,4.0
354220,RANCHARIA,Cap 09,639.0
354220,RANCHARIA,Cap 10,727.0
354220,RANCHARIA,Cap 11,700.0
354220,RANCHARIA,Cap 12,270.0
354220,RANCHARIA,Cap 13,72.0
354220,RANCHARIA,Cap 14,330.0
354220,RANCHARIA,Cap 15,332.0
354220,RANCHARIA,Cap 16,13.0
354220,RANCHARIA,Cap 17,6.0
354220,RANCHARIA,Cap 18,102.0
354220,RANCHARIA,Cap 19,509.0
354220,RANCHARIA,Cap 21,77.0
354240,REGENTE FEIJO,Cap 01,75.0
354240,REGENTE FEIJO,Cap 02,22.0
354240,REGENTE FEIJO,Cap 03,39.0
354240,REGENTE FEIJO,Cap 04,137.0
354240,REGENTE FEIJO,Cap 05,59.0
354240,REGENTE FEIJO,Cap 06,19.0
354240,REGENTE FEIJO,Cap 09,189.0
354240,REGENTE FEIJO,Cap 10,170.0
354240,REGENTE FEIJO,Cap 11,98.0
354240,REGENTE FEIJO,Cap 12,40.0
354240,REGENTE FEIJO,Cap 13,7.0
354240,REGENTE FEIJO,Cap 14,138.0
354240,REGENTE FEIJO,Cap 15,2.0
354240,REGENTE FEIJO,Cap 18,5.0
354260,REGISTRO,Cap 01,147.0
354260,REGISTRO,Cap 02,93.0
354260,REGISTRO,Cap 03,57.0
354260,REGISTRO,Cap 04,59.0
354260,REGISTRO,Cap 05,101.0
354260,REGISTRO,Cap 06,241.0
354260,REGISTRO,Cap 07,5.0
354260,REGISTRO,Cap 08,36.0
354260,REGISTRO,Cap 09,1399.0
354260,REGISTRO,Cap 10,1270.0
354260,REGISTRO,Cap 11,1661.0
354260,REGISTRO,Cap 12,631.0
354260,REGISTRO,Cap 13,361.0
354260,REGISTRO,Cap 14,539.0
354260,REGISTRO,Cap 15,806.0
354260,REGISTRO,Cap 16,31.0
354260,REGISTRO,Cap 17,44.0
354260,REGISTRO,Cap 18,70.0
354260,REGISTRO,Cap 19,1046.0
354260,REGISTRO,Cap 21,465.0
354290,RIBEIRAO BONITO,Cap 01,8.0
354290,RIBEIRAO BONITO,Cap 02,38.0
354290,RIBEIRAO BONITO,Cap 03,6.0
354290,RIBEIRAO BONITO,Cap 04,2.0
354290,RIBEIRAO BONITO,Cap 07,19.0
354290,RIBEIRAO BONITO,Cap 09,24.0
354290,RIBEIRAO BONITO,Cap 10,59.0
354290,RIBEIRAO BONITO,Cap 11,55.0
354290,RIBEIRAO BONITO,Cap 12,6.0
354290,RIBEIRAO BONITO,Cap 13,91.0
354290,RIBEIRAO BONITO,Cap 14,35.0
354290,RIBEIRAO BONITO,Cap 15,61.0
354290,RIBEIRAO BONITO,Cap 16,3.0
354290,RIBEIRAO BONITO,Cap 17,1.0
354290,RIBEIRAO BONITO,Cap 18,1.0
354290,RIBEIRAO BONITO,Cap 19,4.0
354290,RIBEIRAO BONITO,Cap 21,36.0
354300,RIBEIRAO BRANCO,Cap 01,17.0
354300,RIBEIRAO BRANCO,Cap 02,16.0
354300,RIBEIRAO BRANCO,Cap 03,35.0
354300,RIBEIRAO BRANCO,Cap 04,30.0
354300,RIBEIRAO BRANCO,Cap 05,3.0
354300,RIBEIRAO BRANCO,Cap 08,4.0
354300,RIBEIRAO BRANCO,Cap 09,47.0
354300,RIBEIRAO BRANCO,Cap 10,116.0
354300,RIBEIRAO BRANCO,Cap 11,21.0
354300,RIBEIRAO BRANCO,Cap 12,15.0
354300,RIBEIRAO BRANCO,Cap 13,1.0
354300,RIBEIRAO BRANCO,Cap 14,55.0
354300,RIBEIRAO BRANCO,Cap 15,1.0
354300,RIBEIRAO BRANCO,Cap 16,5.0
354300,RIBEIRAO BRANCO,Cap 18,32.0
354300,RIBEIRAO BRANCO,Cap 19,12.0
354300,RIBEIRAO BRANCO,Cap 21,2.0
354330,RIBEIRAO PIRES,Cap 01,195.0
354330,RIBEIRAO PIRES,Cap 02,94.0
354330,RIBEIRAO PIRES,Cap 03,11.0
354330,RIBEIRAO PIRES,Cap 04,27.0
354330,RIBEIRAO PIRES,Cap 05,3.0
354330,RIBEIRAO PIRES,Cap 06,12.0
354330,RIBEIRAO PIRES,Cap 08,1.0
354330,RIBEIRAO PIRES,Cap 09,278.0
354330,RIBEIRAO PIRES,Cap 10,280.0
354330,RIBEIRAO PIRES,Cap 11,29.0
354330,RIBEIRAO PIRES,Cap 12,25.0
354330,RIBEIRAO PIRES,Cap 13,3.0
354330,RIBEIRAO PIRES,Cap 14,140.0
354330,RIBEIRAO PIRES,Cap 15,549.0
354330,RIBEIRAO PIRES,Cap 16,9.0
354330,RIBEIRAO PIRES,Cap 17,1.0
354330,RIBEIRAO PIRES,Cap 18,3.0
354330,RIBEIRAO PIRES,Cap 19,11.0
354330,RIBEIRAO PIRES,Cap 21,208.0
354340,RIBEIRAO PRETO,Cap 01,4104.0
354340,RIBEIRAO PRETO,Cap 02,13900.0
354340,RIBEIRAO PRETO,Cap 03,1308.0
354340,RIBEIRAO PRETO,Cap 04,1839.0
354340,RIBEIRAO PRETO,Cap 05,2258.0
354340,RIBEIRAO PRETO,Cap 06,3682.0
354340,RIBEIRAO PRETO,Cap 07,4111.0
354340,RIBEIRAO PRETO,Cap 08,359.0
354340,RIBEIRAO PRETO,Cap 09,9958.0
354340,RIBEIRAO PRETO,Cap 10,5779.0
354340,RIBEIRAO PRETO,Cap 11,9196.0
354340,RIBEIRAO PRETO,Cap 12,2504.0
354340,RIBEIRAO PRETO,Cap 13,2283.0
354340,RIBEIRAO PRETO,Cap 14,7784.0
354340,RIBEIRAO PRETO,Cap 15,7657.0
354340,RIBEIRAO PRETO,Cap 16,2716.0
354340,RIBEIRAO PRETO,Cap 17,1415.0
354340,RIBEIRAO PRETO,Cap 18,2100.0
354340,RIBEIRAO PRETO,Cap 19,9605.0
354340,RIBEIRAO PRETO,Cap 21,1702.0
354380,RINOPOLIS,Cap 01,19.0
354380,RINOPOLIS,Cap 02,2.0
354380,RINOPOLIS,Cap 03,16.0
354380,RINOPOLIS,Cap 04,22.0
354380,RINOPOLIS,Cap 06,2.0
354380,RINOPOLIS,Cap 09,10.0
354380,RINOPOLIS,Cap 10,91.0
354380,RINOPOLIS,Cap 11,22.0
354380,RINOPOLIS,Cap 12,8.0
354380,RINOPOLIS,Cap 13,1.0
354380,RINOPOLIS,Cap 14,73.0
354380,RINOPOLIS,Cap 16,2.0
354380,RINOPOLIS,Cap 18,1.0
354380,RINOPOLIS,Cap 19,13.0
354390,RIO CLARO,Cap 01,833.0
354390,RIO CLARO,Cap 02,1118.0
354390,RIO CLARO,Cap 03,158.0
354390,RIO CLARO,Cap 04,208.0
354390,RIO CLARO,Cap 05,1056.0
354390,RIO CLARO,Cap 06,163.0
354390,RIO CLARO,Cap 07,28.0
354390,RIO CLARO,Cap 08,29.0
354390,RIO CLARO,Cap 09,1209.0
354390,RIO CLARO,Cap 10,1007.0
354390,RIO CLARO,Cap 11,1041.0
354390,RIO CLARO,Cap 12,150.0
354390,RIO CLARO,Cap 13,344.0
354390,RIO CLARO,Cap 14,767.0
354390,RIO CLARO,Cap 15,1691.0
354390,RIO CLARO,Cap 16,266.0
354390,RIO CLARO,Cap 17,44.0
354390,RIO CLARO,Cap 18,147.0
354390,RIO CLARO,Cap 19,1584.0
354390,RIO CLARO,Cap 21,312.0
354400,RIO DAS PEDRAS,Cap 01,33.0
354400,RIO DAS PEDRAS,Cap 02,1.0
354400,RIO DAS PEDRAS,Cap 03,4.0
354400,RIO DAS PEDRAS,Cap 04,24.0
354400,RIO DAS PEDRAS,Cap 05,66.0
354400,RIO DAS PEDRAS,Cap 06,5.0
354400,RIO DAS PEDRAS,Cap 07,1.0
354400,RIO DAS PEDRAS,Cap 08,1.0
354400,RIO DAS PEDRAS,Cap 09,86.0
354400,RIO DAS PEDRAS,Cap 10,105.0
354400,RIO DAS PEDRAS,Cap 11,66.0
354400,RIO DAS PEDRAS,Cap 12,156.0
354400,RIO DAS PEDRAS,Cap 13,10.0
354400,RIO DAS PEDRAS,Cap 14,245.0
354400,RIO DAS PEDRAS,Cap 18,36.0
354400,RIO DAS PEDRAS,Cap 19,89.0
354400,RIO DAS PEDRAS,Cap 21,2.0
354420,RIOLANDIA,Cap 01,40.0
354420,RIOLANDIA,Cap 03,13.0
354420,RIOLANDIA,Cap 04,25.0
354420,RIOLANDIA,Cap 06,2.0
354420,RIOLANDIA,Cap 09,9.0
354420,RIOLANDIA,Cap 10,59.0
354420,RIOLANDIA,Cap 11,12.0
354420,RIOLANDIA,Cap 12,9.0
354420,RIOLANDIA,Cap 13,3.0
354420,RIOLANDIA,Cap 14,30.0
354420,RIOLANDIA,Cap 18,3.0
354420,RIOLANDIA,Cap 19,2.0
354425,ROSANA,Cap 01,135.0
354425,ROSANA,Cap 02,27.0
354425,ROSANA,Cap 03,23.0
354425,ROSANA,Cap 04,32.0
354425,ROSANA,Cap 05,124.0
354425,ROSANA,Cap 06,105.0
354425,ROSANA,Cap 07,3.0
354425,ROSANA,Cap 08,6.0
354425,ROSANA,Cap 09,510.0
354425,ROSANA,Cap 10,288.0
354425,ROSANA,Cap 11,542.0
354425,ROSANA,Cap 12,127.0
354425,ROSANA,Cap 13,83.0
354425,ROSANA,Cap 14,398.0
354425,ROSANA,Cap 15,189.0
354425,ROSANA,Cap 16,33.0
354425,ROSANA,Cap 17,7.0
354425,ROSANA,Cap 18,45.0
354425,ROSANA,Cap 19,333.0
354425,ROSANA,Cap 21,119.0
354490,SALES OLIVEIRA,Cap 01,6.0
354490,SALES OLIVEIRA,Cap 02,14.0
354490,SALES OLIVEIRA,Cap 03,1.0
354490,SALES OLIVEIRA,Cap 04,19.0
354490,SALES OLIVEIRA,Cap 05,19.0
354490,SALES OLIVEIRA,Cap 06,2.0
354490,SALES OLIVEIRA,Cap 09,26.0
354490,SALES OLIVEIRA,Cap 10,33.0
354490,SALES OLIVEIRA,Cap 11,7.0
354490,SALES OLIVEIRA,Cap 12,2.0
354490,SALES OLIVEIRA,Cap 13,1.0
354490,SALES OLIVEIRA,Cap 14,17.0
354490,SALES OLIVEIRA,Cap 15,70.0
354490,SALES OLIVEIRA,Cap 16,6.0
354490,SALES OLIVEIRA,Cap 18,4.0
354490,SALES OLIVEIRA,Cap 19,1.0
354490,SALES OLIVEIRA,Cap 21,4.0
354500,SALESOPOLIS,Cap 01,23.0
354500,SALESOPOLIS,Cap 02,10.0
354500,SALESOPOLIS,Cap 03,14.0
354500,SALESOPOLIS,Cap 04,32.0
354500,SALESOPOLIS,Cap 05,1.0
354500,SALESOPOLIS,Cap 06,8.0
354500,SALESOPOLIS,Cap 08,2.0
354500,SALESOPOLIS,Cap 09,58.0
354500,SALESOPOLIS,Cap 10,102.0
354500,SALESOPOLIS,Cap 11,29.0
354500,SALESOPOLIS,Cap 12,9.0
354500,SALESOPOLIS,Cap 13,4.0
354500,SALESOPOLIS,Cap 14,46.0
354500,SALESOPOLIS,Cap 15,1.0
354500,SALESOPOLIS,Cap 18,37.0
354500,SALESOPOLIS,Cap 19,62.0
354520,SALTO,Cap 01,46.0
354520,SALTO,Cap 02,229.0
354520,SALTO,Cap 03,21.0
354520,SALTO,Cap 04,214.0
354520,SALTO,Cap 05,128.0
354520,SALTO,Cap 06,100.0
354520,SALTO,Cap 07,3.0
354520,SALTO,Cap 08,17.0
354520,SALTO,Cap 09,829.0
354520,SALTO,Cap 10,578.0
354520,SALTO,Cap 11,1262.0
354520,SALTO,Cap 12,297.0
354520,SALTO,Cap 13,148.0
354520,SALTO,Cap 14,810.0
354520,SALTO,Cap 15,892.0
354520,SALTO,Cap 16,76.0
354520,SALTO,Cap 17,13.0
354520,SALTO,Cap 18,355.0
354520,SALTO,Cap 19,525.0
354520,SALTO,Cap 21,513.0
354530,SALTO DE PIRAPORA,Cap 01,48.0
354530,SALTO DE PIRAPORA,Cap 02,131.0
354530,SALTO DE PIRAPORA,Cap 03,13.0
354530,SALTO DE PIRAPORA,Cap 04,34.0
354530,SALTO DE PIRAPORA,Cap 05,64.0
354530,SALTO DE PIRAPORA,Cap 06,8.0
354530,SALTO DE PIRAPORA,Cap 07,1.0
354530,SALTO DE PIRAPORA,Cap 08,4.0
354530,SALTO DE PIRAPORA,Cap 09,422.0
354530,SALTO DE PIRAPORA,Cap 10,272.0
354530,SALTO DE PIRAPORA,Cap 11,456.0
354530,SALTO DE PIRAPORA,Cap 12,78.0
354530,SALTO DE PIRAPORA,Cap 13,11.0
354530,SALTO DE PIRAPORA,Cap 14,262.0
354530,SALTO DE PIRAPORA,Cap 15,259.0
354530,SALTO DE PIRAPORA,Cap 16,11.0
354530,SALTO DE PIRAPORA,Cap 18,13.0
354530,SALTO DE PIRAPORA,Cap 19,186.0
354530,SALTO DE PIRAPORA,Cap 21,490.0
354540,SALTO GRANDE,Cap 01,41.0
354540,SALTO GRANDE,Cap 02,6.0
354540,SALTO GRANDE,Cap 03,9.0
354540,SALTO GRANDE,Cap 04,39.0
354540,SALTO GRANDE,Cap 05,35.0
354540,SALTO GRANDE,Cap 06,15.0
354540,SALTO GRANDE,Cap 08,3.0
354540,SALTO GRANDE,Cap 09,59.0
354540,SALTO GRANDE,Cap 10,186.0
354540,SALTO GRANDE,Cap 11,62.0
354540,SALTO GRANDE,Cap 12,22.0
354540,SALTO GRANDE,Cap 13,14.0
354540,SALTO GRANDE,Cap 14,75.0
354540,SALTO GRANDE,Cap 15,40.0
354540,SALTO GRANDE,Cap 16,1.0
354540,SALTO GRANDE,Cap 18,55.0
354540,SALTO GRANDE,Cap 19,82.0
354540,SALTO GRANDE,Cap 21,18.0
354560,SANTA ADELIA,Cap 01,28.0
354560,SANTA ADELIA,Cap 02,107.0
354560,SANTA ADELIA,Cap 03,8.0
354560,SANTA ADELIA,Cap 04,7.0
354560,SANTA ADELIA,Cap 05,13.0
354560,SANTA ADELIA,Cap 06,25.0
354560,SANTA ADELIA,Cap 09,294.0
354560,SANTA ADELIA,Cap 10,169.0
354560,SANTA ADELIA,Cap 11,238.0
354560,SANTA ADELIA,Cap 12,19.0
354560,SANTA ADELIA,Cap 13,34.0
354560,SANTA ADELIA,Cap 14,142.0
354560,SANTA ADELIA,Cap 16,9.0
354560,SANTA ADELIA,Cap 17,1.0
354560,SANTA ADELIA,Cap 18,2.0
354580,SANTA BARBARA D'OESTE,Cap 01,195.0
354580,SANTA BARBARA D'OESTE,Cap 02,805.0
354580,SANTA BARBARA D'OESTE,Cap 03,141.0
354580,SANTA BARBARA D'OESTE,Cap 04,54.0
354580,SANTA BARBARA D'OESTE,Cap 06,315.0
354580,SANTA BARBARA D'OESTE,Cap 07,689.0
354580,SANTA BARBARA D'OESTE,Cap 08,7.0
354580,SANTA BARBARA D'OESTE,Cap 09,477.0
354580,SANTA BARBARA D'OESTE,Cap 10,1194.0
354580,SANTA BARBARA D'OESTE,Cap 11,1226.0
354580,SANTA BARBARA D'OESTE,Cap 12,165.0
354580,SANTA BARBARA D'OESTE,Cap 13,214.0
354580,SANTA BARBARA D'OESTE,Cap 14,624.0
354580,SANTA BARBARA D'OESTE,Cap 15,1223.0
354580,SANTA BARBARA D'OESTE,Cap 16,108.0
354580,SANTA BARBARA D'OESTE,Cap 17,20.0
354580,SANTA BARBARA D'OESTE,Cap 18,154.0
354580,SANTA BARBARA D'OESTE,Cap 19,518.0
354580,SANTA BARBARA D'OESTE,Cap 21,904.0
354630,SANTA CRUZ DAS PALMEIRAS,Cap 01,47.0
354630,SANTA CRUZ DAS PALMEIRAS,Cap 02,14.0
354630,SANTA CRUZ DAS PALMEIRAS,Cap 03,44.0
354630,SANTA CRUZ DAS PALMEIRAS,Cap 04,43.0
354630,SANTA CRUZ DAS PALMEIRAS,Cap 05,1.0
354630,SANTA CRUZ DAS PALMEIRAS,Cap 06,13.0
354630,SANTA CRUZ DAS PALMEIRAS,Cap 09,84.0
354630,SANTA CRUZ DAS PALMEIRAS,Cap 10,274.0
354630,SANTA CRUZ DAS PALMEIRAS,Cap 11,177.0
354630,SANTA CRUZ DAS PALMEIRAS,Cap 12,14.0
354630,SANTA CRUZ DAS PALMEIRAS,Cap 13,20.0
354630,SANTA CRUZ DAS PALMEIRAS,Cap 14,98.0
354630,SANTA CRUZ DAS PALMEIRAS,Cap 15,192.0
354630,SANTA CRUZ DAS PALMEIRAS,Cap 16,11.0
354630,SANTA CRUZ DAS PALMEIRAS,Cap 17,3.0
354630,SANTA CRUZ DAS PALMEIRAS,Cap 18,34.0
354630,SANTA CRUZ DAS PALMEIRAS,Cap 19,159.0
354630,SANTA CRUZ DAS PALMEIRAS,Cap 21,11.0
354640,SANTA CRUZ DO RIO PARDO,Cap 01,215.0
354640,SANTA CRUZ DO RIO PARDO,Cap 02,124.0
354640,SANTA CRUZ DO RIO PARDO,Cap 03,55.0
354640,SANTA CRUZ DO RIO PARDO,Cap 04,63.0
354640,SANTA CRUZ DO RIO PARDO,Cap 05,4.0
354640,SANTA CRUZ DO RIO PARDO,Cap 06,117.0
354640,SANTA CRUZ DO RIO PARDO,Cap 08,10.0
354640,SANTA CRUZ DO RIO PARDO,Cap 09,407.0
354640,SANTA CRUZ DO RIO PARDO,Cap 10,511.0
354640,SANTA CRUZ DO RIO PARDO,Cap 11,461.0
354640,SANTA CRUZ DO RIO PARDO,Cap 12,74.0
354640,SANTA CRUZ DO RIO PARDO,Cap 13,155.0
354640,SANTA CRUZ DO RIO PARDO,Cap 14,412.0
354640,SANTA CRUZ DO RIO PARDO,Cap 15,679.0
354640,SANTA CRUZ DO RIO PARDO,Cap 16,192.0
354640,SANTA CRUZ DO RIO PARDO,Cap 17,13.0
354640,SANTA CRUZ DO RIO PARDO,Cap 18,62.0
354640,SANTA CRUZ DO RIO PARDO,Cap 19,437.0
354640,SANTA CRUZ DO RIO PARDO,Cap 21,156.0
354660,SANTA FE DO SUL,Cap 01,104.0
354660,SANTA FE DO SUL,Cap 02,46.0
354660,SANTA FE DO SUL,Cap 03,84.0
354660,SANTA FE DO SUL,Cap 04,68.0
354660,SANTA FE DO SUL,Cap 05,18.0
354660,SANTA FE DO SUL,Cap 06,91.0
354660,SANTA FE DO SUL,Cap 07,1.0
354660,SANTA FE DO SUL,Cap 08,6.0
354660,SANTA FE DO SUL,Cap 09,450.0
354660,SANTA FE DO SUL,Cap 10,267.0
354660,SANTA FE DO SUL,Cap 11,786.0
354660,SANTA FE DO SUL,Cap 12,96.0
354660,SANTA FE DO SUL,Cap 13,52.0
354660,SANTA FE DO SUL,Cap 14,480.0
354660,SANTA FE DO SUL,Cap 15,528.0
354660,SANTA FE DO SUL,Cap 16,27.0
354660,SANTA FE DO SUL,Cap 17,3.0
354660,SANTA FE DO SUL,Cap 18,97.0
354660,SANTA FE DO SUL,Cap 19,293.0
354660,SANTA FE DO SUL,Cap 21,55.0
354680,SANTA ISABEL,Cap 01,68.0
354680,SANTA ISABEL,Cap 02,66.0
354680,SANTA ISABEL,Cap 03,39.0
354680,SANTA ISABEL,Cap 04,36.0
354680,SANTA ISABEL,Cap 06,39.0
354680,SANTA ISABEL,Cap 08,4.0
354680,SANTA ISABEL,Cap 09,151.0
354680,SANTA ISABEL,Cap 10,247.0
354680,SANTA ISABEL,Cap 11,329.0
354680,SANTA ISABEL,Cap 12,64.0
354680,SANTA ISABEL,Cap 13,3.0
354680,SANTA ISABEL,Cap 14,184.0
354680,SANTA ISABEL,Cap 15,463.0
354680,SANTA ISABEL,Cap 16,63.0
354680,SANTA ISABEL,Cap 18,11.0
354680,SANTA ISABEL,Cap 19,42.0
354680,SANTA ISABEL,Cap 21,250.0
354730,SANTANA DE PARNAIBA,Cap 01,152.0
354730,SANTANA DE PARNAIBA,Cap 02,72.0
354730,SANTANA DE PARNAIBA,Cap 03,57.0
354730,SANTANA DE PARNAIBA,Cap 04,83.0
354730,SANTANA DE PARNAIBA,Cap 05,32.0
354730,SANTANA DE PARNAIBA,Cap 06,107.0
354730,SANTANA DE PARNAIBA,Cap 07,8.0
354730,SANTANA DE PARNAIBA,Cap 08,10.0
354730,SANTANA DE PARNAIBA,Cap 09,444.0
354730,SANTANA DE PARNAIBA,Cap 10,758.0
354730,SANTANA DE PARNAIBA,Cap 11,252.0
354730,SANTANA DE PARNAIBA,Cap 12,141.0
354730,SANTANA DE PARNAIBA,Cap 13,71.0
354730,SANTANA DE PARNAIBA,Cap 14,321.0
354730,SANTANA DE PARNAIBA,Cap 15,975.0
354730,SANTANA DE PARNAIBA,Cap 16,71.0
354730,SANTANA DE PARNAIBA,Cap 17,3.0
354730,SANTANA DE PARNAIBA,Cap 18,168.0
354730,SANTANA DE PARNAIBA,Cap 19,254.0
354730,SANTANA DE PARNAIBA,Cap 21,2.0
354750,SANTA RITA DO PASSA QUATRO,Cap 01,25.0
354750,SANTA RITA DO PASSA QUATRO,Cap 02,84.0
354750,SANTA RITA DO PASSA QUATRO,Cap 03,19.0
354750,SANTA RITA DO PASSA QUATRO,Cap 04,14.0
354750,SANTA RITA DO PASSA QUATRO,Cap 05,664.0
354750,SANTA RITA DO PASSA QUATRO,Cap 06,45.0
354750,SANTA RITA DO PASSA QUATRO,Cap 07,3.0
354750,SANTA RITA DO PASSA QUATRO,Cap 09,76.0
354750,SANTA RITA DO PASSA QUATRO,Cap 10,167.0
354750,SANTA RITA DO PASSA QUATRO,Cap 11,106.0
354750,SANTA RITA DO PASSA QUATRO,Cap 12,26.0
354750,SANTA RITA DO PASSA QUATRO,Cap 13,34.0
354750,SANTA RITA DO PASSA QUATRO,Cap 14,160.0
354750,SANTA RITA DO PASSA QUATRO,Cap 15,118.0
354750,SANTA RITA DO PASSA QUATRO,Cap 16,4.0
354750,SANTA RITA DO PASSA QUATRO,Cap 18,25.0
354750,SANTA RITA DO PASSA QUATRO,Cap 19,142.0
354750,SANTA RITA DO PASSA QUATRO,Cap 21,15.0
354760,SANTA ROSA DE VITERBO,Cap 01,43.0
354760,SANTA ROSA DE VITERBO,Cap 02,7.0
354760,SANTA ROSA DE VITERBO,Cap 03,14.0
354760,SANTA ROSA DE VITERBO,Cap 04,41.0
354760,SANTA ROSA DE VITERBO,Cap 05,97.0
354760,SANTA ROSA DE VITERBO,Cap 06,21.0
354760,SANTA ROSA DE VITERBO,Cap 07,4.0
354760,SANTA ROSA DE VITERBO,Cap 08,5.0
354760,SANTA ROSA DE VITERBO,Cap 09,78.0
354760,SANTA ROSA DE VITERBO,Cap 10,251.0
354760,SANTA ROSA DE VITERBO,Cap 11,121.0
354760,SANTA ROSA DE VITERBO,Cap 12,28.0
354760,SANTA ROSA DE VITERBO,Cap 13,23.0
354760,SANTA ROSA DE VITERBO,Cap 14,192.0
354760,SANTA ROSA DE VITERBO,Cap 15,18.0
354760,SANTA ROSA DE VITERBO,Cap 16,1.0
354760,SANTA ROSA DE VITERBO,Cap 18,32.0
354760,SANTA ROSA DE VITERBO,Cap 19,137.0
354760,SANTA ROSA DE VITERBO,Cap 21,1.0
354770,SANTO ANASTACIO,Cap 01,137.0
354770,SANTO ANASTACIO,Cap 02,42.0
354770,SANTO ANASTACIO,Cap 03,19.0
354770,SANTO ANASTACIO,Cap 04,73.0
354770,SANTO ANASTACIO,Cap 05,116.0
354770,SANTO ANASTACIO,Cap 06,45.0
354770,SANTO ANASTACIO,Cap 07,2.0
354770,SANTO ANASTACIO,Cap 08,23.0
354770,SANTO ANASTACIO,Cap 09,298.0
354770,SANTO ANASTACIO,Cap 10,304.0
354770,SANTO ANASTACIO,Cap 11,223.0
354770,SANTO ANASTACIO,Cap 12,67.0
354770,SANTO ANASTACIO,Cap 13,92.0
354770,SANTO ANASTACIO,Cap 14,359.0
354770,SANTO ANASTACIO,Cap 15,38.0
354770,SANTO ANASTACIO,Cap 18,46.0
354770,SANTO ANASTACIO,Cap 19,254.0
354770,SANTO ANASTACIO,Cap 21,1.0
354780,SANTO ANDRE,Cap 01,1541.0
354780,SANTO ANDRE,Cap 02,4731.0
354780,SANTO ANDRE,Cap 03,441.0
354780,SANTO ANDRE,Cap 04,880.0
354780,SANTO ANDRE,Cap 05,870.0
354780,SANTO ANDRE,Cap 06,782.0
354780,SANTO ANDRE,Cap 07,1924.0
354780,SANTO ANDRE,Cap 08,142.0
354780,SANTO ANDRE,Cap 09,5170.0
354780,SANTO ANDRE,Cap 10,3190.0
354780,SANTO ANDRE,Cap 11,5151.0
354780,SANTO ANDRE,Cap 12,1219.0
354780,SANTO ANDRE,Cap 13,1167.0
354780,SANTO ANDRE,Cap 14,3357.0
354780,SANTO ANDRE,Cap 15,4148.0
354780,SANTO ANDRE,Cap 16,572.0
354780,SANTO ANDRE,Cap 17,280.0
354780,SANTO ANDRE,Cap 18,1146.0
354780,SANTO ANDRE,Cap 19,5700.0
354780,SANTO ANDRE,Cap 21,1268.0
354790,SANTO ANTONIO DA ALEGRIA,Cap 01,4.0
354790,SANTO ANTONIO DA ALEGRIA,Cap 02,2.0
354790,SANTO ANTONIO DA ALEGRIA,Cap 03,1.0
354790,SANTO ANTONIO DA ALEGRIA,Cap 04,6.0
354790,SANTO ANTONIO DA ALEGRIA,Cap 05,14.0
354790,SANTO ANTONIO DA ALEGRIA,Cap 09,22.0
354790,SANTO ANTONIO DA ALEGRIA,Cap 10,67.0
354790,SANTO ANTONIO DA ALEGRIA,Cap 11,8.0
354790,SANTO ANTONIO DA ALEGRIA,Cap 12,4.0
354790,SANTO ANTONIO DA ALEGRIA,Cap 13,2.0
354790,SANTO ANTONIO DA ALEGRIA,Cap 14,17.0
354790,SANTO ANTONIO DA ALEGRIA,Cap 18,6.0
354790,SANTO ANTONIO DA ALEGRIA,Cap 19,8.0
354850,SANTOS,Cap 01,1292.0
354850,SANTOS,Cap 02,5029.0
354850,SANTOS,Cap 03,281.0
354850,SANTOS,Cap 04,862.0
354850,SANTOS,Cap 05,541.0
354850,SANTOS,Cap 06,430.0
354850,SANTOS,Cap 07,228.0
354850,SANTOS,Cap 08,46.0
354850,SANTOS,Cap 09,2990.0
354850,SANTOS,Cap 10,2094.0
354850,SANTOS,Cap 11,4881.0
354850,SANTOS,Cap 12,621.0
354850,SANTOS,Cap 13,578.0
354850,SANTOS,Cap 14,2965.0
354850,SANTOS,Cap 15,5649.0
354850,SANTOS,Cap 16,1244.0
354850,SANTOS,Cap 17,295.0
354850,SANTOS,Cap 18,379.0
354850,SANTOS,Cap 19,3060.0
354850,SANTOS,Cap 21,625.0
354860,SAO BENTO DO SAPUCAI,Cap 01,43.0
354860,SAO BENTO DO SAPUCAI,Cap 02,7.0
354860,SAO BENTO DO SAPUCAI,Cap 03,23.0
354860,SAO BENTO DO SAPUCAI,Cap 04,42.0
354860,SAO BENTO DO SAPUCAI,Cap 06,8.0
354860,SAO BENTO DO SAPUCAI,Cap 08,1.0
354860,SAO BENTO DO SAPUCAI,Cap 09,70.0
354860,SAO BENTO DO SAPUCAI,Cap 10,115.0
354860,SAO BENTO DO SAPUCAI,Cap 11,44.0
354860,SAO BENTO DO SAPUCAI,Cap 12,6.0
354860,SAO BENTO DO SAPUCAI,Cap 13,3.0
354860,SAO BENTO DO SAPUCAI,Cap 14,42.0
354860,SAO BENTO DO SAPUCAI,Cap 15,8.0
354860,SAO BENTO DO SAPUCAI,Cap 16,4.0
354860,SAO BENTO DO SAPUCAI,Cap 18,2.0
354860,SAO BENTO DO SAPUCAI,Cap 19,76.0
354870,SAO BERNARDO DO CAMPO,Cap 01,2369.0
354870,SAO BERNARDO DO CAMPO,Cap 02,3043.0
354870,SAO BERNARDO DO CAMPO,Cap 03,214.0
354870,SAO BERNARDO DO CAMPO,Cap 04,887.0
354870,SAO BERNARDO DO CAMPO,Cap 05,1161.0
354870,SAO BERNARDO DO CAMPO,Cap 06,814.0
354870,SAO BERNARDO DO CAMPO,Cap 07,129.0
354870,SAO BERNARDO DO CAMPO,Cap 08,61.0
354870,SAO BERNARDO DO CAMPO,Cap 09,4825.0
354870,SAO BERNARDO DO CAMPO,Cap 10,2843.0
354870,SAO BERNARDO DO CAMPO,Cap 11,5027.0
354870,SAO BERNARDO DO CAMPO,Cap 12,971.0
354870,SAO BERNARDO DO CAMPO,Cap 13,823.0
354870,SAO BERNARDO DO CAMPO,Cap 14,3376.0
354870,SAO BERNARDO DO CAMPO,Cap 15,5447.0
354870,SAO BERNARDO DO CAMPO,Cap 16,801.0
354870,SAO BERNARDO DO CAMPO,Cap 17,276.0
354870,SAO BERNARDO DO CAMPO,Cap 18,1075.0
354870,SAO BERNARDO DO CAMPO,Cap 19,5240.0
354870,SAO BERNARDO DO CAMPO,Cap 21,1780.0
354880,SAO CAETANO DO SUL,Cap 01,734.0
354880,SAO CAETANO DO SUL,Cap 02,815.0
354880,SAO CAETANO DO SUL,Cap 03,244.0
354880,SAO CAETANO DO SUL,Cap 04,422.0
354880,SAO CAETANO DO SUL,Cap 05,295.0
354880,SAO CAETANO DO SUL,Cap 06,292.0
354880,SAO CAETANO DO SUL,Cap 07,74.0
354880,SAO CAETANO DO SUL,Cap 08,41.0
354880,SAO CAETANO DO SUL,Cap 09,1812.0
354880,SAO CAETANO DO SUL,Cap 10,1672.0
354880,SAO CAETANO DO SUL,Cap 11,2380.0
354880,SAO CAETANO DO SUL,Cap 12,193.0
354880,SAO CAETANO DO SUL,Cap 13,160.0
354880,SAO CAETANO DO SUL,Cap 14,1668.0
354880,SAO CAETANO DO SUL,Cap 15,753.0
354880,SAO CAETANO DO SUL,Cap 16,132.0
354880,SAO CAETANO DO SUL,Cap 17,43.0
354880,SAO CAETANO DO SUL,Cap 18,403.0
354880,SAO CAETANO DO SUL,Cap 19,1120.0
354880,SAO CAETANO DO SUL,Cap 21,554.0
354890,SAO CARLOS,Cap 01,1211.0
354890,SAO CARLOS,Cap 02,2224.0
354890,SAO CARLOS,Cap 03,152.0
354890,SAO CARLOS,Cap 04,336.0
354890,SAO CARLOS,Cap 05,238.0
354890,SAO CARLOS,Cap 06,586.0
354890,SAO CARLOS,Cap 07,27.0
354890,SAO CARLOS,Cap 08,54.0
354890,SAO CARLOS,Cap 09,3151.0
354890,SAO CARLOS,Cap 10,2041.0
354890,SAO CARLOS,Cap 11,2303.0
354890,SAO CARLOS,Cap 12,356.0
354890,SAO CARLOS,Cap 13,529.0
354890,SAO CARLOS,Cap 14,1919.0
354890,SAO CARLOS,Cap 15,2141.0
354890,SAO CARLOS,Cap 16,273.0
354890,SAO CARLOS,Cap 17,147.0
354890,SAO CARLOS,Cap 18,841.0
354890,SAO CARLOS,Cap 19,2470.0
354890,SAO CARLOS,Cap 21,629.0
354910,SAO JOAO DA BOA VISTA,Cap 01,247.0
354910,SAO JOAO DA BOA VISTA,Cap 02,847.0
354910,SAO JOAO DA BOA VISTA,Cap 03,33.0
354910,SAO JOAO DA BOA VISTA,Cap 04,111.0
354910,SAO JOAO DA BOA VISTA,Cap 05,7.0
354910,SAO JOAO DA BOA VISTA,Cap 06,64.0
354910,SAO JOAO DA BOA VISTA,Cap 08,3.0
354910,SAO JOAO DA BOA VISTA,Cap 09,866.0
354910,SAO JOAO DA BOA VISTA,Cap 10,504.0
354910,SAO JOAO DA BOA VISTA,Cap 11,717.0
354910,SAO JOAO DA BOA VISTA,Cap 12,92.0
354910,SAO JOAO DA BOA VISTA,Cap 13,295.0
354910,SAO JOAO DA BOA VISTA,Cap 14,615.0
354910,SAO JOAO DA BOA VISTA,Cap 15,996.0
354910,SAO JOAO DA BOA VISTA,Cap 16,30.0
354910,SAO JOAO DA BOA VISTA,Cap 18,392.0
354910,SAO JOAO DA BOA VISTA,Cap 19,854.0
354910,SAO JOAO DA BOA VISTA,Cap 21,136.0
354940,SAO JOAQUIM DA BARRA,Cap 01,186.0
354940,SAO JOAQUIM DA BARRA,Cap 02,123.0
354940,SAO JOAQUIM DA BARRA,Cap 03,62.0
354940,SAO JOAQUIM DA BARRA,Cap 04,130.0
354940,SAO JOAQUIM DA BARRA,Cap 05,2.0
354940,SAO JOAQUIM DA BARRA,Cap 06,215.0
354940,SAO JOAQUIM DA BARRA,Cap 07,1.0
354940,SAO JOAQUIM DA BARRA,Cap 08,4.0
354940,SAO JOAQUIM DA BARRA,Cap 09,580.0
354940,SAO JOAQUIM DA BARRA,Cap 10,391.0
354940,SAO JOAQUIM DA BARRA,Cap 11,443.0
354940,SAO JOAQUIM DA BARRA,Cap 12,45.0
354940,SAO JOAQUIM DA BARRA,Cap 13,112.0
354940,SAO JOAQUIM DA BARRA,Cap 14,711.0
354940,SAO JOAQUIM DA BARRA,Cap 15,451.0
354940,SAO JOAQUIM DA BARRA,Cap 16,21.0
354940,SAO JOAQUIM DA BARRA,Cap 17,4.0
354940,SAO JOAQUIM DA BARRA,Cap 18,113.0
354940,SAO JOAQUIM DA BARRA,Cap 19,360.0
354940,SAO JOAQUIM DA BARRA,Cap 21,68.0
354970,SAO JOSE DO RIO PARDO,Cap 01,98.0
354970,SAO JOSE DO RIO PARDO,Cap 02,144.0
354970,SAO JOSE DO RIO PARDO,Cap 03,65.0
354970,SAO JOSE DO RIO PARDO,Cap 04,89.0
354970,SAO JOSE DO RIO PARDO,Cap 05,5.0
354970,SAO JOSE DO RIO PARDO,Cap 06,87.0
354970,SAO JOSE DO RIO PARDO,Cap 09,572.0
354970,SAO JOSE DO RIO PARDO,Cap 10,516.0
354970,SAO JOSE DO RIO PARDO,Cap 11,709.0
354970,SAO JOSE DO RIO PARDO,Cap 12,37.0
354970,SAO JOSE DO RIO PARDO,Cap 13,226.0
354970,SAO JOSE DO RIO PARDO,Cap 14,299.0
354970,SAO JOSE DO RIO PARDO,Cap 15,722.0
354970,SAO JOSE DO RIO PARDO,Cap 16,20.0
354970,SAO JOSE DO RIO PARDO,Cap 17,2.0
354970,SAO JOSE DO RIO PARDO,Cap 18,88.0
354970,SAO JOSE DO RIO PARDO,Cap 19,578.0
354970,SAO JOSE DO RIO PARDO,Cap 21,77.0
354980,SAO JOSE DO RIO PRETO,Cap 01,5490.0
354980,SAO JOSE DO RIO PRETO,Cap 02,10795.0
354980,SAO JOSE DO RIO PRETO,Cap 03,539.0
354980,SAO JOSE DO RIO PRETO,Cap 04,1997.0
354980,SAO JOSE DO RIO PRETO,Cap 05,1191.0
354980,SAO JOSE DO RIO PRETO,Cap 06,2309.0
354980,SAO JOSE DO RIO PRETO,Cap 07,2394.0
354980,SAO JOSE DO RIO PRETO,Cap 08,377.0
354980,SAO JOSE DO RIO PRETO,Cap 09,11548.0
354980,SAO JOSE DO RIO PRETO,Cap 10,8026.0
354980,SAO JOSE DO RIO PRETO,Cap 11,11411.0
354980,SAO JOSE DO RIO PRETO,Cap 12,2040.0
354980,SAO JOSE DO RIO PRETO,Cap 13,2298.0
354980,SAO JOSE DO RIO PRETO,Cap 14,10507.0
354980,SAO JOSE DO RIO PRETO,Cap 15,7908.0
354980,SAO JOSE DO RIO PRETO,Cap 16,1421.0
354980,SAO JOSE DO RIO PRETO,Cap 17,1482.0
354980,SAO JOSE DO RIO PRETO,Cap 18,917.0
354980,SAO JOSE DO RIO PRETO,Cap 19,10184.0
354980,SAO JOSE DO RIO PRETO,Cap 21,3134.0
354990,SAO JOSE DOS CAMPOS,Cap 01,2222.0
354990,SAO JOSE DOS CAMPOS,Cap 02,7732.0
354990,SAO JOSE DOS CAMPOS,Cap 03,509.0
354990,SAO JOSE DOS CAMPOS,Cap 04,1688.0
354990,SAO JOSE DOS CAMPOS,Cap 05,1057.0
354990,SAO JOSE DOS CAMPOS,Cap 06,1414.0
354990,SAO JOSE DOS CAMPOS,Cap 07,813.0
354990,SAO JOSE DOS CAMPOS,Cap 08,107.0
354990,SAO JOSE DOS CAMPOS,Cap 09,9157.0
354990,SAO JOSE DOS CAMPOS,Cap 10,4281.0
354990,SAO JOSE DOS CAMPOS,Cap 11,8165.0
354990,SAO JOSE DOS CAMPOS,Cap 12,978.0
354990,SAO JOSE DOS CAMPOS,Cap 13,1649.0
354990,SAO JOSE DOS CAMPOS,Cap 14,4461.0
354990,SAO JOSE DOS CAMPOS,Cap 15,6403.0
354990,SAO JOSE DOS CAMPOS,Cap 16,805.0
354990,SAO JOSE DOS CAMPOS,Cap 17,372.0
354990,SAO JOSE DOS CAMPOS,Cap 18,1131.0
354990,SAO JOSE DOS CAMPOS,Cap 19,5894.0
354990,SAO JOSE DOS CAMPOS,Cap 21,956.0
355000,SAO LUIS DO PARAITINGA,Cap 01,16.0
355000,SAO LUIS DO PARAITINGA,Cap 02,1.0
355000,SAO LUIS DO PARAITINGA,Cap 04,14.0
355000,SAO LUIS DO PARAITINGA,Cap 05,3.0
355000,SAO LUIS DO PARAITINGA,Cap 06,2.0
355000,SAO LUIS DO PARAITINGA,Cap 09,22.0
355000,SAO LUIS DO PARAITINGA,Cap 10,40.0
355000,SAO LUIS DO PARAITINGA,Cap 11,3.0
355000,SAO LUIS DO PARAITINGA,Cap 12,5.0
355000,SAO LUIS DO PARAITINGA,Cap 13,1.0
355000,SAO LUIS DO PARAITINGA,Cap 14,29.0
355000,SAO LUIS DO PARAITINGA,Cap 18,1.0
355000,SAO LUIS DO PARAITINGA,Cap 19,2.0
355000,SAO LUIS DO PARAITINGA,Cap 21,1.0
355010,SAO MANUEL,Cap 01,145.0
355010,SAO MANUEL,Cap 02,28.0
355010,SAO MANUEL,Cap 03,18.0
355010,SAO MANUEL,Cap 04,86.0
355010,SAO MANUEL,Cap 05,178.0
355010,SAO MANUEL,Cap 06,52.0
355010,SAO MANUEL,Cap 07,2.0
355010,SAO MANUEL,Cap 08,2.0
355010,SAO MANUEL,Cap 09,252.0
355010,SAO MANUEL,Cap 10,303.0
355010,SAO MANUEL,Cap 11,196.0
355010,SAO MANUEL,Cap 12,19.0
355010,SAO MANUEL,Cap 13,10.0
355010,SAO MANUEL,Cap 14,145.0
355010,SAO MANUEL,Cap 15,7.0
355010,SAO MANUEL,Cap 16,1.0
355010,SAO MANUEL,Cap 18,152.0
355010,SAO MANUEL,Cap 19,48.0
355010,SAO MANUEL,Cap 21,1.0
355020,SAO MIGUEL ARCANJO,Cap 01,36.0
355020,SAO MIGUEL ARCANJO,Cap 02,97.0
355020,SAO MIGUEL ARCANJO,Cap 03,12.0
355020,SAO MIGUEL ARCANJO,Cap 04,46.0
355020,SAO MIGUEL ARCANJO,Cap 05,70.0
355020,SAO MIGUEL ARCANJO,Cap 06,13.0
355020,SAO MIGUEL ARCANJO,Cap 07,1.0
355020,SAO MIGUEL ARCANJO,Cap 08,2.0
355020,SAO MIGUEL ARCANJO,Cap 09,202.0
355020,SAO MIGUEL ARCANJO,Cap 10,176.0
355020,SAO MIGUEL ARCANJO,Cap 11,377.0
355020,SAO MIGUEL ARCANJO,Cap 12,57.0
355020,SAO MIGUEL ARCANJO,Cap 13,15.0
355020,SAO MIGUEL ARCANJO,Cap 14,112.0
355020,SAO MIGUEL ARCANJO,Cap 17,1.0
355020,SAO MIGUEL ARCANJO,Cap 18,20.0
355020,SAO MIGUEL ARCANJO,Cap 19,65.0
355020,SAO MIGUEL ARCANJO,Cap 21,78.0
355030,SAO PAULO,Cap 01,36134.0
355030,SAO PAULO,Cap 02,78055.0
355030,SAO PAULO,Cap 03,9573.0
355030,SAO PAULO,Cap 04,11111.0
355030,SAO PAULO,Cap 05,17335.0
355030,SAO PAULO,Cap 06,21011.0
355030,SAO PAULO,Cap 07,23534.0
355030,SAO PAULO,Cap 08,1890.0
355030,SAO PAULO,Cap 09,84028.0
355030,SAO PAULO,Cap 10,61414.0
355030,SAO PAULO,Cap 11,76655.0
355030,SAO PAULO,Cap 12,17039.0
355030,SAO PAULO,Cap 13,16539.0
355030,SAO PAULO,Cap 14,64631.0
355030,SAO PAULO,Cap 15,91206.0
355030,SAO PAULO,Cap 16,16896.0
355030,SAO PAULO,Cap 17,9978.0
355030,SAO PAULO,Cap 18,14359.0
355030,SAO PAULO,Cap 19,73806.0
355030,SAO PAULO,Cap 21,26257.0
355040,SAO PEDRO,Cap 01,40.0
355040,SAO PEDRO,Cap 02,360.0
355040,SAO PEDRO,Cap 03,12.0
355040,SAO PEDRO,Cap 04,32.0
355040,SAO PEDRO,Cap 05,28.0
355040,SAO PEDRO,Cap 06,58.0
355040,SAO PEDRO,Cap 07,182.0
355040,SAO PEDRO,Cap 08,3.0
355040,SAO PEDRO,Cap 09,436.0
355040,SAO PEDRO,Cap 10,589.0
355040,SAO PEDRO,Cap 11,497.0
355040,SAO PEDRO,Cap 12,46.0
355040,SAO PEDRO,Cap 13,149.0
355040,SAO PEDRO,Cap 14,824.0
355040,SAO PEDRO,Cap 15,413.0
355040,SAO PEDRO,Cap 16,1.0
355040,SAO PEDRO,Cap 17,12.0
355040,SAO PEDRO,Cap 18,174.0
355040,SAO PEDRO,Cap 19,215.0
355040,SAO PEDRO,Cap 21,379.0
355060,SAO ROQUE,Cap 01,195.0
355060,SAO ROQUE,Cap 02,86.0
355060,SAO ROQUE,Cap 03,52.0
355060,SAO ROQUE,Cap 04,144.0
355060,SAO ROQUE,Cap 05,64.0
355060,SAO ROQUE,Cap 06,49.0
355060,SAO ROQUE,Cap 07,1.0
355060,SAO ROQUE,Cap 08,7.0
355060,SAO ROQUE,Cap 09,356.0
355060,SAO ROQUE,Cap 10,513.0
355060,SAO ROQUE,Cap 11,877.0
355060,SAO ROQUE,Cap 12,143.0
355060,SAO ROQUE,Cap 13,43.0
355060,SAO ROQUE,Cap 14,431.0
355060,SAO ROQUE,Cap 15,1368.0
355060,SAO ROQUE,Cap 16,182.0
355060,SAO ROQUE,Cap 18,80.0
355060,SAO ROQUE,Cap 19,338.0
355060,SAO ROQUE,Cap 21,359.0
355070,SAO SEBASTIAO,Cap 01,631.0
355070,SAO SEBASTIAO,Cap 02,253.0
355070,SAO SEBASTIAO,Cap 03,71.0
355070,SAO SEBASTIAO,Cap 04,129.0
355070,SAO SEBASTIAO,Cap 05,45.0
355070,SAO SEBASTIAO,Cap 06,112.0
355070,SAO SEBASTIAO,Cap 07,27.0
355070,SAO SEBASTIAO,Cap 08,22.0
355070,SAO SEBASTIAO,Cap 09,562.0
355070,SAO SEBASTIAO,Cap 10,694.0
355070,SAO SEBASTIAO,Cap 11,641.0
355070,SAO SEBASTIAO,Cap 12,129.0
355070,SAO SEBASTIAO,Cap 13,77.0
355070,SAO SEBASTIAO,Cap 14,624.0
355070,SAO SEBASTIAO,Cap 15,1284.0
355070,SAO SEBASTIAO,Cap 16,113.0
355070,SAO SEBASTIAO,Cap 17,8.0
355070,SAO SEBASTIAO,Cap 18,191.0
355070,SAO SEBASTIAO,Cap 19,524.0
355070,SAO SEBASTIAO,Cap 21,242.0
355080,SAO SEBASTIAO DA GRAMA,Cap 01,17.0
355080,SAO SEBASTIAO DA GRAMA,Cap 02,42.0
355080,SAO SEBASTIAO DA GRAMA,Cap 03,16.0
355080,SAO SEBASTIAO DA GRAMA,Cap 04,6.0
355080,SAO SEBASTIAO DA GRAMA,Cap 05,16.0
355080,SAO SEBASTIAO DA GRAMA,Cap 06,7.0
355080,SAO SEBASTIAO DA GRAMA,Cap 08,1.0
355080,SAO SEBASTIAO DA GRAMA,Cap 09,71.0
355080,SAO SEBASTIAO DA GRAMA,Cap 10,103.0
355080,SAO SEBASTIAO DA GRAMA,Cap 11,81.0
355080,SAO SEBASTIAO DA GRAMA,Cap 12,58.0
355080,SAO SEBASTIAO DA GRAMA,Cap 13,3.0
355080,SAO SEBASTIAO DA GRAMA,Cap 14,77.0
355080,SAO SEBASTIAO DA GRAMA,Cap 15,1.0
355080,SAO SEBASTIAO DA GRAMA,Cap 16,1.0
355080,SAO SEBASTIAO DA GRAMA,Cap 18,13.0
355080,SAO SEBASTIAO DA GRAMA,Cap 19,60.0
355080,SAO SEBASTIAO DA GRAMA,Cap 21,6.0
355090,SAO SIMAO,Cap 01,54.0
355090,SAO SIMAO,Cap 03,6.0
355090,SAO SIMAO,Cap 04,63.0
355090,SAO SIMAO,Cap 05,6.0
355090,SAO SIMAO,Cap 06,2.0
355090,SAO SIMAO,Cap 09,32.0
355090,SAO SIMAO,Cap 10,56.0
355090,SAO SIMAO,Cap 11,35.0
355090,SAO SIMAO,Cap 13,27.0
355090,SAO SIMAO,Cap 14,24.0
355090,SAO SIMAO,Cap 15,1.0
355090,SAO SIMAO,Cap 19,4.0
355100,SAO VICENTE,Cap 01,753.0
355100,SAO VICENTE,Cap 02,69.0
355100,SAO VICENTE,Cap 03,90.0
355100,SAO VICENTE,Cap 04,206.0
355100,SAO VICENTE,Cap 05,227.0
355100,SAO VICENTE,Cap 06,66.0
355100,SAO VICENTE,Cap 07,832.0
355100,SAO VICENTE,Cap 08,2.0
355100,SAO VICENTE,Cap 09,1080.0
355100,SAO VICENTE,Cap 10,322.0
355100,SAO VICENTE,Cap 11,805.0
355100,SAO VICENTE,Cap 12,177.0
355100,SAO VICENTE,Cap 13,51.0
355100,SAO VICENTE,Cap 14,606.0
355100,SAO VICENTE,Cap 15,2320.0
355100,SAO VICENTE,Cap 16,445.0
355100,SAO VICENTE,Cap 17,45.0
355100,SAO VICENTE,Cap 18,112.0
355100,SAO VICENTE,Cap 19,1095.0
355100,SAO VICENTE,Cap 21,265.0
355150,SERRANA,Cap 01,196.0
355150,SERRANA,Cap 02,198.0
355150,SERRANA,Cap 03,35.0
355150,SERRANA,Cap 04,136.0
355150,SERRANA,Cap 05,241.0
355150,SERRANA,Cap 06,118.0
355150,SERRANA,Cap 07,2.0
355150,SERRANA,Cap 09,558.0
355150,SERRANA,Cap 10,468.0
355150,SERRANA,Cap 11,905.0
355150,SERRANA,Cap 12,73.0
355150,SERRANA,Cap 13,115.0
355150,SERRANA,Cap 14,196.0
355150,SERRANA,Cap 15,23.0
355150,SERRANA,Cap 17,10.0
355150,SERRANA,Cap 18,19.0
355150,SERRANA,Cap 19,196.0
355150,SERRANA,Cap 21,4.0
355160,SERRA NEGRA,Cap 01,49.0
355160,SERRA NEGRA,Cap 02,143.0
355160,SERRA NEGRA,Cap 03,30.0
355160,SERRA NEGRA,Cap 04,42.0
355160,SERRA NEGRA,Cap 05,54.0
355160,SERRA NEGRA,Cap 06,66.0
355160,SERRA NEGRA,Cap 07,20.0
355160,SERRA NEGRA,Cap 08,2.0
355160,SERRA NEGRA,Cap 09,550.0
355160,SERRA NEGRA,Cap 10,208.0
355160,SERRA NEGRA,Cap 11,420.0
355160,SERRA NEGRA,Cap 12,25.0
355160,SERRA NEGRA,Cap 13,137.0
355160,SERRA NEGRA,Cap 14,325.0
355160,SERRA NEGRA,Cap 15,220.0
355160,SERRA NEGRA,Cap 16,17.0
355160,SERRA NEGRA,Cap 17,3.0
355160,SERRA NEGRA,Cap 18,77.0
355160,SERRA NEGRA,Cap 19,175.0
355160,SERRA NEGRA,Cap 21,72.0
355170,SERTAOZINHO,Cap 01,153.0
355170,SERTAOZINHO,Cap 02,147.0
355170,SERTAOZINHO,Cap 03,56.0
355170,SERTAOZINHO,Cap 04,133.0
355170,SERTAOZINHO,Cap 05,4.0
355170,SERTAOZINHO,Cap 06,127.0
355170,SERTAOZINHO,Cap 08,6.0
355170,SERTAOZINHO,Cap 09,634.0
355170,SERTAOZINHO,Cap 10,490.0
355170,SERTAOZINHO,Cap 11,851.0
355170,SERTAOZINHO,Cap 12,108.0
355170,SERTAOZINHO,Cap 13,435.0
355170,SERTAOZINHO,Cap 14,547.0
355170,SERTAOZINHO,Cap 15,987.0
355170,SERTAOZINHO,Cap 16,168.0
355170,SERTAOZINHO,Cap 17,34.0
355170,SERTAOZINHO,Cap 18,195.0
355170,SERTAOZINHO,Cap 19,1624.0
355170,SERTAOZINHO,Cap 21,212.0
355200,SILVEIRAS,Cap 02,1.0
355200,SILVEIRAS,Cap 05,6.0
355200,SILVEIRAS,Cap 10,11.0
355200,SILVEIRAS,Cap 12,1.0
355200,SILVEIRAS,Cap 14,6.0
355200,SILVEIRAS,Cap 18,1.0
355210,SOCORRO,Cap 01,101.0
355210,SOCORRO,Cap 02,748.0
355210,SOCORRO,Cap 03,46.0
355210,SOCORRO,Cap 04,51.0
355210,SOCORRO,Cap 05,21.0
355210,SOCORRO,Cap 06,40.0
355210,SOCORRO,Cap 07,130.0
355210,SOCORRO,Cap 08,6.0
355210,SOCORRO,Cap 09,454.0
355210,SOCORRO,Cap 10,342.0
355210,SOCORRO,Cap 11,419.0
355210,SOCORRO,Cap 12,71.0
355210,SOCORRO,Cap 13,48.0
355210,SOCORRO,Cap 14,294.0
355210,SOCORRO,Cap 15,253.0
355210,SOCORRO,Cap 16,34.0
355210,SOCORRO,Cap 17,2.0
355210,SOCORRO,Cap 18,132.0
355210,SOCORRO,Cap 19,294.0
355210,SOCORRO,Cap 21,111.0
355220,SOROCABA,Cap 01,1314.0
355220,SOROCABA,Cap 02,6134.0
355220,SOROCABA,Cap 03,680.0
355220,SOROCABA,Cap 04,865.0
355220,SOROCABA,Cap 05,647.0
355220,SOROCABA,Cap 06,927.0
355220,SOROCABA,Cap 07,1327.0
355220,SOROCABA,Cap 08,152.0
355220,SOROCABA,Cap 09,8727.0
355220,SOROCABA,Cap 10,5185.0
355220,SOROCABA,Cap 11,7955.0
355220,SOROCABA,Cap 12,1475.0
355220,SOROCABA,Cap 13,1239.0
355220,SOROCABA,Cap 14,6021.0
355220,SOROCABA,Cap 15,7807.0
355220,SOROCABA,Cap 16,1455.0
355220,SOROCABA,Cap 17,569.0
355220,SOROCABA,Cap 18,969.0
355220,SOROCABA,Cap 19,7840.0
355220,SOROCABA,Cap 21,969.0
355230,SUD MENNUCCI,Cap 01,12.0
355230,SUD MENNUCCI,Cap 02,2.0
355230,SUD MENNUCCI,Cap 03,11.0
355230,SUD MENNUCCI,Cap 04,12.0
355230,SUD MENNUCCI,Cap 06,1.0
355230,SUD MENNUCCI,Cap 09,4.0
355230,SUD MENNUCCI,Cap 10,56.0
355230,SUD MENNUCCI,Cap 11,10.0
355230,SUD MENNUCCI,Cap 12,4.0
355230,SUD MENNUCCI,Cap 13,2.0
355230,SUD MENNUCCI,Cap 14,42.0
355230,SUD MENNUCCI,Cap 15,34.0
355230,SUD MENNUCCI,Cap 18,2.0
355230,SUD MENNUCCI,Cap 19,1.0
355230,SUD MENNUCCI,Cap 21,1.0
355240,SUMARE,Cap 01,240.0
355240,SUMARE,Cap 02,538.0
355240,SUMARE,Cap 03,70.0
355240,SUMARE,Cap 04,145.0
355240,SUMARE,Cap 05,17.0
355240,SUMARE,Cap 06,292.0
355240,SUMARE,Cap 07,1.0
355240,SUMARE,Cap 08,14.0
355240,SUMARE,Cap 09,791.0
355240,SUMARE,Cap 10,965.0
355240,SUMARE,Cap 11,2404.0
355240,SUMARE,Cap 12,216.0
355240,SUMARE,Cap 13,279.0
355240,SUMARE,Cap 14,859.0
355240,SUMARE,Cap 15,2509.0
355240,SUMARE,Cap 16,548.0
355240,SUMARE,Cap 17,113.0
355240,SUMARE,Cap 18,196.0
355240,SUMARE,Cap 19,2077.0
355240,SUMARE,Cap 21,530.0
355250,SUZANO,Cap 01,352.0
355250,SUZANO,Cap 02,36.0
355250,SUZANO,Cap 03,28.0
355250,SUZANO,Cap 04,125.0
355250,SUZANO,Cap 05,6.0
355250,SUZANO,Cap 06,86.0
355250,SUZANO,Cap 08,2.0
355250,SUZANO,Cap 09,893.0
355250,SUZANO,Cap 10,1026.0
355250,SUZANO,Cap 11,916.0
355250,SUZANO,Cap 12,84.0
355250,SUZANO,Cap 13,289.0
355250,SUZANO,Cap 14,266.0
355250,SUZANO,Cap 15,2388.0
355250,SUZANO,Cap 16,335.0
355250,SUZANO,Cap 17,38.0
355250,SUZANO,Cap 18,52.0
355250,SUZANO,Cap 19,1179.0
355250,SUZANO,Cap 21,325.0
355260,TABAPUA,Cap 01,177.0
355260,TABAPUA,Cap 03,3.0
355260,TABAPUA,Cap 04,23.0
355260,TABAPUA,Cap 05,1.0
355260,TABAPUA,Cap 06,1.0
355260,TABAPUA,Cap 07,1.0
355260,TABAPUA,Cap 08,4.0
355260,TABAPUA,Cap 09,43.0
355260,TABAPUA,Cap 10,206.0
355260,TABAPUA,Cap 11,257.0
355260,TABAPUA,Cap 12,32.0
355260,TABAPUA,Cap 13,9.0
355260,TABAPUA,Cap 14,117.0
355260,TABAPUA,Cap 15,4.0
355260,TABAPUA,Cap 18,6.0
355260,TABAPUA,Cap 21,135.0
355270,TABATINGA,Cap 01,138.0
355270,TABATINGA,Cap 02,1.0
355270,TABATINGA,Cap 03,11.0
355270,TABATINGA,Cap 04,39.0
355270,TABATINGA,Cap 06,1.0
355270,TABATINGA,Cap 08,6.0
355270,TABATINGA,Cap 09,83.0
355270,TABATINGA,Cap 10,227.0
355270,TABATINGA,Cap 11,99.0
355270,TABATINGA,Cap 12,104.0
355270,TABATINGA,Cap 14,82.0
355270,TABATINGA,Cap 15,100.0
355270,TABATINGA,Cap 18,1.0
355270,TABATINGA,Cap 21,13.0
355280,TABOAO DA SERRA,Cap 01,598.0
355280,TABOAO DA SERRA,Cap 02,670.0
355280,TABOAO DA SERRA,Cap 03,80.0
355280,TABOAO DA SERRA,Cap 04,227.0
355280,TABOAO DA SERRA,Cap 05,490.0
355280,TABOAO DA SERRA,Cap 06,216.0
355280,TABOAO DA SERRA,Cap 07,39.0
355280,TABOAO DA SERRA,Cap 08,15.0
355280,TABOAO DA SERRA,Cap 09,3068.0
355280,TABOAO DA SERRA,Cap 10,2165.0
355280,TABOAO DA SERRA,Cap 11,3102.0
355280,TABOAO DA SERRA,Cap 12,442.0
355280,TABOAO DA SERRA,Cap 13,230.0
355280,TABOAO DA SERRA,Cap 14,1175.0
355280,TABOAO DA SERRA,Cap 15,3430.0
355280,TABOAO DA SERRA,Cap 16,573.0
355280,TABOAO DA SERRA,Cap 17,206.0
355280,TABOAO DA SERRA,Cap 18,405.0
355280,TABOAO DA SERRA,Cap 19,2973.0
355280,TABOAO DA SERRA,Cap 21,181.0
355300,TAGUAI,Cap 01,23.0
355300,TAGUAI,Cap 02,16.0
355300,TAGUAI,Cap 03,7.0
355300,TAGUAI,Cap 04,13.0
355300,TAGUAI,Cap 05,57.0
355300,TAGUAI,Cap 06,5.0
355300,TAGUAI,Cap 08,1.0
355300,TAGUAI,Cap 09,21.0
355300,TAGUAI,Cap 10,123.0
355300,TAGUAI,Cap 11,80.0
355300,TAGUAI,Cap 12,24.0
355300,TAGUAI,Cap 13,5.0
355300,TAGUAI,Cap 14,79.0
355300,TAGUAI,Cap 15,165.0
355300,TAGUAI,Cap 16,15.0
355300,TAGUAI,Cap 18,10.0
355300,TAGUAI,Cap 19,17.0
355300,TAGUAI,Cap 21,10.0
355330,TAMBAU,Cap 01,27.0
355330,TAMBAU,Cap 02,54.0
355330,TAMBAU,Cap 03,35.0
355330,TAMBAU,Cap 04,23.0
355330,TAMBAU,Cap 05,8.0
355330,TAMBAU,Cap 06,18.0
355330,TAMBAU,Cap 08,3.0
355330,TAMBAU,Cap 09,127.0
355330,TAMBAU,Cap 10,155.0
355330,TAMBAU,Cap 11,162.0
355330,TAMBAU,Cap 12,16.0
355330,TAMBAU,Cap 13,21.0
355330,TAMBAU,Cap 14,265.0
355330,TAMBAU,Cap 15,204.0
355330,TAMBAU,Cap 16,9.0
355330,TAMBAU,Cap 17,2.0
355330,TAMBAU,Cap 18,35.0
355330,TAMBAU,Cap 19,98.0
355330,TAMBAU,Cap 21,14.0
355340,TANABI,Cap 01,509.0
355340,TANABI,Cap 03,7.0
355340,TANABI,Cap 04,155.0
355340,TANABI,Cap 05,221.0
355340,TANABI,Cap 06,1.0
355340,TANABI,Cap 09,9.0
355340,TANABI,Cap 10,294.0
355340,TANABI,Cap 11,43.0
355340,TANABI,Cap 12,1.0
355340,TANABI,Cap 14,245.0
355340,TANABI,Cap 18,1.0
355340,TANABI,Cap 19,3.0
355360,TAPIRATIBA,Cap 01,34.0
355360,TAPIRATIBA,Cap 02,29.0
355360,TAPIRATIBA,Cap 03,17.0
355360,TAPIRATIBA,Cap 04,9.0
355360,TAPIRATIBA,Cap 05,1.0
355360,TAPIRATIBA,Cap 06,3.0
355360,TAPIRATIBA,Cap 08,1.0
355360,TAPIRATIBA,Cap 09,46.0
355360,TAPIRATIBA,Cap 10,76.0
355360,TAPIRATIBA,Cap 11,80.0
355360,TAPIRATIBA,Cap 12,10.0
355360,TAPIRATIBA,Cap 13,1.0
355360,TAPIRATIBA,Cap 14,67.0
355360,TAPIRATIBA,Cap 16,1.0
355360,TAPIRATIBA,Cap 18,1.0
355360,TAPIRATIBA,Cap 19,18.0
355360,TAPIRATIBA,Cap 21,1.0
355370,TAQUARITINGA,Cap 01,169.0
355370,TAQUARITINGA,Cap 02,96.0
355370,TAQUARITINGA,Cap 03,39.0
355370,TAQUARITINGA,Cap 04,96.0
355370,TAQUARITINGA,Cap 05,56.0
355370,TAQUARITINGA,Cap 06,159.0
355370,TAQUARITINGA,Cap 08,5.0
355370,TAQUARITINGA,Cap 09,330.0
355370,TAQUARITINGA,Cap 10,459.0
355370,TAQUARITINGA,Cap 11,399.0
355370,TAQUARITINGA,Cap 12,278.0
355370,TAQUARITINGA,Cap 13,424.0
355370,TAQUARITINGA,Cap 14,450.0
355370,TAQUARITINGA,Cap 15,490.0
355370,TAQUARITINGA,Cap 16,72.0
355370,TAQUARITINGA,Cap 17,11.0
355370,TAQUARITINGA,Cap 18,325.0
355370,TAQUARITINGA,Cap 19,472.0
355370,TAQUARITINGA,Cap 21,101.0
355380,TAQUARITUBA,Cap 01,40.0
355380,TAQUARITUBA,Cap 02,69.0
355380,TAQUARITUBA,Cap 03,42.0
355380,TAQUARITUBA,Cap 04,71.0
355380,TAQUARITUBA,Cap 05,98.0
355380,TAQUARITUBA,Cap 06,48.0
355380,TAQUARITUBA,Cap 08,7.0
355380,TAQUARITUBA,Cap 09,90.0
355380,TAQUARITUBA,Cap 10,249.0
355380,TAQUARITUBA,Cap 11,317.0
355380,TAQUARITUBA,Cap 12,125.0
355380,TAQUARITUBA,Cap 13,50.0
355380,TAQUARITUBA,Cap 14,231.0
355380,TAQUARITUBA,Cap 15,279.0
355380,TAQUARITUBA,Cap 16,14.0
355380,TAQUARITUBA,Cap 18,136.0
355380,TAQUARITUBA,Cap 19,223.0
355380,TAQUARITUBA,Cap 21,87.0
355400,TATUI,Cap 01,124.0
355400,TATUI,Cap 02,92.0
355400,TATUI,Cap 03,63.0
355400,TATUI,Cap 04,73.0
355400,TATUI,Cap 05,110.0
355400,TATUI,Cap 06,50.0
355400,TATUI,Cap 07,1.0
355400,TATUI,Cap 08,3.0
355400,TATUI,Cap 09,356.0
355400,TATUI,Cap 10,506.0
355400,TATUI,Cap 11,702.0
355400,TATUI,Cap 12,59.0
355400,TATUI,Cap 13,57.0
355400,TATUI,Cap 14,233.0
355400,TATUI,Cap 15,1704.0
355400,TATUI,Cap 16,101.0
355400,TATUI,Cap 17,13.0
355400,TATUI,Cap 18,33.0
355400,TATUI,Cap 19,456.0
355400,TATUI,Cap 21,237.0
355410,TAUBATE,Cap 01,425.0
355410,TAUBATE,Cap 02,2779.0
355410,TAUBATE,Cap 03,352.0
355410,TAUBATE,Cap 04,171.0
355410,TAUBATE,Cap 05,71.0
355410,TAUBATE,Cap 06,530.0
355410,TAUBATE,Cap 07,2410.0
355410,TAUBATE,Cap 08,75.0
355410,TAUBATE,Cap 09,2875.0
355410,TAUBATE,Cap 10,2075.0
355410,TAUBATE,Cap 11,2307.0
355410,TAUBATE,Cap 12,314.0
355410,TAUBATE,Cap 13,401.0
355410,TAUBATE,Cap 14,2070.0
355410,TAUBATE,Cap 15,3398.0
355410,TAUBATE,Cap 16,404.0
355410,TAUBATE,Cap 17,174.0
355410,TAUBATE,Cap 18,290.0
355410,TAUBATE,Cap 19,3145.0
355410,TAUBATE,Cap 21,351.0
355430,TEODORO SAMPAIO,Cap 01,94.0
355430,TEODORO SAMPAIO,Cap 02,3.0
355430,TEODORO SAMPAIO,Cap 03,26.0
355430,TEODORO SAMPAIO,Cap 04,79.0
355430,TEODORO SAMPAIO,Cap 05,46.0
355430,TEODORO SAMPAIO,Cap 06,24.0
355430,TEODORO SAMPAIO,Cap 08,1.0
355430,TEODORO SAMPAIO,Cap 09,114.0
355430,TEODORO SAMPAIO,Cap 10,239.0
355430,TEODORO SAMPAIO,Cap 11,71.0
355430,TEODORO SAMPAIO,Cap 12,54.0
355430,TEODORO SAMPAIO,Cap 13,26.0
355430,TEODORO SAMPAIO,Cap 14,131.0
355430,TEODORO SAMPAIO,Cap 15,117.0
355430,TEODORO SAMPAIO,Cap 16,12.0
355430,TEODORO SAMPAIO,Cap 18,25.0
355430,TEODORO SAMPAIO,Cap 19,76.0
355430,TEODORO SAMPAIO,Cap 21,7.0
355440,TERRA ROXA,Cap 01,2.0
355440,TERRA ROXA,Cap 03,1.0
355440,TERRA ROXA,Cap 04,1.0
355440,TERRA ROXA,Cap 06,1.0
355440,TERRA ROXA,Cap 10,17.0
355440,TERRA ROXA,Cap 12,2.0
355440,TERRA ROXA,Cap 14,12.0
355450,TIETE,Cap 01,57.0
355450,TIETE,Cap 02,78.0
355450,TIETE,Cap 03,15.0
355450,TIETE,Cap 04,64.0
355450,TIETE,Cap 05,9.0
355450,TIETE,Cap 06,36.0
355450,TIETE,Cap 09,170.0
355450,TIETE,Cap 10,216.0
355450,TIETE,Cap 11,134.0
355450,TIETE,Cap 12,17.0
355450,TIETE,Cap 13,66.0
355450,TIETE,Cap 14,133.0
355450,TIETE,Cap 15,768.0
355450,TIETE,Cap 16,67.0
355450,TIETE,Cap 17,5.0
355450,TIETE,Cap 18,56.0
355450,TIETE,Cap 19,158.0
355450,TIETE,Cap 21,20.0
355470,TORRINHA,Cap 01,2.0
355470,TORRINHA,Cap 02,6.0
355470,TORRINHA,Cap 03,1.0
355470,TORRINHA,Cap 04,3.0
355470,TORRINHA,Cap 05,1.0
355470,TORRINHA,Cap 06,2.0
355470,TORRINHA,Cap 08,1.0
355470,TORRINHA,Cap 09,5.0
355470,TORRINHA,Cap 10,37.0
355470,TORRINHA,Cap 11,6.0
355470,TORRINHA,Cap 12,2.0
355470,TORRINHA,Cap 13,1.0
355470,TORRINHA,Cap 14,13.0
355470,TORRINHA,Cap 18,2.0
355470,TORRINHA,Cap 19,2.0
355470,TORRINHA,Cap 21,1.0
355500,TUPA,Cap 01,550.0
355500,TUPA,Cap 02,725.0
355500,TUPA,Cap 03,41.0
355500,TUPA,Cap 04,136.0
355500,TUPA,Cap 05,14.0
355500,TUPA,Cap 06,148.0
355500,TUPA,Cap 07,4.0
355500,TUPA,Cap 08,4.0
355500,TUPA,Cap 09,973.0
355500,TUPA,Cap 10,850.0
355500,TUPA,Cap 11,1035.0
355500,TUPA,Cap 12,149.0
355500,TUPA,Cap 13,253.0
355500,TUPA,Cap 14,567.0
355500,TUPA,Cap 15,1003.0
355500,TUPA,Cap 16,60.0
355500,TUPA,Cap 17,20.0
355500,TUPA,Cap 18,146.0
355500,TUPA,Cap 19,876.0
355500,TUPA,Cap 21,346.0
355510,TUPI PAULISTA,Cap 01,293.0
355510,TUPI PAULISTA,Cap 02,40.0
355510,TUPI PAULISTA,Cap 03,66.0
355510,TUPI PAULISTA,Cap 04,50.0
355510,TUPI PAULISTA,Cap 06,11.0
355510,TUPI PAULISTA,Cap 08,7.0
355510,TUPI PAULISTA,Cap 09,196.0
355510,TUPI PAULISTA,Cap 10,309.0
355510,TUPI PAULISTA,Cap 11,151.0
355510,TUPI PAULISTA,Cap 12,10.0
355510,TUPI PAULISTA,Cap 13,1.0
355510,TUPI PAULISTA,Cap 14,116.0
355510,TUPI PAULISTA,Cap 15,59.0
355510,TUPI PAULISTA,Cap 16,14.0
355510,TUPI PAULISTA,Cap 18,16.0
355510,TUPI PAULISTA,Cap 19,19.0
355540,UBATUBA,Cap 01,272.0
355540,UBATUBA,Cap 02,64.0
355540,UBATUBA,Cap 03,53.0
355540,UBATUBA,Cap 04,92.0
355540,UBATUBA,Cap 05,229.0
355540,UBATUBA,Cap 06,63.0
355540,UBATUBA,Cap 07,32.0
355540,UBATUBA,Cap 08,3.0
355540,UBATUBA,Cap 09,575.0
355540,UBATUBA,Cap 10,437.0
355540,UBATUBA,Cap 11,538.0
355540,UBATUBA,Cap 12,172.0
355540,UBATUBA,Cap 13,48.0
355540,UBATUBA,Cap 14,258.0
355540,UBATUBA,Cap 15,1072.0
355540,UBATUBA,Cap 16,21.0
355540,UBATUBA,Cap 17,8.0
355540,UBATUBA,Cap 18,76.0
355540,UBATUBA,Cap 19,772.0
355540,UBATUBA,Cap 21,26.0
355580,URANIA,Cap 01,47.0
355580,URANIA,Cap 03,2.0
355580,URANIA,Cap 04,64.0
355580,URANIA,Cap 08,2.0
355580,URANIA,Cap 09,5.0
355580,URANIA,Cap 10,156.0
355580,URANIA,Cap 11,4.0
355580,URANIA,Cap 12,20.0
355580,URANIA,Cap 13,5.0
355580,URANIA,Cap 14,129.0
355580,URANIA,Cap 19,2.0
355600,URUPES,Cap 01,127.0
355600,URUPES,Cap 02,182.0
355600,URUPES,Cap 03,9.0
355600,URUPES,Cap 04,51.0
355600,URUPES,Cap 06,5.0
355600,URUPES,Cap 08,3.0
355600,URUPES,Cap 09,108.0
355600,URUPES,Cap 10,220.0
355600,URUPES,Cap 11,181.0
355600,URUPES,Cap 12,173.0
355600,URUPES,Cap 13,5.0
355600,URUPES,Cap 14,147.0
355600,URUPES,Cap 15,18.0
355600,URUPES,Cap 18,14.0
355600,URUPES,Cap 19,11.0
355600,URUPES,Cap 21,9.0
355620,VALINHOS,Cap 01,379.0
355620,VALINHOS,Cap 02,102.0
355620,VALINHOS,Cap 03,67.0
355620,VALINHOS,Cap 04,89.0
355620,VALINHOS,Cap 05,2.0
355620,VALINHOS,Cap 06,86.0
355620,VALINHOS,Cap 09,598.0
355620,VALINHOS,Cap 10,506.0
355620,VALINHOS,Cap 11,597.0
355620,VALINHOS,Cap 12,132.0
355620,VALINHOS,Cap 13,80.0
355620,VALINHOS,Cap 14,433.0
355620,VALINHOS,Cap 15,642.0
355620,VALINHOS,Cap 16,29.0
355620,VALINHOS,Cap 17,8.0
355620,VALINHOS,Cap 18,80.0
355620,VALINHOS,Cap 19,1013.0
355620,VALINHOS,Cap 21,19.0
355630,VALPARAISO,Cap 01,46.0
355630,VALPARAISO,Cap 02,35.0
355630,VALPARAISO,Cap 03,3.0
355630,VALPARAISO,Cap 04,21.0
355630,VALPARAISO,Cap 05,9.0
355630,VALPARAISO,Cap 06,19.0
355630,VALPARAISO,Cap 07,99.0
355630,VALPARAISO,Cap 08,1.0
355630,VALPARAISO,Cap 09,53.0
355630,VALPARAISO,Cap 10,356.0
355630,VALPARAISO,Cap 11,84.0
355630,VALPARAISO,Cap 12,15.0
355630,VALPARAISO,Cap 13,15.0
355630,VALPARAISO,Cap 14,110.0
355630,VALPARAISO,Cap 15,144.0
355630,VALPARAISO,Cap 16,3.0
355630,VALPARAISO,Cap 17,1.0
355630,VALPARAISO,Cap 18,12.0
355630,VALPARAISO,Cap 19,35.0
355630,VALPARAISO,Cap 21,32.0
355640,VARGEM GRANDE DO SUL,Cap 01,69.0
355640,VARGEM GRANDE DO SUL,Cap 02,12.0
355640,VARGEM GRANDE DO SUL,Cap 03,24.0
355640,VARGEM GRANDE DO SUL,Cap 04,92.0
355640,VARGEM GRANDE DO SUL,Cap 06,6.0
355640,VARGEM GRANDE DO SUL,Cap 08,1.0
355640,VARGEM GRANDE DO SUL,Cap 09,297.0
355640,VARGEM GRANDE DO SUL,Cap 10,300.0
355640,VARGEM GRANDE DO SUL,Cap 11,207.0
355640,VARGEM GRANDE DO SUL,Cap 12,36.0
355640,VARGEM GRANDE DO SUL,Cap 13,9.0
355640,VARGEM GRANDE DO SUL,Cap 14,269.0
355640,VARGEM GRANDE DO SUL,Cap 15,385.0
355640,VARGEM GRANDE DO SUL,Cap 16,12.0
355640,VARGEM GRANDE DO SUL,Cap 17,3.0
355640,VARGEM GRANDE DO SUL,Cap 18,18.0
355640,VARGEM GRANDE DO SUL,Cap 19,176.0
355640,VARGEM GRANDE DO SUL,Cap 21,261.0
355650,VARZEA PAULISTA,Cap 01,30.0
355650,VARZEA PAULISTA,Cap 02,20.0
355650,VARZEA PAULISTA,Cap 03,12.0
355650,VARZEA PAULISTA,Cap 04,25.0
355650,VARZEA PAULISTA,Cap 05,199.0
355650,VARZEA PAULISTA,Cap 06,10.0
355650,VARZEA PAULISTA,Cap 09,95.0
355650,VARZEA PAULISTA,Cap 10,140.0
355650,VARZEA PAULISTA,Cap 11,28.0
355650,VARZEA PAULISTA,Cap 12,12.0
355650,VARZEA PAULISTA,Cap 13,1.0
355650,VARZEA PAULISTA,Cap 14,65.0
355650,VARZEA PAULISTA,Cap 18,49.0
355650,VARZEA PAULISTA,Cap 19,31.0
355670,VINHEDO,Cap 01,204.0
355670,VINHEDO,Cap 02,146.0
355670,VINHEDO,Cap 03,45.0
355670,VINHEDO,Cap 04,50.0
355670,VINHEDO,Cap 05,56.0
355670,VINHEDO,Cap 06,107.0
355670,VINHEDO,Cap 07,2.0
355670,VINHEDO,Cap 08,2.0
355670,VINHEDO,Cap 09,473.0
355670,VINHEDO,Cap 10,422.0
355670,VINHEDO,Cap 11,767.0
355670,VINHEDO,Cap 12,565.0
355670,VINHEDO,Cap 13,191.0
355670,VINHEDO,Cap 14,757.0
355670,VINHEDO,Cap 15,476.0
355670,VINHEDO,Cap 16,54.0
355670,VINHEDO,Cap 17,20.0
355670,VINHEDO,Cap 18,85.0
355670,VINHEDO,Cap 19,486.0
355670,VINHEDO,Cap 21,683.0
355680,VIRADOURO,Cap 01,34.0
355680,VIRADOURO,Cap 02,10.0
355680,VIRADOURO,Cap 03,26.0
355680,VIRADOURO,Cap 04,12.0
355680,VIRADOURO,Cap 05,6.0
355680,VIRADOURO,Cap 07,4.0
355680,VIRADOURO,Cap 09,16.0
355680,VIRADOURO,Cap 10,103.0
355680,VIRADOURO,Cap 11,43.0
355680,VIRADOURO,Cap 12,19.0
355680,VIRADOURO,Cap 13,3.0
355680,VIRADOURO,Cap 14,123.0
355680,VIRADOURO,Cap 15,1.0
355680,VIRADOURO,Cap 18,7.0
355680,VIRADOURO,Cap 19,11.0
355680,VIRADOURO,Cap 21,4.0
355700,VOTORANTIM,Cap 01,177.0
355700,VOTORANTIM,Cap 02,70.0
355700,VOTORANTIM,Cap 03,45.0
355700,VOTORANTIM,Cap 04,50.0
355700,VOTORANTIM,Cap 05,78.0
355700,VOTORANTIM,Cap 06,17.0
355700,VOTORANTIM,Cap 07,193.0
355700,VOTORANTIM,Cap 08,4.0
355700,VOTORANTIM,Cap 09,369.0
355700,VOTORANTIM,Cap 10,323.0
355700,VOTORANTIM,Cap 11,365.0
355700,VOTORANTIM,Cap 12,59.0
355700,VOTORANTIM,Cap 13,11.0
355700,VOTORANTIM,Cap 14,416.0
355700,VOTORANTIM,Cap 15,1120.0
355700,VOTORANTIM,Cap 16,104.0
355700,VOTORANTIM,Cap 17,12.0
355700,VOTORANTIM,Cap 18,23.0
355700,VOTORANTIM,Cap 19,125.0
355700,VOTORANTIM,Cap 21,326.0
355710,VOTUPORANGA,Cap 01,245.0
355710,VOTUPORANGA,Cap 02,59.0
355710,VOTUPORANGA,Cap 03,61.0
355710,VOTUPORANGA,Cap 04,209.0
355710,VOTUPORANGA,Cap 05,78.0
355710,VOTUPORANGA,Cap 06,187.0
355710,VOTUPORANGA,Cap 07,15.0
355710,VOTUPORANGA,Cap 08,27.0
355710,VOTUPORANGA,Cap 09,1655.0
355710,VOTUPORANGA,Cap 10,599.0
355710,VOTUPORANGA,Cap 11,946.0
355710,VOTUPORANGA,Cap 12,71.0
355710,VOTUPORANGA,Cap 13,449.0
355710,VOTUPORANGA,Cap 14,989.0
355710,VOTUPORANGA,Cap 15,1500.0
355710,VOTUPORANGA,Cap 16,293.0
355710,VOTUPORANGA,Cap 17,18.0
355710,VOTUPORANGA,Cap 18,1832.0
355710,VOTUPORANGA,Cap 19,2204.0
355710,VOTUPORANGA,Cap 21,225.0
355720,CHAVANTES,Cap 01,112.0
355720,CHAVANTES,Cap 02,15.0
355720,CHAVANTES,Cap 03,16.0
355720,CHAVANTES,Cap 04,116.0
355720,CHAVANTES,Cap 05,75.0
355720,CHAVANTES,Cap 06,11.0
355720,CHAVANTES,Cap 08,2.0
355720,CHAVANTES,Cap 09,85.0
355720,CHAVANTES,Cap 10,206.0
355720,CHAVANTES,Cap 11,264.0
355720,CHAVANTES,Cap 12,17.0
355720,CHAVANTES,Cap 13,11.0
355720,CHAVANTES,Cap 14,195.0
355720,CHAVANTES,Cap 15,86.0
355720,CHAVANTES,Cap 16,10.0
355720,CHAVANTES,Cap 18,2.0
355720,CHAVANTES,Cap 19,11.0
355720,CHAVANTES,Cap 21,1.0
