codigo,municipio,periodo,valor_total
350010,ADAMANTINA,2025/Jul,683486.15
350010,ADAMANTINA,2025/Ago,676199.37
350010,ADAMANTINA,2025/Set,744605.86
350010,ADAMANTINA,2025/Out,716323.39
350010,ADAMANTINA,2025/Nov,661136.78
350010,ADAMANTINA,2025/Dez,658247.5
350010,ADAMANTINA,2026/Jan,652403.41
350010,ADAMANTINA,2026/Fev,644663.56
350010,ADAMANTINA,2026/Mar,673541.93
350010,ADAMANTINA,2026/Abr,675005.61
350010,ADAMANTINA,2026/Mai,659510.05
350010,ADAMANTINA,2026/Jun,658719.83
350030,AGUAI,2025/Jul,20292.67
350030,AGUAI,2025/Ago,24312.76
350030,AGUAI,2025/Set,27141.64
350030,AGUAI,2025/Out,11839.2
350030,AGUAI,2025/Nov,12135.22
350030,AGUAI,2025/Dez,24009.77
350030,AGUAI,2026/Jan,14569.55
350030,AGUAI,2026/Fev,19625.45
350030,AGUAI,2026/Mar,22155.06
350030,AGUAI,2026/Abr,21363.45
350030,AGUAI,2026/Mai,18982.76
350030,AGUAI,2026/Jun,23861.68
350050,AGUAS DE LINDOIA,2025/Jul,54193.95
350050,AGUAS DE LINDOIA,2025/Ago,42202.36
350050,AGUAS DE LINDOIA,2025/Set,40299.75
350050,AGUAS DE LINDOIA,2025/Out,48217.87
350050,AGUAS DE LINDOIA,2025/Nov,58366.62
350050,AGUAS DE LINDOIA,2025/Dez,41101.25
350050,AGUAS DE LINDOIA,2026/Jan,42525.24
350050,AGUAS DE LINDOIA,2026/Fev,42568.46
350050,AGUAS DE LINDOIA,2026/Mar,43282.49
350050,AGUAS DE LINDOIA,2026/Abr,45631.69
350050,AGUAS DE LINDOIA,2026/Mai,42649.13
350050,AGUAS DE LINDOIA,2026/Jun,39305.81
350070,AGUDOS,2025/Jul,48383.99
350070,AGUDOS,2025/Ago,49912.66
350070,AGUDOS,2025/Set,58904.14
350070,AGUDOS,2025/Out,42097.31
350070,AGUDOS,2025/Nov,44561.52
350070,AGUDOS,2025/Dez,34717.98
350070,AGUDOS,2026/Jan,40047.0
350070,AGUDOS,2026/Fev,45607.53
350070,AGUDOS,2026/Mar,46292.4
350070,AGUDOS,2026/Abr,37729.22
350070,AGUDOS,2026/Mai,49556.08
350070,AGUDOS,2026/Jun,47013.76
350100,ALTINOPOLIS,2025/Jul,61082.65
350100,ALTINOPOLIS,2025/Ago,49621.58
350100,ALTINOPOLIS,2025/Set,51359.28
350100,ALTINOPOLIS,2025/Out,62415.09
350100,ALTINOPOLIS,2025/Nov,46804.35
350100,ALTINOPOLIS,2025/Dez,37056.46
350100,ALTINOPOLIS,2026/Jan,46578.37
350100,ALTINOPOLIS,2026/Fev,47003.62
350100,ALTINOPOLIS,2026/Mar,47189.96
350100,ALTINOPOLIS,2026/Abr,49845.86
350100,ALTINOPOLIS,2026/Mai,49564.5
350100,ALTINOPOLIS,2026/Jun,47497.46
350110,ALTO ALEGRE,2025/Jul,1644.03
350110,ALTO ALEGRE,2025/Set,3160.82
350110,ALTO ALEGRE,2025/Out,2464.42
350110,ALTO ALEGRE,2025/Nov,175.97
350110,ALTO ALEGRE,2026/Jan,1036.76
350110,ALTO ALEGRE,2026/Fev,460.61
350110,ALTO ALEGRE,2026/Mar,1500.23
350110,ALTO ALEGRE,2026/Abr,1281.33
350110,ALTO ALEGRE,2026/Mai,815.52
350110,ALTO ALEGRE,2026/Jun,3051.52
350130,ALVARES MACHADO,2025/Jul,20737.7
350130,ALVARES MACHADO,2025/Ago,31323.14
350130,ALVARES MACHADO,2025/Set,22066.06
350130,ALVARES MACHADO,2025/Out,26431.84
350130,ALVARES MACHADO,2025/Nov,22269.38
350130,ALVARES MACHADO,2025/Dez,24086.11
350130,ALVARES MACHADO,2026/Jan,27515.64
350130,ALVARES MACHADO,2026/Fev,21499.34
350130,ALVARES MACHADO,2026/Mar,18811.29
350130,ALVARES MACHADO,2026/Abr,18141.38
350130,ALVARES MACHADO,2026/Mai,17567.31
350130,ALVARES MACHADO,2026/Jun,16853.67
350160,AMERICANA,2025/Jul,1168108.62
350160,AMERICANA,2025/Ago,1206598.7
350160,AMERICANA,2025/Set,1085265.96
350160,AMERICANA,2025/Out,899859.18
350160,AMERICANA,2025/Nov,737579.63
350160,AMERICANA,2025/Dez,954821.34
350160,AMERICANA,2026/Jan,1041774.02
350160,AMERICANA,2026/Fev,815171.45
350160,AMERICANA,2026/Mar,1123588.67
350160,AMERICANA,2026/Abr,922146.05
350160,AMERICANA,2026/Mai,911073.61
350160,AMERICANA,2026/Jun,933104.36
350170,AMERICO BRASILIENSE,2025/Jul,693450.12
350170,AMERICO BRASILIENSE,2025/Ago,630841.74
350170,AMERICO BRASILIENSE,2025/Set,581057.5
350170,AMERICO BRASILIENSE,2025/Out,772722.55
350170,AMERICO BRASILIENSE,2025/Nov,617333.78
350170,AMERICO BRASILIENSE,2025/Dez,418593.56
350170,AMERICO BRASILIENSE,2026/Jan,621294.97
350170,AMERICO BRASILIENSE,2026/Fev,575760.49
350170,AMERICO BRASILIENSE,2026/Mar,671830.53
350170,AMERICO BRASILIENSE,2026/Abr,809334.77
350170,AMERICO BRASILIENSE,2026/Mai,660525.32
350170,AMERICO BRASILIENSE,2026/Jun,661471.12
350190,AMPARO,2025/Jul,818716.13
350190,AMPARO,2025/Ago,775238.05
350190,AMPARO,2025/Set,634827.5
350190,AMPARO,2025/Out,787301.68
350190,AMPARO,2025/Nov,706468.64
350190,AMPARO,2025/Dez,769375.82
350190,AMPARO,2026/Jan,1094272.26
350190,AMPARO,2026/Fev,721348.58
350190,AMPARO,2026/Mar,733406.87
350190,AMPARO,2026/Abr,889643.08
350190,AMPARO,2026/Mai,749423.35
350190,AMPARO,2026/Jun,556916.33
350210,ANDRADINA,2025/Jul,354173.02
350210,ANDRADINA,2025/Ago,375486.55
350210,ANDRADINA,2025/Set,277780.58
350210,ANDRADINA,2025/Out,294775.75
350210,ANDRADINA,2025/Nov,256486.42
350210,ANDRADINA,2025/Dez,227357.82
350210,ANDRADINA,2026/Jan,353797.02
350210,ANDRADINA,2026/Fev,326955.01
350210,ANDRADINA,2026/Mar,286159.37
350210,ANDRADINA,2026/Abr,293270.09
350210,ANDRADINA,2026/Mai,275385.32
350210,ANDRADINA,2026/Jun,330846.45
350220,ANGATUBA,2025/Jul,73602.23
350220,ANGATUBA,2025/Ago,72705.17
350220,ANGATUBA,2025/Set,64226.05
350220,ANGATUBA,2025/Out,58677.79
350220,ANGATUBA,2025/Nov,54472.61
350220,ANGATUBA,2025/Dez,40578.59
350220,ANGATUBA,2026/Jan,62327.62
350220,ANGATUBA,2026/Fev,59790.07
350220,ANGATUBA,2026/Mar,41691.52
350220,ANGATUBA,2026/Abr,51536.49
350220,ANGATUBA,2026/Mai,58861.54
350220,ANGATUBA,2026/Jun,63210.79
350250,APARECIDA,2025/Jul,639841.2
350250,APARECIDA,2025/Ago,566040.93
350250,APARECIDA,2025/Set,521718.93
350250,APARECIDA,2025/Out,604892.85
350250,APARECIDA,2025/Nov,828147.92
350250,APARECIDA,2025/Dez,722628.02
350250,APARECIDA,2026/Jan,521605.15
350250,APARECIDA,2026/Fev,456607.93
350250,APARECIDA,2026/Mar,464492.54
350250,APARECIDA,2026/Abr,594596.23
350250,APARECIDA,2026/Mai,553677.19
350250,APARECIDA,2026/Jun,497535.8
350260,APARECIDA D'OESTE,2025/Jul,1453.13
350260,APARECIDA D'OESTE,2025/Ago,3494.62
350260,APARECIDA D'OESTE,2025/Set,2816.81
350260,APARECIDA D'OESTE,2025/Out,1707.75
350260,APARECIDA D'OESTE,2025/Nov,1956.88
350260,APARECIDA D'OESTE,2025/Dez,5596.62
350260,APARECIDA D'OESTE,2026/Jan,1771.26
350260,APARECIDA D'OESTE,2026/Fev,6333.52
350260,APARECIDA D'OESTE,2026/Mar,4393.1
350260,APARECIDA D'OESTE,2026/Abr,5260.77
350260,APARECIDA D'OESTE,2026/Mai,2331.91
350270,APIAI,2025/Jul,154721.63
350270,APIAI,2025/Ago,154587.81
350270,APIAI,2025/Set,148215.38
350270,APIAI,2025/Out,148682.68
350270,APIAI,2025/Nov,163788.89
350270,APIAI,2025/Dez,176468.06
350270,APIAI,2026/Jan,137681.82
350270,APIAI,2026/Fev,142810.3
350270,APIAI,2026/Mar,186387.77
350270,APIAI,2026/Abr,179076.43
350270,APIAI,2026/Mai,230527.14
350270,APIAI,2026/Jun,201025.08
350280,ARACATUBA,2025/Jul,4536269.0
350280,ARACATUBA,2025/Ago,4719544.36
350280,ARACATUBA,2025/Set,4365246.25
350280,ARACATUBA,2025/Out,4553483.46
350280,ARACATUBA,2025/Nov,4081672.07
350280,ARACATUBA,2025/Dez,3822378.92
350280,ARACATUBA,2026/Jan,4929726.72
350280,ARACATUBA,2026/Fev,4096541.87
350280,ARACATUBA,2026/Mar,4472514.59
350280,ARACATUBA,2026/Abr,4700408.44
350280,ARACATUBA,2026/Mai,4338516.59
350280,ARACATUBA,2026/Jun,4718384.73
350310,ARANDU,2025/Jul,3889.79
350310,ARANDU,2025/Ago,3979.93
350310,ARANDU,2025/Set,5537.15
350310,ARANDU,2025/Out,4366.04
350310,ARANDU,2025/Nov,4002.91
350310,ARANDU,2025/Dez,3250.13
350310,ARANDU,2026/Jan,3620.4
350310,ARANDU,2026/Fev,1664.66
350310,ARANDU,2026/Mar,1809.15
350310,ARANDU,2026/Abr,3446.52
350310,ARANDU,2026/Mai,2777.05
350320,ARARAQUARA,2025/Jul,4427374.2
350320,ARARAQUARA,2025/Ago,4461972.4
350320,ARARAQUARA,2025/Set,4338511.62
350320,ARARAQUARA,2025/Out,4293276.85
350320,ARARAQUARA,2025/Nov,4235245.53
350320,ARARAQUARA,2025/Dez,3652215.54
350320,ARARAQUARA,2026/Jan,3929086.16
350320,ARARAQUARA,2026/Fev,3430320.05
350320,ARARAQUARA,2026/Mar,3876839.44
350320,ARARAQUARA,2026/Abr,4220998.78
350320,ARARAQUARA,2026/Mai,4654639.04
350320,ARARAQUARA,2026/Jun,4809663.13
350330,ARARAS,2025/Jul,1575134.32
350330,ARARAS,2025/Ago,1258767.77
350330,ARARAS,2025/Set,1362270.75
350330,ARARAS,2025/Out,1395640.75
350330,ARARAS,2025/Nov,1359586.34
350330,ARARAS,2025/Dez,1350568.1
350330,ARARAS,2026/Jan,1268119.98
350330,ARARAS,2026/Fev,1067564.11
350330,ARARAS,2026/Mar,1462923.23
350330,ARARAS,2026/Abr,1216215.44
350330,ARARAS,2026/Mai,1518439.8
350330,ARARAS,2026/Jun,1318654.86
350340,AREALVA,2025/Jul,5074.3
350340,AREALVA,2025/Ago,5722.94
350340,AREALVA,2025/Set,7357.09
350340,AREALVA,2025/Out,5488.92
350340,AREALVA,2025/Nov,4930.76
350340,AREALVA,2025/Dez,3878.07
350340,AREALVA,2026/Jan,5193.05
350340,AREALVA,2026/Fev,3223.35
350340,AREALVA,2026/Mar,8704.4
350340,AREALVA,2026/Abr,4792.46
350340,AREALVA,2026/Mai,3754.89
350340,AREALVA,2026/Jun,1731.81
350400,ASSIS,2025/Jul,1712891.76
350400,ASSIS,2025/Ago,1696753.87
350400,ASSIS,2025/Set,1363491.89
350400,ASSIS,2025/Out,1584785.39
350400,ASSIS,2025/Nov,1374473.51
350400,ASSIS,2025/Dez,1660770.85
350400,ASSIS,2026/Jan,1284084.9
350400,ASSIS,2026/Fev,1339436.33
350400,ASSIS,2026/Mar,1607006.5
350400,ASSIS,2026/Abr,1555717.58
350400,ASSIS,2026/Mai,1693666.06
350400,ASSIS,2026/Jun,1680099.29
350410,ATIBAIA,2025/Jul,369881.8
350410,ATIBAIA,2025/Ago,393406.06
350410,ATIBAIA,2025/Set,423350.76
350410,ATIBAIA,2025/Out,300409.35
350410,ATIBAIA,2025/Nov,451276.02
350410,ATIBAIA,2025/Dez,463095.51
350410,ATIBAIA,2026/Jan,329259.14
350410,ATIBAIA,2026/Fev,423267.92
350410,ATIBAIA,2026/Mar,353141.29
350410,ATIBAIA,2026/Abr,387281.96
350410,ATIBAIA,2026/Mai,420934.36
350410,ATIBAIA,2026/Jun,425192.37
350420,AURIFLAMA,2025/Jul,183621.29
350420,AURIFLAMA,2025/Ago,184742.36
350420,AURIFLAMA,2025/Set,161542.78
350420,AURIFLAMA,2025/Out,168240.28
350420,AURIFLAMA,2025/Nov,179679.4
350420,AURIFLAMA,2025/Dez,427679.02
350420,AURIFLAMA,2026/Jan,178901.95
350420,AURIFLAMA,2026/Fev,275973.02
350420,AURIFLAMA,2026/Mar,197469.44
350420,AURIFLAMA,2026/Abr,305030.23
350420,AURIFLAMA,2026/Mai,352930.28
350420,AURIFLAMA,2026/Jun,350170.49
350450,AVARE,2025/Jul,1225583.18
350450,AVARE,2025/Ago,1190623.09
350450,AVARE,2025/Set,1022660.34
350450,AVARE,2025/Out,965199.91
350450,AVARE,2025/Nov,935012.25
350450,AVARE,2025/Dez,764014.59
350450,AVARE,2026/Jan,1155672.52
350450,AVARE,2026/Fev,1029543.05
350450,AVARE,2026/Mar,1016894.69
350450,AVARE,2026/Abr,1021287.26
350450,AVARE,2026/Mai,1066991.83
350450,AVARE,2026/Jun,1111760.6
350520,BARIRI,2025/Jul,91663.32
350520,BARIRI,2025/Ago,101049.16
350520,BARIRI,2025/Set,111024.58
350520,BARIRI,2025/Out,106569.17
350520,BARIRI,2025/Nov,79442.56
350520,BARIRI,2025/Dez,90410.02
350520,BARIRI,2026/Jan,83192.08
350520,BARIRI,2026/Fev,78880.34
350520,BARIRI,2026/Mar,82930.41
350520,BARIRI,2026/Abr,76204.45
350520,BARIRI,2026/Mai,86041.26
350520,BARIRI,2026/Jun,81486.93
350530,BARRA BONITA,2025/Jul,170834.99
350530,BARRA BONITA,2025/Ago,141092.06
350530,BARRA BONITA,2025/Set,183791.24
350530,BARRA BONITA,2025/Out,167393.23
350530,BARRA BONITA,2025/Nov,136895.41
350530,BARRA BONITA,2025/Dez,105909.16
350530,BARRA BONITA,2026/Jan,63981.92
350530,BARRA BONITA,2026/Fev,58271.05
350530,BARRA BONITA,2026/Mar,88338.71
350530,BARRA BONITA,2026/Abr,82479.54
350530,BARRA BONITA,2026/Mai,196830.74
350530,BARRA BONITA,2026/Jun,146850.01
350550,BARRETOS,2025/Jul,8807696.51
350550,BARRETOS,2025/Ago,8856490.9
350550,BARRETOS,2025/Set,9073076.84
350550,BARRETOS,2025/Out,7851276.68
350550,BARRETOS,2025/Nov,9093255.38
350550,BARRETOS,2025/Dez,8690892.51
350550,BARRETOS,2026/Jan,8013568.26
350550,BARRETOS,2026/Fev,8311371.26
350550,BARRETOS,2026/Mar,8232096.85
350550,BARRETOS,2026/Abr,8912522.37
350550,BARRETOS,2026/Mai,8563310.02
350550,BARRETOS,2026/Jun,8202209.95
350570,BARUERI,2025/Jul,2648476.2
350570,BARUERI,2025/Ago,2985883.01
350570,BARUERI,2025/Set,3191080.05
350570,BARUERI,2025/Out,3011125.01
350570,BARUERI,2025/Nov,2840584.45
350570,BARUERI,2025/Dez,2749368.27
350570,BARUERI,2026/Jan,2383277.77
350570,BARUERI,2026/Fev,2820535.74
350570,BARUERI,2026/Mar,3089453.86
350570,BARUERI,2026/Abr,2926234.11
350570,BARUERI,2026/Mai,2832560.29
350570,BARUERI,2026/Jun,3012360.25
350580,BASTOS,2025/Jul,61998.06
350580,BASTOS,2025/Ago,43089.82
350580,BASTOS,2025/Set,25922.21
350580,BASTOS,2025/Out,26734.05
350580,BASTOS,2025/Nov,26644.08
350580,BASTOS,2025/Dez,34298.27
350580,BASTOS,2026/Jan,31550.98
350580,BASTOS,2026/Fev,18556.05
350580,BASTOS,2026/Mar,46513.04
350580,BASTOS,2026/Abr,42908.72
350580,BASTOS,2026/Mai,57491.22
350580,BASTOS,2026/Jun,44726.39
350590,BATATAIS,2025/Jul,441868.69
350590,BATATAIS,2025/Ago,471523.24
350590,BATATAIS,2025/Set,469866.57
350590,BATATAIS,2025/Out,391928.07
350590,BATATAIS,2025/Nov,401297.22
350590,BATATAIS,2025/Dez,443995.96
350590,BATATAIS,2026/Jan,412572.3
350590,BATATAIS,2026/Fev,400643.91
350590,BATATAIS,2026/Mar,386075.18
350590,BATATAIS,2026/Abr,430564.18
350590,BATATAIS,2026/Mai,347848.48
350590,BATATAIS,2026/Jun,456660.57
350600,BAURU,2025/Jul,6023589.84
350600,BAURU,2025/Ago,6572680.59
350600,BAURU,2025/Set,6495232.43
350600,BAURU,2025/Out,7126621.85
350600,BAURU,2025/Nov,6154728.46
350600,BAURU,2025/Dez,6449225.47
350600,BAURU,2026/Jan,6069441.67
350600,BAURU,2026/Fev,5574305.37
350600,BAURU,2026/Mar,7097110.3
350600,BAURU,2026/Abr,6714998.45
350600,BAURU,2026/Mai,6982054.81
350600,BAURU,2026/Jun,7303519.37
350610,BEBEDOURO,2025/Jul,934128.34
350610,BEBEDOURO,2025/Ago,808411.52
350610,BEBEDOURO,2025/Set,777562.58
350610,BEBEDOURO,2025/Out,785670.14
350610,BEBEDOURO,2025/Nov,632748.37
350610,BEBEDOURO,2025/Dez,620782.68
350610,BEBEDOURO,2026/Jan,595927.27
350610,BEBEDOURO,2026/Fev,647067.47
350610,BEBEDOURO,2026/Mar,702280.94
350610,BEBEDOURO,2026/Abr,709461.3
350610,BEBEDOURO,2026/Mai,716831.47
350610,BEBEDOURO,2026/Jun,760407.27
350630,BERNARDINO DE CAMPOS,2025/Jul,28146.76
350630,BERNARDINO DE CAMPOS,2025/Ago,66303.91
350630,BERNARDINO DE CAMPOS,2025/Set,37493.91
350630,BERNARDINO DE CAMPOS,2025/Out,23388.34
350630,BERNARDINO DE CAMPOS,2025/Nov,28754.51
350630,BERNARDINO DE CAMPOS,2025/Dez,31935.34
350630,BERNARDINO DE CAMPOS,2026/Jan,16590.27
350630,BERNARDINO DE CAMPOS,2026/Fev,23963.91
350630,BERNARDINO DE CAMPOS,2026/Mar,55617.96
350630,BERNARDINO DE CAMPOS,2026/Abr,25031.35
350630,BERNARDINO DE CAMPOS,2026/Mai,23199.47
350630,BERNARDINO DE CAMPOS,2026/Jun,28546.06
350635,BERTIOGA,2025/Jul,140354.52
350635,BERTIOGA,2025/Ago,134292.89
350635,BERTIOGA,2025/Set,135087.71
350635,BERTIOGA,2025/Out,148291.83
350635,BERTIOGA,2025/Nov,149095.23
350635,BERTIOGA,2025/Dez,127940.17
350635,BERTIOGA,2026/Jan,169625.29
350635,BERTIOGA,2026/Fev,182402.19
350635,BERTIOGA,2026/Mar,220154.97
350635,BERTIOGA,2026/Abr,258355.8
350635,BERTIOGA,2026/Mai,301849.03
350635,BERTIOGA,2026/Jun,254810.16
350640,BILAC,2025/Jul,7581.71
350640,BILAC,2025/Ago,8443.26
350640,BILAC,2025/Set,9973.63
350640,BILAC,2025/Out,9431.81
350640,BILAC,2025/Nov,6398.8
350640,BILAC,2025/Dez,6411.38
350640,BILAC,2026/Jan,3485.53
350640,BILAC,2026/Fev,4796.74
350640,BILAC,2026/Mar,5482.13
350640,BILAC,2026/Abr,5017.72
350640,BILAC,2026/Mai,4863.87
350640,BILAC,2026/Jun,7737.64
350650,BIRIGUI,2025/Jul,458164.35
350650,BIRIGUI,2025/Ago,460613.16
350650,BIRIGUI,2025/Set,447359.49
350650,BIRIGUI,2025/Out,490285.19
350650,BIRIGUI,2025/Nov,393432.2
350650,BIRIGUI,2025/Dez,502887.13
350650,BIRIGUI,2026/Jan,391788.77
350650,BIRIGUI,2026/Fev,483105.03
350650,BIRIGUI,2026/Mar,387433.03
350650,BIRIGUI,2026/Abr,482903.88
350650,BIRIGUI,2026/Mai,398287.47
350650,BIRIGUI,2026/Jun,462900.88
350670,BOA ESPERANCA DO SUL,2025/Jul,5240.62
350670,BOA ESPERANCA DO SUL,2025/Ago,4714.92
350670,BOA ESPERANCA DO SUL,2025/Set,3947.69
350670,BOA ESPERANCA DO SUL,2025/Out,3667.95
350670,BOA ESPERANCA DO SUL,2025/Nov,6596.47
350670,BOA ESPERANCA DO SUL,2025/Dez,7132.15
350670,BOA ESPERANCA DO SUL,2026/Jan,4153.02
350670,BOA ESPERANCA DO SUL,2026/Fev,3928.54
350670,BOA ESPERANCA DO SUL,2026/Mar,6881.15
350670,BOA ESPERANCA DO SUL,2026/Abr,3009.12
350670,BOA ESPERANCA DO SUL,2026/Mai,3468.39
350670,BOA ESPERANCA DO SUL,2026/Jun,8763.83
350680,BOCAINA,2025/Jul,7607.73
350680,BOCAINA,2025/Ago,6402.9
350680,BOCAINA,2025/Set,7128.43
350680,BOCAINA,2025/Out,7109.02
350680,BOCAINA,2025/Nov,4647.9
350680,BOCAINA,2025/Dez,4190.6
350680,BOCAINA,2026/Jan,6438.11
350680,BOCAINA,2026/Fev,5073.34
350680,BOCAINA,2026/Mar,6942.82
350680,BOCAINA,2026/Abr,6312.67
350680,BOCAINA,2026/Mai,6269.72
350680,BOCAINA,2026/Jun,7545.23
350700,BOITUVA,2025/Jul,124853.52
350700,BOITUVA,2025/Ago,134378.93
350700,BOITUVA,2025/Set,122346.24
350700,BOITUVA,2025/Out,124937.04
350700,BOITUVA,2025/Nov,107088.91
350700,BOITUVA,2025/Dez,82475.66
350700,BOITUVA,2026/Jan,95937.61
350700,BOITUVA,2026/Fev,90127.85
350700,BOITUVA,2026/Mar,119631.45
350700,BOITUVA,2026/Abr,96419.67
350700,BOITUVA,2026/Mai,119436.89
350700,BOITUVA,2026/Jun,118407.38
350710,BOM JESUS DOS PERDOES,2025/Jul,7765.63
350710,BOM JESUS DOS PERDOES,2025/Ago,9016.76
350710,BOM JESUS DOS PERDOES,2025/Set,5904.82
350710,BOM JESUS DOS PERDOES,2025/Out,5224.14
350710,BOM JESUS DOS PERDOES,2025/Nov,7458.79
350710,BOM JESUS DOS PERDOES,2025/Dez,6232.68
350710,BOM JESUS DOS PERDOES,2026/Jan,8068.74
350710,BOM JESUS DOS PERDOES,2026/Fev,3559.78
350710,BOM JESUS DOS PERDOES,2026/Mar,7602.02
350710,BOM JESUS DOS PERDOES,2026/Abr,7539.11
350710,BOM JESUS DOS PERDOES,2026/Mai,8676.73
350740,BORBOREMA,2025/Jul,35595.02
350740,BORBOREMA,2025/Ago,38638.02
350740,BORBOREMA,2025/Set,37096.98
350740,BORBOREMA,2025/Out,33631.69
350740,BORBOREMA,2025/Nov,43205.21
350740,BORBOREMA,2025/Dez,41121.58
350740,BORBOREMA,2026/Jan,32400.37
350740,BORBOREMA,2026/Fev,35703.11
350740,BORBOREMA,2026/Mar,33303.24
350740,BORBOREMA,2026/Abr,30095.36
350740,BORBOREMA,2026/Mai,60757.38
350740,BORBOREMA,2026/Jun,38308.28
350750,BOTUCATU,2025/Jul,8003741.68
350750,BOTUCATU,2025/Ago,8304199.46
350750,BOTUCATU,2025/Set,6887340.66
350750,BOTUCATU,2025/Out,7289791.33
350750,BOTUCATU,2025/Nov,8650658.76
350750,BOTUCATU,2025/Dez,7934587.93
350750,BOTUCATU,2026/Jan,7703810.76
350750,BOTUCATU,2026/Fev,7577862.77
350750,BOTUCATU,2026/Mar,8159039.06
350750,BOTUCATU,2026/Abr,7095855.44
350750,BOTUCATU,2026/Mai,7429997.06
350750,BOTUCATU,2026/Jun,6819797.02
350760,BRAGANCA PAULISTA,2025/Jul,3914603.65
350760,BRAGANCA PAULISTA,2025/Ago,3338609.0
350760,BRAGANCA PAULISTA,2025/Set,3000954.4
350760,BRAGANCA PAULISTA,2025/Out,2973476.42
350760,BRAGANCA PAULISTA,2025/Nov,3169495.57
350760,BRAGANCA PAULISTA,2025/Dez,2452926.25
350760,BRAGANCA PAULISTA,2026/Jan,3346129.48
350760,BRAGANCA PAULISTA,2026/Fev,3614666.46
350760,BRAGANCA PAULISTA,2026/Mar,3699494.26
350760,BRAGANCA PAULISTA,2026/Abr,3659193.14
350760,BRAGANCA PAULISTA,2026/Mai,3243051.26
350760,BRAGANCA PAULISTA,2026/Jun,3284259.06
350790,BROTAS,2025/Jul,41798.32
350790,BROTAS,2025/Ago,40365.58
350790,BROTAS,2025/Set,31764.85
350790,BROTAS,2025/Out,28310.5
350790,BROTAS,2025/Nov,27635.18
350790,BROTAS,2025/Dez,33212.15
350790,BROTAS,2026/Jan,36376.15
350790,BROTAS,2026/Fev,30117.26
350790,BROTAS,2026/Mar,51348.55
350790,BROTAS,2026/Abr,42948.58
350790,BROTAS,2026/Mai,45378.72
350790,BROTAS,2026/Jun,46057.3
350810,BURITAMA,2025/Jul,77203.4
350810,BURITAMA,2025/Ago,76657.96
350810,BURITAMA,2025/Set,67461.36
350810,BURITAMA,2025/Out,86060.81
350810,BURITAMA,2025/Nov,59376.31
350810,BURITAMA,2025/Dez,73487.7
350810,BURITAMA,2026/Jan,51968.13
350810,BURITAMA,2026/Fev,51895.84
350810,BURITAMA,2026/Mar,80142.27
350810,BURITAMA,2026/Abr,74135.7
350810,BURITAMA,2026/Mai,102377.32
350810,BURITAMA,2026/Jun,83893.29
350840,CABREUVA,2025/Jul,28806.17
350840,CABREUVA,2025/Ago,15381.4
350840,CABREUVA,2025/Set,11930.71
350840,CABREUVA,2025/Nov,34441.37
350840,CABREUVA,2025/Dez,85025.65
350840,CABREUVA,2026/Jan,29093.45
350840,CABREUVA,2026/Fev,28820.22
350840,CABREUVA,2026/Mar,25879.8
350840,CABREUVA,2026/Abr,23888.92
350840,CABREUVA,2026/Mai,16128.65
350840,CABREUVA,2026/Jun,24482.32
350850,CACAPAVA,2025/Jul,315288.26
350850,CACAPAVA,2025/Ago,576246.74
350850,CACAPAVA,2025/Set,456957.56
350850,CACAPAVA,2025/Out,302211.99
350850,CACAPAVA,2025/Nov,358274.88
350850,CACAPAVA,2025/Dez,289695.59
350850,CACAPAVA,2026/Jan,238043.74
350850,CACAPAVA,2026/Fev,378831.33
350850,CACAPAVA,2026/Mar,61291.83
350850,CACAPAVA,2026/Abr,273834.75
350850,CACAPAVA,2026/Mai,321297.82
350850,CACAPAVA,2026/Jun,441148.15
350870,CACONDE,2025/Jul,287427.52
350870,CACONDE,2025/Ago,278517.12
350870,CACONDE,2025/Set,385476.97
350870,CACONDE,2025/Out,351064.59
350870,CACONDE,2025/Nov,371638.87
350870,CACONDE,2025/Dez,285624.31
350870,CACONDE,2026/Jan,114573.49
350870,CACONDE,2026/Fev,295656.94
350870,CACONDE,2026/Mar,363421.28
350870,CACONDE,2026/Abr,355404.37
350870,CACONDE,2026/Mai,353849.02
350870,CACONDE,2026/Jun,348193.9
350880,CAFELANDIA,2025/Jul,40011.76
350880,CAFELANDIA,2025/Ago,34156.38
350880,CAFELANDIA,2025/Set,26555.05
350880,CAFELANDIA,2025/Out,23543.69
350880,CAFELANDIA,2025/Nov,29904.29
350880,CAFELANDIA,2025/Dez,23061.98
350880,CAFELANDIA,2026/Jan,23647.81
350880,CAFELANDIA,2026/Fev,22100.96
350880,CAFELANDIA,2026/Mar,22479.85
350880,CAFELANDIA,2026/Abr,20889.29
350880,CAFELANDIA,2026/Mai,28444.57
350880,CAFELANDIA,2026/Jun,29478.62
350900,CAIEIRAS,2025/Jul,247136.32
350900,CAIEIRAS,2025/Ago,219659.32
350900,CAIEIRAS,2025/Set,199683.81
350900,CAIEIRAS,2025/Out,225198.46
350900,CAIEIRAS,2025/Nov,262878.92
350900,CAIEIRAS,2025/Dez,237759.15
350900,CAIEIRAS,2026/Jan,238871.32
350900,CAIEIRAS,2026/Fev,245038.41
350900,CAIEIRAS,2026/Mar,262805.33
350900,CAIEIRAS,2026/Abr,231671.49
350900,CAIEIRAS,2026/Mai,314898.05
350900,CAIEIRAS,2026/Jun,286988.82
350920,CAJAMAR,2025/Jul,91735.75
350920,CAJAMAR,2025/Ago,93769.03
350920,CAJAMAR,2025/Set,110683.54
350920,CAJAMAR,2025/Out,88969.93
350920,CAJAMAR,2025/Nov,93961.02
350920,CAJAMAR,2025/Dez,95938.99
350920,CAJAMAR,2026/Jan,97548.42
350920,CAJAMAR,2026/Fev,107274.83
350920,CAJAMAR,2026/Mar,107999.54
350920,CAJAMAR,2026/Abr,138999.79
350920,CAJAMAR,2026/Mai,102705.67
350920,CAJAMAR,2026/Jun,102759.77
350930,CAJOBI,2025/Jul,20722.37
350930,CAJOBI,2025/Ago,20944.95
350930,CAJOBI,2025/Set,19758.83
350930,CAJOBI,2025/Out,17830.99
350930,CAJOBI,2025/Nov,11670.91
350930,CAJOBI,2025/Dez,10901.35
350930,CAJOBI,2026/Jan,20433.77
350930,CAJOBI,2026/Mar,31298.89
350930,CAJOBI,2026/Abr,32436.04
350930,CAJOBI,2026/Mai,15458.64
350930,CAJOBI,2026/Jun,13938.85
350940,CAJURU,2025/Jul,166270.83
350940,CAJURU,2025/Ago,168572.66
350940,CAJURU,2025/Set,149539.13
350940,CAJURU,2025/Out,162461.5
350940,CAJURU,2025/Nov,138562.4
350940,CAJURU,2025/Dez,132179.43
350940,CAJURU,2026/Jan,128389.01
350940,CAJURU,2026/Fev,139103.86
350940,CAJURU,2026/Mar,120639.26
350940,CAJURU,2026/Abr,128018.79
350940,CAJURU,2026/Mai,142497.55
350940,CAJURU,2026/Jun,396204.39
350950,CAMPINAS,2025/Jul,20662755.66
350950,CAMPINAS,2025/Ago,21119388.35
350950,CAMPINAS,2025/Set,21545308.63
350950,CAMPINAS,2025/Out,21468880.86
350950,CAMPINAS,2025/Nov,22250037.12
350950,CAMPINAS,2025/Dez,17380522.24
350950,CAMPINAS,2026/Jan,17983930.0
350950,CAMPINAS,2026/Fev,20766864.5
350950,CAMPINAS,2026/Mar,22354975.01
350950,CAMPINAS,2026/Abr,21979644.83
350950,CAMPINAS,2026/Mai,18866997.91
350950,CAMPINAS,2026/Jun,20214902.71
350960,CAMPO LIMPO PAULISTA,2025/Jul,333541.47
350960,CAMPO LIMPO PAULISTA,2025/Ago,257161.09
350960,CAMPO LIMPO PAULISTA,2025/Set,265807.22
350960,CAMPO LIMPO PAULISTA,2025/Out,278490.57
350960,CAMPO LIMPO PAULISTA,2025/Nov,214354.99
350960,CAMPO LIMPO PAULISTA,2025/Dez,406772.11
350960,CAMPO LIMPO PAULISTA,2026/Jan,326091.66
350960,CAMPO LIMPO PAULISTA,2026/Fev,283829.41
350960,CAMPO LIMPO PAULISTA,2026/Mar,306660.51
350960,CAMPO LIMPO PAULISTA,2026/Abr,353665.77
350960,CAMPO LIMPO PAULISTA,2026/Mai,390478.9
350960,CAMPO LIMPO PAULISTA,2026/Jun,312778.35
350970,CAMPOS DO JORDAO,2025/Jul,456149.79
350970,CAMPOS DO JORDAO,2025/Ago,484043.69
350970,CAMPOS DO JORDAO,2025/Set,449173.73
350970,CAMPOS DO JORDAO,2025/Out,463941.68
350970,CAMPOS DO JORDAO,2025/Nov,448985.97
350970,CAMPOS DO JORDAO,2025/Dez,437604.41
350970,CAMPOS DO JORDAO,2026/Jan,444831.96
350970,CAMPOS DO JORDAO,2026/Fev,410099.98
350970,CAMPOS DO JORDAO,2026/Mar,439048.16
350970,CAMPOS DO JORDAO,2026/Abr,386986.1
350970,CAMPOS DO JORDAO,2026/Mai,519982.77
350970,CAMPOS DO JORDAO,2026/Jun,423051.57
351000,CANDIDO MOTA,2025/Jul,192120.2
351000,CANDIDO MOTA,2025/Ago,107576.29
351000,CANDIDO MOTA,2025/Set,190387.9
351000,CANDIDO MOTA,2025/Out,162361.87
351000,CANDIDO MOTA,2025/Nov,144313.17
351000,CANDIDO MOTA,2025/Dez,132362.06
351000,CANDIDO MOTA,2026/Jan,170460.07
351000,CANDIDO MOTA,2026/Fev,128958.19
351000,CANDIDO MOTA,2026/Mar,166360.83
351000,CANDIDO MOTA,2026/Abr,257736.33
351000,CANDIDO MOTA,2026/Mai,347832.65
351000,CANDIDO MOTA,2026/Jun,364077.63
351020,CAPAO BONITO,2025/Jul,244960.72
351020,CAPAO BONITO,2025/Ago,280890.64
351020,CAPAO BONITO,2025/Set,292737.55
351020,CAPAO BONITO,2025/Out,255845.08
351020,CAPAO BONITO,2025/Nov,224043.22
351020,CAPAO BONITO,2025/Dez,248098.19
351020,CAPAO BONITO,2026/Jan,239984.93
351020,CAPAO BONITO,2026/Fev,247877.96
351020,CAPAO BONITO,2026/Mar,214680.06
351020,CAPAO BONITO,2026/Abr,202342.87
351020,CAPAO BONITO,2026/Mai,241392.42
351020,CAPAO BONITO,2026/Jun,242317.52
351040,CAPIVARI,2025/Jul,231023.45
351040,CAPIVARI,2025/Ago,274566.39
351040,CAPIVARI,2025/Set,275834.63
351040,CAPIVARI,2025/Out,325576.15
351040,CAPIVARI,2025/Nov,291087.28
351040,CAPIVARI,2025/Dez,245355.14
351040,CAPIVARI,2026/Jan,187585.63
351040,CAPIVARI,2026/Fev,215224.61
351040,CAPIVARI,2026/Mar,294396.59
351040,CAPIVARI,2026/Abr,269396.02
351040,CAPIVARI,2026/Mai,244829.43
351040,CAPIVARI,2026/Jun,196122.35
351050,CARAGUATATUBA,2025/Jul,2522247.02
351050,CARAGUATATUBA,2025/Ago,2803433.45
351050,CARAGUATATUBA,2025/Set,2194528.24
351050,CARAGUATATUBA,2025/Out,2801276.14
351050,CARAGUATATUBA,2025/Nov,2566167.99
351050,CARAGUATATUBA,2025/Dez,2363539.06
351050,CARAGUATATUBA,2026/Jan,2562916.38
351050,CARAGUATATUBA,2026/Fev,2043237.58
351050,CARAGUATATUBA,2026/Mar,2903055.76
351050,CARAGUATATUBA,2026/Abr,2668924.95
351050,CARAGUATATUBA,2026/Mai,2424598.37
351050,CARAGUATATUBA,2026/Jun,2520684.22
351060,CARAPICUIBA,2025/Jul,1885930.94
351060,CARAPICUIBA,2025/Ago,2056454.47
351060,CARAPICUIBA,2025/Set,944556.77
351060,CARAPICUIBA,2025/Out,2027997.83
351060,CARAPICUIBA,2025/Nov,1497508.16
351060,CARAPICUIBA,2025/Dez,1455906.31
351060,CARAPICUIBA,2026/Jan,1535114.73
351060,CARAPICUIBA,2026/Fev,1596872.74
351060,CARAPICUIBA,2026/Mar,1591879.73
351060,CARAPICUIBA,2026/Abr,1564084.89
351060,CARAPICUIBA,2026/Mai,1673514.97
351060,CARAPICUIBA,2026/Jun,1795773.93
351070,CARDOSO,2025/Jul,16363.09
351070,CARDOSO,2025/Ago,13114.46
351070,CARDOSO,2025/Set,15952.48
351070,CARDOSO,2025/Out,13803.44
351070,CARDOSO,2025/Nov,14716.5
351070,CARDOSO,2025/Dez,11016.71
351070,CARDOSO,2026/Jan,8717.54
351070,CARDOSO,2026/Fev,8057.6
351070,CARDOSO,2026/Mar,15968.48
351070,CARDOSO,2026/Abr,20078.65
351070,CARDOSO,2026/Mai,11341.19
351070,CARDOSO,2026/Jun,12865.68
351080,CASA BRANCA,2025/Jul,242429.86
351080,CASA BRANCA,2025/Ago,263703.14
351080,CASA BRANCA,2025/Set,233428.55
351080,CASA BRANCA,2025/Out,214434.91
351080,CASA BRANCA,2025/Nov,198903.04
351080,CASA BRANCA,2025/Dez,208724.39
351080,CASA BRANCA,2026/Jan,167441.7
351080,CASA BRANCA,2026/Fev,154924.22
351080,CASA BRANCA,2026/Mar,152857.57
351080,CASA BRANCA,2026/Abr,143033.08
351080,CASA BRANCA,2026/Mai,197090.82
351080,CASA BRANCA,2026/Jun,175618.36
351100,CASTILHO,2025/Jul,48893.23
351100,CASTILHO,2025/Ago,65863.82
351100,CASTILHO,2025/Set,56096.25
351100,CASTILHO,2025/Out,65016.99
351100,CASTILHO,2025/Nov,46871.02
351100,CASTILHO,2025/Dez,43242.15
351100,CASTILHO,2026/Jan,34237.01
351100,CASTILHO,2026/Fev,35946.3
351100,CASTILHO,2026/Mar,45049.54
351100,CASTILHO,2026/Abr,33570.14
351100,CASTILHO,2026/Mai,21889.77
351100,CASTILHO,2026/Jun,13489.25
351110,CATANDUVA,2025/Jul,3842008.01
351110,CATANDUVA,2025/Ago,3585483.71
351110,CATANDUVA,2025/Set,3633770.68
351110,CATANDUVA,2025/Out,3908369.79
351110,CATANDUVA,2025/Nov,2520434.24
351110,CATANDUVA,2025/Dez,4335502.02
351110,CATANDUVA,2026/Jan,3408388.29
351110,CATANDUVA,2026/Fev,4223251.28
351110,CATANDUVA,2026/Mar,3965364.18
351110,CATANDUVA,2026/Abr,3677430.29
351110,CATANDUVA,2026/Mai,3958505.41
351110,CATANDUVA,2026/Jun,4067296.68
351140,CERQUEIRA CESAR,2025/Jul,73341.92
351140,CERQUEIRA CESAR,2025/Ago,71023.87
351140,CERQUEIRA CESAR,2025/Set,78406.22
351140,CERQUEIRA CESAR,2025/Out,73703.51
351140,CERQUEIRA CESAR,2025/Nov,66790.73
351140,CERQUEIRA CESAR,2025/Dez,59246.25
351140,CERQUEIRA CESAR,2026/Jan,74558.37
351140,CERQUEIRA CESAR,2026/Fev,68407.67
351140,CERQUEIRA CESAR,2026/Mar,90151.7
351140,CERQUEIRA CESAR,2026/Abr,70916.32
351140,CERQUEIRA CESAR,2026/Mai,59093.73
351140,CERQUEIRA CESAR,2026/Jun,71286.92
351150,CERQUILHO,2025/Jul,17192.54
351150,CERQUILHO,2025/Ago,27994.24
351150,CERQUILHO,2025/Set,42522.18
351150,CERQUILHO,2025/Out,25428.7
351150,CERQUILHO,2025/Nov,72769.12
351150,CERQUILHO,2025/Dez,43490.49
351150,CERQUILHO,2026/Jan,28044.78
351150,CERQUILHO,2026/Fev,42322.01
351150,CERQUILHO,2026/Mar,30708.75
351150,CERQUILHO,2026/Abr,39362.6
351150,CERQUILHO,2026/Mai,51664.12
351150,CERQUILHO,2026/Jun,72459.42
351160,CESARIO LANGE,2025/Jul,24538.88
351160,CESARIO LANGE,2025/Ago,24684.67
351160,CESARIO LANGE,2025/Set,24348.36
351160,CESARIO LANGE,2025/Out,21540.93
351160,CESARIO LANGE,2025/Nov,29111.26
351160,CESARIO LANGE,2025/Dez,22247.04
351160,CESARIO LANGE,2026/Jan,18803.31
351160,CESARIO LANGE,2026/Fev,22673.05
351160,CESARIO LANGE,2026/Mar,27702.35
351160,CESARIO LANGE,2026/Abr,24328.32
351160,CESARIO LANGE,2026/Mai,25817.93
351160,CESARIO LANGE,2026/Jun,24585.14
351170,CHARQUEADA,2025/Jul,8982.28
351170,CHARQUEADA,2025/Ago,7618.51
351170,CHARQUEADA,2025/Set,9427.87
351170,CHARQUEADA,2025/Out,4844.94
351170,CHARQUEADA,2025/Nov,6128.27
351170,CHARQUEADA,2025/Dez,5606.11
351170,CHARQUEADA,2026/Jan,6865.06
351170,CHARQUEADA,2026/Fev,7883.57
351170,CHARQUEADA,2026/Mar,4967.41
351170,CHARQUEADA,2026/Abr,7739.81
351170,CHARQUEADA,2026/Mai,10631.67
351170,CHARQUEADA,2026/Jun,6276.19
351190,CLEMENTINA,2025/Jul,10639.9
351190,CLEMENTINA,2025/Ago,6627.06
351190,CLEMENTINA,2025/Set,7811.23
351190,CLEMENTINA,2025/Out,10283.33
351190,CLEMENTINA,2025/Nov,5911.73
351190,CLEMENTINA,2025/Dez,5056.87
351190,CLEMENTINA,2026/Jan,6859.0
351190,CLEMENTINA,2026/Fev,3902.46
351190,CLEMENTINA,2026/Mar,8842.83
351190,CLEMENTINA,2026/Abr,6481.05
351190,CLEMENTINA,2026/Mai,12067.99
351190,CLEMENTINA,2026/Jun,8840.67
351200,COLINA,2025/Jul,173656.3
351200,COLINA,2025/Ago,124236.3
351200,COLINA,2025/Set,138134.34
351200,COLINA,2025/Out,242248.72
351200,COLINA,2025/Nov,154859.17
351200,COLINA,2025/Dez,118773.19
351200,COLINA,2026/Jan,120932.81
351200,COLINA,2026/Fev,106970.76
351200,COLINA,2026/Mar,297339.13
351200,COLINA,2026/Abr,150049.33
351200,COLINA,2026/Mai,140529.38
351200,COLINA,2026/Jun,251965.67
351210,COLOMBIA,2025/Jul,265.32
351210,COLOMBIA,2025/Ago,349.62
351210,COLOMBIA,2025/Set,132.66
351210,COLOMBIA,2025/Out,257.56
351210,COLOMBIA,2025/Nov,265.32
351210,COLOMBIA,2025/Dez,349.62
351220,CONCHAL,2025/Jul,118164.42
351220,CONCHAL,2025/Ago,171245.37
351220,CONCHAL,2025/Set,115947.81
351220,CONCHAL,2025/Out,292271.48
351220,CONCHAL,2025/Nov,264175.73
351220,CONCHAL,2025/Dez,131611.09
351220,CONCHAL,2026/Jan,119073.45
351220,CONCHAL,2026/Fev,58295.58
351220,CONCHAL,2026/Mar,93968.0
351220,CONCHAL,2026/Abr,82726.08
351220,CONCHAL,2026/Mai,125638.97
351220,CONCHAL,2026/Jun,133824.45
351230,CONCHAS,2025/Jul,16224.15
351230,CONCHAS,2025/Ago,10753.14
351230,CONCHAS,2025/Set,11998.93
351230,CONCHAS,2025/Out,9645.82
351230,CONCHAS,2025/Nov,8701.16
351230,CONCHAS,2025/Dez,5960.79
351230,CONCHAS,2026/Jan,6178.56
351230,CONCHAS,2026/Fev,7416.67
351230,CONCHAS,2026/Mar,12863.47
351230,CONCHAS,2026/Abr,7088.92
351230,CONCHAS,2026/Mai,11435.85
351230,CONCHAS,2026/Jun,15657.87
351280,COSMOPOLIS,2025/Jul,118471.96
351280,COSMOPOLIS,2025/Ago,164471.78
351280,COSMOPOLIS,2025/Set,174434.55
351280,COSMOPOLIS,2025/Out,157952.99
351280,COSMOPOLIS,2025/Nov,166207.95
351280,COSMOPOLIS,2025/Dez,158777.48
351280,COSMOPOLIS,2026/Jan,145532.05
351280,COSMOPOLIS,2026/Fev,161868.39
351280,COSMOPOLIS,2026/Mar,125374.93
351280,COSMOPOLIS,2026/Abr,138970.36
351280,COSMOPOLIS,2026/Mai,126793.52
351280,COSMOPOLIS,2026/Jun,154411.32
351300,COTIA,2025/Jul,1133198.81
351300,COTIA,2025/Ago,1310876.36
351300,COTIA,2025/Set,622240.79
351300,COTIA,2025/Out,1611089.28
351300,COTIA,2025/Nov,982431.53
351300,COTIA,2025/Dez,1254955.34
351300,COTIA,2026/Jan,995071.39
351300,COTIA,2026/Fev,1047326.6
351300,COTIA,2026/Mar,915240.93
351300,COTIA,2026/Abr,1158508.94
351300,COTIA,2026/Mai,1082299.91
351300,COTIA,2026/Jun,1012658.57
351310,CRAVINHOS,2025/Jul,16049.4
351310,CRAVINHOS,2025/Ago,13470.53
351310,CRAVINHOS,2025/Set,15734.54
351310,CRAVINHOS,2025/Out,13043.41
351310,CRAVINHOS,2025/Nov,7040.61
351310,CRAVINHOS,2025/Dez,6302.69
351310,CRAVINHOS,2026/Jan,6724.83
351310,CRAVINHOS,2026/Fev,9897.88
351340,CRUZEIRO,2025/Jul,676759.3
351340,CRUZEIRO,2025/Ago,753711.07
351340,CRUZEIRO,2025/Set,666704.91
351340,CRUZEIRO,2025/Out,617815.72
351340,CRUZEIRO,2025/Nov,587444.35
351340,CRUZEIRO,2025/Dez,647903.78
351340,CRUZEIRO,2026/Jan,793491.8
351340,CRUZEIRO,2026/Fev,647472.17
351340,CRUZEIRO,2026/Mar,699402.37
351340,CRUZEIRO,2026/Abr,624144.48
351340,CRUZEIRO,2026/Mai,702972.3
351340,CRUZEIRO,2026/Jun,796075.11
351350,CUBATAO,2025/Jul,685618.62
351350,CUBATAO,2025/Ago,670971.85
351350,CUBATAO,2025/Set,711444.7
351350,CUBATAO,2025/Out,794562.22
351350,CUBATAO,2025/Nov,733521.8
351350,CUBATAO,2025/Dez,667611.08
351350,CUBATAO,2026/Jan,672963.97
351350,CUBATAO,2026/Fev,702807.86
351350,CUBATAO,2026/Mar,629023.36
351350,CUBATAO,2026/Abr,718072.03
351350,CUBATAO,2026/Mai,664715.84
351350,CUBATAO,2026/Jun,598073.16
351360,CUNHA,2025/Jul,72503.26
351360,CUNHA,2025/Ago,71904.01
351360,CUNHA,2025/Set,66031.36
351360,CUNHA,2025/Out,76035.36
351360,CUNHA,2025/Nov,64861.93
351360,CUNHA,2025/Dez,66139.96
351360,CUNHA,2026/Jan,70752.59
351360,CUNHA,2026/Fev,62755.24
351360,CUNHA,2026/Mar,64137.49
351360,CUNHA,2026/Abr,60702.6
351360,CUNHA,2026/Mai,79843.26
351360,CUNHA,2026/Jun,61344.19
351370,DESCALVADO,2025/Jul,137627.78
351370,DESCALVADO,2025/Ago,95781.54
351370,DESCALVADO,2025/Set,179703.83
351370,DESCALVADO,2025/Out,130017.52
351370,DESCALVADO,2025/Nov,98865.31
351370,DESCALVADO,2025/Dez,78906.24
351370,DESCALVADO,2026/Jan,80870.14
351370,DESCALVADO,2026/Fev,116229.04
351370,DESCALVADO,2026/Mar,130746.0
351370,DESCALVADO,2026/Abr,121366.42
351370,DESCALVADO,2026/Mai,106342.45
351370,DESCALVADO,2026/Jun,143375.97
351380,DIADEMA,2025/Jul,3191395.49
351380,DIADEMA,2025/Ago,3286059.92
351380,DIADEMA,2025/Set,3495084.72
351380,DIADEMA,2025/Out,3269286.43
351380,DIADEMA,2025/Nov,2829425.28
351380,DIADEMA,2025/Dez,3258222.0
351380,DIADEMA,2026/Jan,2626685.58
351380,DIADEMA,2026/Fev,2652671.14
351380,DIADEMA,2026/Mar,3094778.37
351380,DIADEMA,2026/Abr,2906086.35
351380,DIADEMA,2026/Mai,2817405.24
351380,DIADEMA,2026/Jun,3593322.98
351390,DIVINOLANDIA,2025/Jul,838140.05
351390,DIVINOLANDIA,2025/Ago,823710.46
351390,DIVINOLANDIA,2025/Set,813452.46
351390,DIVINOLANDIA,2025/Out,861731.48
351390,DIVINOLANDIA,2025/Nov,767676.12
351390,DIVINOLANDIA,2025/Dez,555275.8
351390,DIVINOLANDIA,2026/Jan,686670.23
351390,DIVINOLANDIA,2026/Fev,723355.06
351390,DIVINOLANDIA,2026/Mar,811250.66
351390,DIVINOLANDIA,2026/Abr,646870.62
351390,DIVINOLANDIA,2026/Mai,802020.73
351390,DIVINOLANDIA,2026/Jun,663621.83
351410,DOIS CORREGOS,2025/Jul,77289.07
351410,DOIS CORREGOS,2025/Ago,83849.01
351410,DOIS CORREGOS,2025/Set,48902.13
351410,DOIS CORREGOS,2025/Out,35235.59
351410,DOIS CORREGOS,2025/Nov,45774.81
351410,DOIS CORREGOS,2025/Dez,59145.73
351410,DOIS CORREGOS,2026/Jan,43167.9
351410,DOIS CORREGOS,2026/Fev,40628.14
351410,DOIS CORREGOS,2026/Mar,54212.11
351410,DOIS CORREGOS,2026/Abr,41149.4
351410,DOIS CORREGOS,2026/Mai,44380.55
351410,DOIS CORREGOS,2026/Jun,60406.61
351440,DRACENA,2025/Jul,584377.39
351440,DRACENA,2025/Ago,444571.1
351440,DRACENA,2025/Set,608539.08
351440,DRACENA,2025/Out,536121.14
351440,DRACENA,2025/Nov,474112.88
351440,DRACENA,2025/Dez,564462.47
351440,DRACENA,2026/Jan,582284.22
351440,DRACENA,2026/Fev,492258.06
351440,DRACENA,2026/Mar,588725.83
351440,DRACENA,2026/Abr,509398.29
351440,DRACENA,2026/Mai,591030.64
351440,DRACENA,2026/Jun,672377.69
351450,DUARTINA,2025/Jul,43714.42
351450,DUARTINA,2025/Ago,44261.2
351450,DUARTINA,2025/Set,38837.74
351450,DUARTINA,2025/Out,36749.66
351450,DUARTINA,2025/Nov,30923.97
351450,DUARTINA,2025/Dez,30874.29
351450,DUARTINA,2026/Jan,32192.13
351450,DUARTINA,2026/Fev,25077.22
351450,DUARTINA,2026/Mar,34104.35
351450,DUARTINA,2026/Abr,32331.78
351450,DUARTINA,2026/Mai,30984.32
351450,DUARTINA,2026/Jun,33194.78
351500,EMBU DAS ARTES,2025/Jul,131936.82
351500,EMBU DAS ARTES,2025/Ago,191322.94
351500,EMBU DAS ARTES,2025/Set,129422.98
351500,EMBU DAS ARTES,2025/Out,137116.71
351500,EMBU DAS ARTES,2025/Nov,138198.91
351500,EMBU DAS ARTES,2025/Dez,99753.47
351500,EMBU DAS ARTES,2026/Jan,69615.08
351500,EMBU DAS ARTES,2026/Fev,138586.11
351500,EMBU DAS ARTES,2026/Mar,78014.81
351500,EMBU DAS ARTES,2026/Abr,132662.32
351500,EMBU DAS ARTES,2026/Mai,136229.12
351500,EMBU DAS ARTES,2026/Jun,159131.42
351510,EMBU-GUACU,2025/Jul,41079.62
351510,EMBU-GUACU,2025/Ago,41678.1
351510,EMBU-GUACU,2025/Set,43209.74
351510,EMBU-GUACU,2025/Out,42414.94
351510,EMBU-GUACU,2025/Nov,49043.98
351510,EMBU-GUACU,2025/Dez,46759.24
351510,EMBU-GUACU,2026/Jan,35409.37
351510,EMBU-GUACU,2026/Fev,31665.58
351510,EMBU-GUACU,2026/Mar,38035.49
351510,EMBU-GUACU,2026/Abr,33022.91
351510,EMBU-GUACU,2026/Mai,30220.51
351510,EMBU-GUACU,2026/Jun,40591.51
351518,ESPIRITO SANTO DO PINHAL,2025/Jul,876543.09
351518,ESPIRITO SANTO DO PINHAL,2025/Ago,911320.17
351518,ESPIRITO SANTO DO PINHAL,2025/Set,886484.06
351518,ESPIRITO SANTO DO PINHAL,2025/Out,922091.78
351518,ESPIRITO SANTO DO PINHAL,2025/Nov,815898.91
351518,ESPIRITO SANTO DO PINHAL,2025/Dez,877400.38
351518,ESPIRITO SANTO DO PINHAL,2026/Jan,894283.23
351518,ESPIRITO SANTO DO PINHAL,2026/Fev,816490.02
351518,ESPIRITO SANTO DO PINHAL,2026/Mar,891808.69
351518,ESPIRITO SANTO DO PINHAL,2026/Abr,862297.98
351518,ESPIRITO SANTO DO PINHAL,2026/Mai,860329.08
351518,ESPIRITO SANTO DO PINHAL,2026/Jun,843947.72
351520,ESTRELA D'OESTE,2025/Jul,40375.89
351520,ESTRELA D'OESTE,2025/Ago,29635.12
351520,ESTRELA D'OESTE,2025/Set,34103.68
351520,ESTRELA D'OESTE,2025/Out,32998.0
351520,ESTRELA D'OESTE,2025/Nov,32911.17
351520,ESTRELA D'OESTE,2025/Dez,24057.56
351520,ESTRELA D'OESTE,2026/Jan,21528.21
351520,ESTRELA D'OESTE,2026/Fev,24381.13
351520,ESTRELA D'OESTE,2026/Mar,21910.13
351520,ESTRELA D'OESTE,2026/Abr,25187.83
351520,ESTRELA D'OESTE,2026/Mai,24855.31
351520,ESTRELA D'OESTE,2026/Jun,19975.03
351540,FARTURA,2025/Jul,32098.43
351540,FARTURA,2025/Ago,36327.25
351540,FARTURA,2025/Set,28814.44
351540,FARTURA,2025/Out,49305.21
351540,FARTURA,2025/Nov,53376.42
351540,FARTURA,2025/Dez,44788.04
351540,FARTURA,2026/Jan,26210.8
351540,FARTURA,2026/Fev,19461.94
351540,FARTURA,2026/Mar,20050.28
351540,FARTURA,2026/Abr,27793.72
351540,FARTURA,2026/Mai,27478.22
351540,FARTURA,2026/Jun,27104.21
351550,FERNANDOPOLIS,2025/Jul,754521.06
351550,FERNANDOPOLIS,2025/Ago,592217.11
351550,FERNANDOPOLIS,2025/Set,750325.44
351550,FERNANDOPOLIS,2025/Out,836372.39
351550,FERNANDOPOLIS,2025/Nov,817701.67
351550,FERNANDOPOLIS,2025/Dez,687892.66
351550,FERNANDOPOLIS,2026/Jan,815912.44
351550,FERNANDOPOLIS,2026/Fev,694495.62
351550,FERNANDOPOLIS,2026/Mar,646402.26
351550,FERNANDOPOLIS,2026/Abr,771591.1
351550,FERNANDOPOLIS,2026/Mai,719710.44
351550,FERNANDOPOLIS,2026/Jun,872783.18
351570,FERRAZ DE VASCONCELOS,2025/Jul,857046.51
351570,FERRAZ DE VASCONCELOS,2025/Ago,656857.81
351570,FERRAZ DE VASCONCELOS,2025/Set,607899.2
351570,FERRAZ DE VASCONCELOS,2025/Out,871403.88
351570,FERRAZ DE VASCONCELOS,2025/Nov,755478.4
351570,FERRAZ DE VASCONCELOS,2025/Dez,374296.26
351570,FERRAZ DE VASCONCELOS,2026/Jan,337121.3
351570,FERRAZ DE VASCONCELOS,2026/Fev,651921.66
351570,FERRAZ DE VASCONCELOS,2026/Mar,398819.44
351570,FERRAZ DE VASCONCELOS,2026/Abr,788779.61
351570,FERRAZ DE VASCONCELOS,2026/Mai,854624.97
351570,FERRAZ DE VASCONCELOS,2026/Jun,701000.25
351600,FLORIDA PAULISTA,2025/Jul,27168.91
351600,FLORIDA PAULISTA,2025/Ago,27231.31
351600,FLORIDA PAULISTA,2025/Set,26902.89
351600,FLORIDA PAULISTA,2025/Out,25279.57
351600,FLORIDA PAULISTA,2025/Nov,27247.36
351600,FLORIDA PAULISTA,2025/Dez,35182.33
351600,FLORIDA PAULISTA,2026/Jan,28716.71
351600,FLORIDA PAULISTA,2026/Fev,26909.94
351600,FLORIDA PAULISTA,2026/Mar,26977.69
351600,FLORIDA PAULISTA,2026/Abr,25744.33
351600,FLORIDA PAULISTA,2026/Mai,27903.06
351600,FLORIDA PAULISTA,2026/Jun,29054.35
351620,FRANCA,2025/Jul,5274274.92
351620,FRANCA,2025/Ago,5399129.25
351620,FRANCA,2025/Set,5648470.11
351620,FRANCA,2025/Out,5519065.23
351620,FRANCA,2025/Nov,4875791.3
351620,FRANCA,2025/Dez,5807636.25
351620,FRANCA,2026/Jan,5084575.92
351620,FRANCA,2026/Fev,4542370.51
351620,FRANCA,2026/Mar,5497428.79
351620,FRANCA,2026/Abr,5426018.19
351620,FRANCA,2026/Mai,5543888.88
351620,FRANCA,2026/Jun,4931824.27
351630,FRANCISCO MORATO,2025/Jul,1041533.58
351630,FRANCISCO MORATO,2025/Ago,1124513.9
351630,FRANCISCO MORATO,2025/Set,596637.34
351630,FRANCISCO MORATO,2025/Out,1741439.81
351630,FRANCISCO MORATO,2025/Nov,907742.52
351630,FRANCISCO MORATO,2025/Dez,1291429.76
351630,FRANCISCO MORATO,2026/Jan,1146108.02
351630,FRANCISCO MORATO,2026/Fev,1013773.6
351630,FRANCISCO MORATO,2026/Mar,979722.4
351630,FRANCISCO MORATO,2026/Abr,1154025.66
351630,FRANCISCO MORATO,2026/Mai,1205070.46
351630,FRANCISCO MORATO,2026/Jun,1046975.65
351640,FRANCO DA ROCHA,2025/Jul,1001503.82
351640,FRANCO DA ROCHA,2025/Ago,1082201.46
351640,FRANCO DA ROCHA,2025/Set,826565.58
351640,FRANCO DA ROCHA,2025/Out,1006221.72
351640,FRANCO DA ROCHA,2025/Nov,1109737.48
351640,FRANCO DA ROCHA,2025/Dez,885349.44
351640,FRANCO DA ROCHA,2026/Jan,999298.54
351640,FRANCO DA ROCHA,2026/Fev,985283.07
351640,FRANCO DA ROCHA,2026/Mar,1081698.27
351640,FRANCO DA ROCHA,2026/Abr,1023103.32
351640,FRANCO DA ROCHA,2026/Mai,946906.8
351640,FRANCO DA ROCHA,2026/Jun,1174179.65
351660,GALIA,2025/Jul,12712.02
351660,GALIA,2025/Ago,4531.53
351660,GALIA,2025/Set,4792.76
351660,GALIA,2025/Out,3859.0
351660,GALIA,2025/Nov,6272.2
351660,GALIA,2025/Dez,6622.91
351660,GALIA,2026/Jan,8255.13
351660,GALIA,2026/Fev,4444.8
351660,GALIA,2026/Mar,5249.03
351660,GALIA,2026/Abr,4800.76
351660,GALIA,2026/Mai,2709.53
351660,GALIA,2026/Jun,1747.39
351670,GARCA,2025/Jul,600258.23
351670,GARCA,2025/Ago,611739.18
351670,GARCA,2025/Set,542099.27
351670,GARCA,2025/Out,482899.42
351670,GARCA,2025/Nov,444951.41
351670,GARCA,2025/Dez,510645.47
351670,GARCA,2026/Jan,625681.44
351670,GARCA,2026/Fev,463225.38
351670,GARCA,2026/Mar,490584.03
351670,GARCA,2026/Abr,504161.58
351670,GARCA,2026/Mai,428662.44
351670,GARCA,2026/Jun,528192.61
351690,GENERAL SALGADO,2025/Jul,23959.91
351690,GENERAL SALGADO,2025/Ago,26977.2
351690,GENERAL SALGADO,2025/Set,16035.83
351690,GENERAL SALGADO,2025/Out,17225.21
351690,GENERAL SALGADO,2025/Nov,16406.25
351690,GENERAL SALGADO,2025/Dez,20547.15
351690,GENERAL SALGADO,2026/Jan,20556.68
351690,GENERAL SALGADO,2026/Fev,23779.89
351690,GENERAL SALGADO,2026/Mar,16967.34
351690,GENERAL SALGADO,2026/Abr,13751.36
351690,GENERAL SALGADO,2026/Mai,22381.39
351690,GENERAL SALGADO,2026/Jun,20675.62
351700,GETULINA,2025/Jul,14964.65
351700,GETULINA,2025/Ago,13112.69
351700,GETULINA,2025/Set,15332.14
351700,GETULINA,2025/Out,13171.74
351700,GETULINA,2025/Nov,10891.47
351700,GETULINA,2025/Dez,7775.09
351700,GETULINA,2026/Jan,9883.21
351700,GETULINA,2026/Fev,9697.25
351700,GETULINA,2026/Mar,8899.83
351700,GETULINA,2026/Abr,8163.56
351700,GETULINA,2026/Mai,7540.85
351700,GETULINA,2026/Jun,6028.07
351740,GUAIRA,2025/Jul,445553.55
351740,GUAIRA,2025/Ago,468803.37
351740,GUAIRA,2025/Set,510151.29
351740,GUAIRA,2025/Out,411778.58
351740,GUAIRA,2025/Nov,488985.73
351740,GUAIRA,2025/Dez,442591.97
351740,GUAIRA,2026/Jan,383754.32
351740,GUAIRA,2026/Fev,317968.96
351740,GUAIRA,2026/Mar,493742.95
351740,GUAIRA,2026/Abr,457403.13
351740,GUAIRA,2026/Mai,474891.84
351740,GUAIRA,2026/Jun,575823.77
351760,GUAPIARA,2025/Jul,10361.03
351760,GUAPIARA,2025/Ago,10397.31
351760,GUAPIARA,2025/Set,9226.44
351760,GUAPIARA,2025/Out,10994.13
351760,GUAPIARA,2025/Nov,13829.02
351760,GUAPIARA,2025/Dez,6727.45
351760,GUAPIARA,2026/Jan,9814.49
351760,GUAPIARA,2026/Fev,12310.53
351760,GUAPIARA,2026/Mar,9257.43
351760,GUAPIARA,2026/Abr,5200.86
351760,GUAPIARA,2026/Mai,7701.1
351760,GUAPIARA,2026/Jun,8821.0
351770,GUARA,2025/Jul,48505.65
351770,GUARA,2025/Ago,33898.92
351770,GUARA,2025/Set,37723.66
351770,GUARA,2025/Out,41729.71
351770,GUARA,2025/Nov,32758.9
351770,GUARA,2025/Dez,45461.3
351770,GUARA,2026/Jan,23294.29
351770,GUARA,2026/Fev,23923.13
351770,GUARA,2026/Mar,20226.4
351770,GUARA,2026/Abr,27430.44
351770,GUARA,2026/Mai,24462.12
351770,GUARA,2026/Jun,37872.53
351780,GUARACAI,2025/Jul,26357.83
351780,GUARACAI,2025/Ago,19091.73
351780,GUARACAI,2025/Set,23820.89
351780,GUARACAI,2025/Out,23443.8
351780,GUARACAI,2025/Nov,22117.32
351780,GUARACAI,2025/Dez,20062.1
351780,GUARACAI,2026/Jan,10500.72
351780,GUARACAI,2026/Fev,22700.02
351780,GUARACAI,2026/Mar,22384.21
351780,GUARACAI,2026/Abr,30326.97
351780,GUARACAI,2026/Mai,20887.65
351780,GUARACAI,2026/Jun,23875.61
351820,GUARARAPES,2025/Jul,68537.1
351820,GUARARAPES,2025/Ago,70936.01
351820,GUARARAPES,2025/Set,65008.8
351820,GUARARAPES,2025/Out,81375.53
351820,GUARARAPES,2025/Nov,61139.02
351820,GUARARAPES,2025/Dez,72443.54
351820,GUARARAPES,2026/Jan,80920.05
351820,GUARARAPES,2026/Fev,55467.83
351820,GUARARAPES,2026/Mar,65947.21
351820,GUARARAPES,2026/Abr,54800.78
351820,GUARARAPES,2026/Mai,62701.59
351820,GUARARAPES,2026/Jun,76148.7
351830,GUARAREMA,2025/Jul,46316.45
351830,GUARAREMA,2025/Ago,59459.64
351830,GUARAREMA,2025/Set,54464.25
351830,GUARAREMA,2025/Out,44713.35
351830,GUARAREMA,2025/Nov,40074.46
351830,GUARAREMA,2025/Dez,46953.8
351830,GUARAREMA,2026/Jan,48370.69
351830,GUARAREMA,2026/Fev,40914.92
351830,GUARAREMA,2026/Mar,48653.0
351830,GUARAREMA,2026/Abr,54827.53
351830,GUARAREMA,2026/Mai,58255.57
351830,GUARAREMA,2026/Jun,49046.06
351840,GUARATINGUETA,2025/Jul,1145465.82
351840,GUARATINGUETA,2025/Ago,928680.2
351840,GUARATINGUETA,2025/Set,934571.59
351840,GUARATINGUETA,2025/Out,1061989.21
351840,GUARATINGUETA,2025/Nov,1003040.36
351840,GUARATINGUETA,2025/Dez,918773.55
351840,GUARATINGUETA,2026/Jan,1284088.3
351840,GUARATINGUETA,2026/Fev,2301980.99
351840,GUARATINGUETA,2026/Mar,1553669.02
351840,GUARATINGUETA,2026/Abr,1821682.22
351840,GUARATINGUETA,2026/Mai,2144775.3
351840,GUARATINGUETA,2026/Jun,2237148.27
351860,GUARIBA,2025/Jul,63768.88
351860,GUARIBA,2025/Ago,49976.25
351860,GUARIBA,2025/Set,52751.7
351860,GUARIBA,2025/Out,65963.97
351860,GUARIBA,2025/Nov,61342.04
351860,GUARIBA,2025/Dez,58745.47
351860,GUARIBA,2026/Jan,53017.27
351860,GUARIBA,2026/Fev,41351.16
351860,GUARIBA,2026/Mar,64753.04
351860,GUARIBA,2026/Abr,58489.38
351860,GUARIBA,2026/Mai,73469.75
351860,GUARIBA,2026/Jun,66206.93
351870,GUARUJA,2025/Jul,2363856.94
351870,GUARUJA,2025/Ago,2529676.13
351870,GUARUJA,2025/Set,2333786.13
351870,GUARUJA,2025/Out,2582931.99
351870,GUARUJA,2025/Nov,2004153.77
351870,GUARUJA,2025/Dez,2544849.32
351870,GUARUJA,2026/Jan,2404329.92
351870,GUARUJA,2026/Fev,2215033.52
351870,GUARUJA,2026/Mar,2273775.02
351870,GUARUJA,2026/Abr,2389381.16
351870,GUARUJA,2026/Mai,2146729.65
351870,GUARUJA,2026/Jun,2407194.33
351880,GUARULHOS,2025/Jul,8455631.97
351880,GUARULHOS,2025/Ago,7537167.25
351880,GUARULHOS,2025/Set,8259596.72
351880,GUARULHOS,2025/Out,9223667.5
351880,GUARULHOS,2025/Nov,7518890.41
351880,GUARULHOS,2025/Dez,7737836.84
351880,GUARULHOS,2026/Jan,8117010.64
351880,GUARULHOS,2026/Fev,7148672.25
351880,GUARULHOS,2026/Mar,8825186.74
351880,GUARULHOS,2026/Abr,7798422.39
351880,GUARULHOS,2026/Mai,8864451.48
351880,GUARULHOS,2026/Jun,7902716.82
351900,HERCULANDIA,2025/Jul,27263.19
351900,HERCULANDIA,2025/Ago,31060.43
351900,HERCULANDIA,2025/Set,13082.61
351900,HERCULANDIA,2025/Out,23844.88
351900,HERCULANDIA,2025/Nov,13888.14
351900,HERCULANDIA,2025/Dez,20931.33
351900,HERCULANDIA,2026/Jan,27926.07
351900,HERCULANDIA,2026/Fev,25308.31
351900,HERCULANDIA,2026/Mar,22245.58
351900,HERCULANDIA,2026/Abr,22294.3
351900,HERCULANDIA,2026/Mai,32266.11
351900,HERCULANDIA,2026/Jun,20965.98
351907,HORTOLANDIA,2025/Jul,325227.74
351907,HORTOLANDIA,2025/Ago,531222.02
351907,HORTOLANDIA,2025/Set,404017.29
351907,HORTOLANDIA,2025/Out,538039.69
351907,HORTOLANDIA,2025/Nov,443367.31
351907,HORTOLANDIA,2025/Dez,420063.71
351907,HORTOLANDIA,2026/Jan,653953.01
351907,HORTOLANDIA,2026/Fev,448906.48
351907,HORTOLANDIA,2026/Mar,508546.36
351907,HORTOLANDIA,2026/Abr,412530.54
351907,HORTOLANDIA,2026/Mai,414833.12
351907,HORTOLANDIA,2026/Jun,374619.31
351910,IACANGA,2025/Jul,18247.53
351910,IACANGA,2025/Ago,16727.73
351910,IACANGA,2025/Set,22221.52
351910,IACANGA,2025/Out,11919.12
351910,IACANGA,2025/Nov,14714.82
351910,IACANGA,2025/Dez,9295.72
351910,IACANGA,2026/Jan,13364.2
351910,IACANGA,2026/Fev,19567.38
351910,IACANGA,2026/Mar,17484.75
351910,IACANGA,2026/Abr,19779.06
351910,IACANGA,2026/Mai,16690.7
351910,IACANGA,2026/Jun,12300.96
351930,IBATE,2025/Jul,46635.49
351930,IBATE,2025/Ago,59430.56
351930,IBATE,2025/Set,83469.64
351930,IBATE,2025/Out,39657.29
351930,IBATE,2025/Nov,51468.11
351930,IBATE,2025/Dez,41645.11
351930,IBATE,2026/Jan,52150.1
351930,IBATE,2026/Fev,42759.62
351930,IBATE,2026/Mar,48427.53
351930,IBATE,2026/Abr,80881.28
351930,IBATE,2026/Mai,92113.02
351930,IBATE,2026/Jun,84714.64
351940,IBIRA,2025/Jul,14283.21
351940,IBIRA,2025/Ago,17051.29
351940,IBIRA,2025/Set,18990.24
351940,IBIRA,2025/Out,13014.24
351940,IBIRA,2025/Nov,18372.39
351940,IBIRA,2025/Dez,14475.74
351940,IBIRA,2026/Jan,16472.98
351940,IBIRA,2026/Fev,15701.43
351940,IBIRA,2026/Mar,14859.19
351940,IBIRA,2026/Abr,12959.84
351940,IBIRA,2026/Mai,22041.95
351940,IBIRA,2026/Jun,16825.3
351960,IBITINGA,2025/Jul,487819.11
351960,IBITINGA,2025/Ago,515573.33
351960,IBITINGA,2025/Set,485314.11
351960,IBITINGA,2025/Out,517833.66
351960,IBITINGA,2025/Nov,567491.36
351960,IBITINGA,2025/Dez,481575.42
351960,IBITINGA,2026/Jan,470663.31
351960,IBITINGA,2026/Fev,536876.26
351960,IBITINGA,2026/Mar,555299.79
351960,IBITINGA,2026/Abr,610500.83
351960,IBITINGA,2026/Mai,624802.93
351960,IBITINGA,2026/Jun,618713.39
351970,IBIUNA,2025/Jul,174722.29
351970,IBIUNA,2025/Ago,203095.67
351970,IBIUNA,2025/Set,203172.58
351970,IBIUNA,2025/Out,202326.75
351970,IBIUNA,2025/Nov,179010.22
351970,IBIUNA,2025/Dez,147692.06
351970,IBIUNA,2026/Jan,184416.96
351970,IBIUNA,2026/Fev,175860.41
351970,IBIUNA,2026/Mar,221921.68
351970,IBIUNA,2026/Abr,198909.26
351970,IBIUNA,2026/Mai,183774.46
351970,IBIUNA,2026/Jun,195303.46
351990,IEPE,2025/Jul,33496.25
351990,IEPE,2025/Ago,27267.84
351990,IEPE,2025/Set,22359.71
351990,IEPE,2025/Out,19418.19
351990,IEPE,2025/Nov,17887.02
351990,IEPE,2025/Dez,22113.53
351990,IEPE,2026/Jan,18187.91
351990,IEPE,2026/Fev,17298.51
351990,IEPE,2026/Mar,16908.46
351990,IEPE,2026/Abr,24871.18
351990,IEPE,2026/Mai,18509.01
351990,IEPE,2026/Jun,22630.86
352010,IGARAPAVA,2025/Jul,85332.18
352010,IGARAPAVA,2025/Ago,96120.79
352010,IGARAPAVA,2025/Set,79508.75
352010,IGARAPAVA,2025/Out,74866.82
352010,IGARAPAVA,2025/Nov,59722.22
352010,IGARAPAVA,2025/Dez,62599.99
352010,IGARAPAVA,2026/Jan,47552.3
352010,IGARAPAVA,2026/Fev,60317.8
352010,IGARAPAVA,2026/Mar,74868.43
352010,IGARAPAVA,2026/Abr,83747.45
352010,IGARAPAVA,2026/Mai,88760.78
352010,IGARAPAVA,2026/Jun,81021.02
352040,ILHABELA,2025/Jul,240547.64
352040,ILHABELA,2025/Ago,215016.69
352040,ILHABELA,2025/Set,220391.94
352040,ILHABELA,2025/Out,184802.25
352040,ILHABELA,2025/Nov,149250.33
352040,ILHABELA,2025/Dez,191040.41
352040,ILHABELA,2026/Jan,229185.55
352040,ILHABELA,2026/Fev,171259.25
352040,ILHABELA,2026/Mar,152905.33
352040,ILHABELA,2026/Abr,136323.7
352040,ILHABELA,2026/Mai,145684.09
352040,ILHABELA,2026/Jun,154253.46
352044,ILHA SOLTEIRA,2025/Jul,306269.78
352044,ILHA SOLTEIRA,2025/Ago,264529.57
352044,ILHA SOLTEIRA,2025/Set,285602.5
352044,ILHA SOLTEIRA,2025/Out,306344.38
352044,ILHA SOLTEIRA,2025/Nov,216904.5
352044,ILHA SOLTEIRA,2025/Dez,273456.87
352044,ILHA SOLTEIRA,2026/Jan,246872.13
352044,ILHA SOLTEIRA,2026/Fev,297622.26
352044,ILHA SOLTEIRA,2026/Mar,273606.61
352044,ILHA SOLTEIRA,2026/Abr,337556.58
352044,ILHA SOLTEIRA,2026/Mai,283284.5
352044,ILHA SOLTEIRA,2026/Jun,322271.9
352050,INDAIATUBA,2025/Jul,2448177.77
352050,INDAIATUBA,2025/Ago,2222024.42
352050,INDAIATUBA,2025/Set,2241719.71
352050,INDAIATUBA,2025/Out,2273446.24
352050,INDAIATUBA,2025/Nov,2397110.75
352050,INDAIATUBA,2025/Dez,2084408.07
352050,INDAIATUBA,2026/Jan,2424305.59
352050,INDAIATUBA,2026/Fev,2110566.46
352050,INDAIATUBA,2026/Mar,2395589.6
352050,INDAIATUBA,2026/Abr,2369010.3
352050,INDAIATUBA,2026/Mai,2681792.63
352050,INDAIATUBA,2026/Jun,2027440.0
352070,INDIAPORA,2025/Jul,15705.57
352070,INDIAPORA,2025/Ago,9846.46
352070,INDIAPORA,2025/Set,9305.86
352070,INDIAPORA,2025/Out,16768.26
352070,INDIAPORA,2025/Nov,9862.65
352070,INDIAPORA,2025/Dez,11441.02
352070,INDIAPORA,2026/Jan,7339.97
352070,INDIAPORA,2026/Fev,9334.58
352070,INDIAPORA,2026/Mar,18123.03
352070,INDIAPORA,2026/Abr,10107.31
352070,INDIAPORA,2026/Mai,16331.69
352070,INDIAPORA,2026/Jun,11794.61
352090,IPAUSSU,2025/Jul,28187.8
352090,IPAUSSU,2025/Ago,48808.25
352090,IPAUSSU,2025/Set,49493.63
352090,IPAUSSU,2025/Out,28717.92
352090,IPAUSSU,2025/Nov,20669.86
352090,IPAUSSU,2025/Dez,33433.09
352090,IPAUSSU,2026/Jan,30454.68
352090,IPAUSSU,2026/Fev,32098.19
352090,IPAUSSU,2026/Mar,50171.03
352090,IPAUSSU,2026/Abr,35306.85
352090,IPAUSSU,2026/Mai,27789.2
352090,IPAUSSU,2026/Jun,44114.57
352130,IPUA,2025/Jul,49393.15
352130,IPUA,2025/Ago,47272.86
352130,IPUA,2025/Set,48856.41
352130,IPUA,2025/Out,40089.58
352130,IPUA,2025/Nov,44061.76
352130,IPUA,2025/Dez,45702.34
352130,IPUA,2026/Jan,48856.42
352130,IPUA,2026/Fev,41472.73
352130,IPUA,2026/Mar,55935.28
352130,IPUA,2026/Abr,45162.78
352130,IPUA,2026/Mai,38582.77
352130,IPUA,2026/Jun,39281.24
352170,ITABERA,2025/Jul,46396.05
352170,ITABERA,2025/Ago,40859.67
352170,ITABERA,2025/Set,48408.4
352170,ITABERA,2025/Out,64440.24
352170,ITABERA,2025/Nov,53929.58
352170,ITABERA,2025/Dez,45056.0
352170,ITABERA,2026/Jan,50331.48
352170,ITABERA,2026/Fev,45149.28
352170,ITABERA,2026/Mar,50758.55
352170,ITABERA,2026/Abr,38972.66
352170,ITABERA,2026/Mai,61429.45
352180,ITAI,2025/Jul,36558.17
352180,ITAI,2025/Ago,28849.77
352180,ITAI,2025/Set,37639.08
352180,ITAI,2025/Out,31041.8
352180,ITAI,2025/Nov,28298.04
352180,ITAI,2025/Dez,41520.04
352180,ITAI,2026/Jan,30225.46
352180,ITAI,2026/Fev,23927.43
352180,ITAI,2026/Mar,33416.59
352180,ITAI,2026/Abr,31621.25
352180,ITAI,2026/Mai,41514.17
352180,ITAI,2026/Jun,32094.44
352190,ITAJOBI,2025/Jul,29545.81
352190,ITAJOBI,2025/Ago,33394.3
352190,ITAJOBI,2025/Set,26391.29
352190,ITAJOBI,2025/Out,16042.28
352190,ITAJOBI,2025/Nov,16121.01
352190,ITAJOBI,2025/Dez,14192.95
352190,ITAJOBI,2026/Jan,12349.58
352190,ITAJOBI,2026/Fev,14123.4
352190,ITAJOBI,2026/Mar,25282.73
352190,ITAJOBI,2026/Abr,21206.07
352190,ITAJOBI,2026/Mai,24452.65
352190,ITAJOBI,2026/Jun,25647.45
352210,ITANHAEM,2025/Jul,1059648.75
352210,ITANHAEM,2025/Ago,1520359.75
352210,ITANHAEM,2025/Set,1410368.21
352210,ITANHAEM,2025/Out,1249254.64
352210,ITANHAEM,2025/Nov,1211562.38
352210,ITANHAEM,2025/Dez,1305090.04
352210,ITANHAEM,2026/Jan,1212769.27
352210,ITANHAEM,2026/Fev,1266711.93
352210,ITANHAEM,2026/Mar,1340180.96
352210,ITANHAEM,2026/Abr,1348659.96
352210,ITANHAEM,2026/Mai,1265292.81
352210,ITANHAEM,2026/Jun,1355092.16
352220,ITAPECERICA DA SERRA,2025/Jul,1808814.97
352220,ITAPECERICA DA SERRA,2025/Ago,646951.92
352220,ITAPECERICA DA SERRA,2025/Set,1475917.54
352220,ITAPECERICA DA SERRA,2025/Out,2877590.96
352220,ITAPECERICA DA SERRA,2025/Nov,1800558.21
352220,ITAPECERICA DA SERRA,2025/Dez,1666073.67
352220,ITAPECERICA DA SERRA,2026/Jan,1478274.02
352220,ITAPECERICA DA SERRA,2026/Fev,1518263.95
352220,ITAPECERICA DA SERRA,2026/Mar,1806409.98
352220,ITAPECERICA DA SERRA,2026/Abr,1393834.55
352220,ITAPECERICA DA SERRA,2026/Mai,1656170.1
352220,ITAPECERICA DA SERRA,2026/Jun,1471740.57
352230,ITAPETININGA,2025/Jul,1027228.71
352230,ITAPETININGA,2025/Ago,1030892.95
352230,ITAPETININGA,2025/Set,943156.4
352230,ITAPETININGA,2025/Out,928368.9
352230,ITAPETININGA,2025/Nov,823364.82
352230,ITAPETININGA,2025/Dez,886543.83
352230,ITAPETININGA,2026/Jan,1006573.52
352230,ITAPETININGA,2026/Fev,984812.22
352230,ITAPETININGA,2026/Mar,1094437.68
352230,ITAPETININGA,2026/Abr,1069181.82
352230,ITAPETININGA,2026/Mai,1116434.69
352230,ITAPETININGA,2026/Jun,1112493.46
352240,ITAPEVA,2025/Jul,1279957.04
352240,ITAPEVA,2025/Ago,1297305.27
352240,ITAPEVA,2025/Set,1324701.97
352240,ITAPEVA,2025/Out,1317821.5
352240,ITAPEVA,2025/Nov,1329360.05
352240,ITAPEVA,2025/Dez,1224447.23
352240,ITAPEVA,2026/Jan,1394547.1
352240,ITAPEVA,2026/Fev,1360935.57
352240,ITAPEVA,2026/Mar,1316996.48
352240,ITAPEVA,2026/Abr,1294580.94
352240,ITAPEVA,2026/Mai,1415160.99
352240,ITAPEVA,2026/Jun,1389072.83
352250,ITAPEVI,2025/Jul,1543950.52
352250,ITAPEVI,2025/Ago,1447148.48
352250,ITAPEVI,2025/Set,1215427.89
352250,ITAPEVI,2025/Out,1356570.15
352250,ITAPEVI,2025/Nov,1114405.5
352250,ITAPEVI,2025/Dez,1137051.92
352250,ITAPEVI,2026/Jan,1423494.38
352250,ITAPEVI,2026/Fev,1090404.67
352250,ITAPEVI,2026/Mar,1232663.13
352250,ITAPEVI,2026/Abr,1258667.78
352250,ITAPEVI,2026/Mai,1321192.19
352250,ITAPEVI,2026/Jun,1363284.99
352260,ITAPIRA,2025/Jul,1165436.07
352260,ITAPIRA,2025/Ago,1187860.6
352260,ITAPIRA,2025/Set,1123078.28
352260,ITAPIRA,2025/Out,1102287.71
352260,ITAPIRA,2025/Nov,1069776.65
352260,ITAPIRA,2025/Dez,1357299.95
352260,ITAPIRA,2026/Jan,1135647.84
352260,ITAPIRA,2026/Fev,1047917.6
352260,ITAPIRA,2026/Mar,1030438.01
352260,ITAPIRA,2026/Abr,899634.51
352260,ITAPIRA,2026/Mai,1084835.49
352260,ITAPIRA,2026/Jun,978853.46
352270,ITAPOLIS,2025/Jul,353659.02
352270,ITAPOLIS,2025/Ago,314777.45
352270,ITAPOLIS,2025/Set,353783.29
352270,ITAPOLIS,2025/Out,330507.65
352270,ITAPOLIS,2025/Nov,342517.05
352270,ITAPOLIS,2025/Dez,289153.88
352270,ITAPOLIS,2026/Jan,287473.98
352270,ITAPOLIS,2026/Fev,318667.5
352270,ITAPOLIS,2026/Mar,391571.54
352270,ITAPOLIS,2026/Abr,396566.19
352270,ITAPOLIS,2026/Mai,404475.75
352270,ITAPOLIS,2026/Jun,397451.53
352280,ITAPORANGA,2025/Jul,45091.55
352280,ITAPORANGA,2025/Ago,35240.19
352280,ITAPORANGA,2025/Set,40117.2
352280,ITAPORANGA,2025/Out,35800.71
352280,ITAPORANGA,2025/Nov,37439.94
352280,ITAPORANGA,2025/Dez,40244.01
352280,ITAPORANGA,2026/Jan,36509.0
352280,ITAPORANGA,2026/Fev,33418.89
352280,ITAPORANGA,2026/Mar,37859.66
352280,ITAPORANGA,2026/Abr,30489.93
352280,ITAPORANGA,2026/Mai,37173.54
352280,ITAPORANGA,2026/Jun,40459.24
352290,ITAPUI,2025/Jul,4064.97
352310,ITAQUAQUECETUBA,2025/Jul,1576242.08
352310,ITAQUAQUECETUBA,2025/Ago,1367467.28
352310,ITAQUAQUECETUBA,2025/Set,1480742.18
352310,ITAQUAQUECETUBA,2025/Out,1455947.6
352310,ITAQUAQUECETUBA,2025/Nov,1438847.13
352310,ITAQUAQUECETUBA,2025/Dez,1299207.96
352310,ITAQUAQUECETUBA,2026/Jan,1322737.58
352310,ITAQUAQUECETUBA,2026/Fev,1532656.27
352310,ITAQUAQUECETUBA,2026/Mar,1707954.02
352310,ITAQUAQUECETUBA,2026/Abr,1389039.8
352310,ITAQUAQUECETUBA,2026/Mai,1594413.26
352310,ITAQUAQUECETUBA,2026/Jun,1592266.61
352320,ITARARE,2025/Jul,257516.23
352320,ITARARE,2025/Ago,262762.77
352320,ITARARE,2025/Set,247389.87
352320,ITARARE,2025/Out,228990.09
352320,ITARARE,2025/Nov,233061.11
352320,ITARARE,2025/Dez,263260.56
352320,ITARARE,2026/Jan,257509.09
352320,ITARARE,2026/Fev,227208.49
352320,ITARARE,2026/Mar,271421.63
352320,ITARARE,2026/Abr,234025.35
352320,ITARARE,2026/Mai,226311.56
352320,ITARARE,2026/Jun,230987.4
352340,ITATIBA,2025/Jul,713076.29
352340,ITATIBA,2025/Ago,860897.47
352340,ITATIBA,2025/Set,702904.23
352340,ITATIBA,2025/Out,871922.26
352340,ITATIBA,2025/Nov,839689.51
352340,ITATIBA,2025/Dez,1038405.86
352340,ITATIBA,2026/Jan,889390.07
352340,ITATIBA,2026/Fev,905631.1
352340,ITATIBA,2026/Mar,753924.32
352340,ITATIBA,2026/Abr,914969.29
352340,ITATIBA,2026/Mai,985291.54
352340,ITATIBA,2026/Jun,739375.84
352350,ITATINGA,2025/Jul,11921.55
352350,ITATINGA,2025/Ago,12227.26
352350,ITATINGA,2025/Set,9287.89
352350,ITATINGA,2025/Out,11281.78
352350,ITATINGA,2025/Nov,7159.4
352350,ITATINGA,2025/Dez,8068.54
352350,ITATINGA,2026/Jan,12675.65
352350,ITATINGA,2026/Fev,6169.64
352350,ITATINGA,2026/Mar,9400.89
352350,ITATINGA,2026/Abr,11080.66
352350,ITATINGA,2026/Mai,13181.4
352350,ITATINGA,2026/Jun,8725.06
352360,ITIRAPINA,2025/Jul,6918.51
352360,ITIRAPINA,2025/Ago,4989.4
352360,ITIRAPINA,2025/Set,5711.38
352360,ITIRAPINA,2025/Out,5176.01
352360,ITIRAPINA,2025/Nov,4468.02
352360,ITIRAPINA,2025/Dez,2960.56
352360,ITIRAPINA,2026/Jan,1427.41
352360,ITIRAPINA,2026/Fev,2659.51
352360,ITIRAPINA,2026/Mar,3222.69
352360,ITIRAPINA,2026/Abr,9281.12
352360,ITIRAPINA,2026/Mai,4700.65
352360,ITIRAPINA,2026/Jun,7526.78
352390,ITU,2025/Jul,1507774.13
352390,ITU,2025/Ago,1578917.42
352390,ITU,2025/Set,1380537.79
352390,ITU,2025/Out,1299313.65
352390,ITU,2025/Nov,1342864.99
352390,ITU,2025/Dez,1475819.88
352390,ITU,2026/Jan,1479183.71
352390,ITU,2026/Fev,1273626.11
352390,ITU,2026/Mar,1405088.06
352390,ITU,2026/Abr,1527661.24
352390,ITU,2026/Mai,1554065.24
352390,ITU,2026/Jun,1590458.14
352400,ITUPEVA,2025/Jul,83926.54
352400,ITUPEVA,2025/Ago,72636.32
352400,ITUPEVA,2025/Set,77968.2
352400,ITUPEVA,2025/Out,71285.04
352400,ITUPEVA,2025/Nov,79079.8
352400,ITUPEVA,2025/Dez,44313.63
352400,ITUPEVA,2026/Jan,106288.82
352400,ITUPEVA,2026/Fev,69037.62
352400,ITUPEVA,2026/Mar,71485.38
352400,ITUPEVA,2026/Abr,67601.72
352400,ITUPEVA,2026/Mai,82037.53
352400,ITUPEVA,2026/Jun,76337.61
352410,ITUVERAVA,2025/Jul,595501.96
352410,ITUVERAVA,2025/Ago,661058.53
352410,ITUVERAVA,2025/Set,533325.74
352410,ITUVERAVA,2025/Out,481950.48
352410,ITUVERAVA,2025/Nov,480484.9
352410,ITUVERAVA,2025/Dez,605210.38
352410,ITUVERAVA,2026/Jan,374495.15
352410,ITUVERAVA,2026/Fev,298051.66
352410,ITUVERAVA,2026/Mar,392516.68
352410,ITUVERAVA,2026/Abr,542149.37
352410,ITUVERAVA,2026/Mai,609455.52
352410,ITUVERAVA,2026/Jun,500390.31
352420,JABORANDI,2025/Jul,900.54
352420,JABORANDI,2025/Ago,682.31
352420,JABORANDI,2025/Set,3492.02
352420,JABORANDI,2025/Out,3399.77
352420,JABORANDI,2025/Nov,373.33
352420,JABORANDI,2025/Dez,3213.38
352420,JABORANDI,2026/Jan,1809.83
352420,JABORANDI,2026/Fev,1988.54
352420,JABORANDI,2026/Mar,3048.23
352420,JABORANDI,2026/Abr,858.78
352420,JABORANDI,2026/Mai,2289.11
352420,JABORANDI,2026/Jun,1483.85
352430,JABOTICABAL,2025/Jul,183875.72
352430,JABOTICABAL,2025/Ago,129367.78
352430,JABOTICABAL,2025/Set,200888.84
352430,JABOTICABAL,2025/Out,183942.4
352430,JABOTICABAL,2025/Nov,194359.51
352430,JABOTICABAL,2025/Dez,158541.54
352430,JABOTICABAL,2026/Jan,167775.75
352430,JABOTICABAL,2026/Fev,165902.18
352430,JABOTICABAL,2026/Mar,220505.14
352430,JABOTICABAL,2026/Abr,184912.01
352430,JABOTICABAL,2026/Mai,214365.33
352430,JABOTICABAL,2026/Jun,161190.61
352440,JACAREI,2025/Jul,2113831.47
352440,JACAREI,2025/Ago,2318400.88
352440,JACAREI,2025/Set,1951142.38
352440,JACAREI,2025/Out,2207356.61
352440,JACAREI,2025/Nov,1851526.95
352440,JACAREI,2025/Dez,1725606.61
352440,JACAREI,2026/Jan,1845119.76
352440,JACAREI,2026/Fev,1893541.74
352440,JACAREI,2026/Mar,1866436.81
352440,JACAREI,2026/Abr,1969957.03
352440,JACAREI,2026/Mai,2110188.02
352440,JACAREI,2026/Jun,2127853.6
352450,JACI,2025/Jul,412168.09
352450,JACI,2025/Ago,413495.83
352450,JACI,2025/Set,396687.94
352450,JACI,2025/Out,413847.68
352450,JACI,2025/Nov,392114.66
352450,JACI,2025/Dez,411660.95
352450,JACI,2026/Jan,412565.05
352450,JACI,2026/Fev,391679.14
352450,JACI,2026/Mar,421158.69
352450,JACI,2026/Abr,398767.65
352450,JACI,2026/Mai,425090.03
352450,JACI,2026/Jun,413607.07
352470,JAGUARIUNA,2025/Jul,521882.45
352470,JAGUARIUNA,2025/Ago,340294.76
352470,JAGUARIUNA,2025/Set,310940.67
352470,JAGUARIUNA,2025/Out,526121.92
352470,JAGUARIUNA,2025/Nov,431348.11
352470,JAGUARIUNA,2025/Dez,269717.27
352470,JAGUARIUNA,2026/Jan,451845.62
352470,JAGUARIUNA,2026/Fev,398701.77
352470,JAGUARIUNA,2026/Mar,341110.35
352470,JAGUARIUNA,2026/Abr,364521.35
352470,JAGUARIUNA,2026/Mai,334328.25
352470,JAGUARIUNA,2026/Jun,337801.79
352480,JALES,2025/Jul,1348533.54
352480,JALES,2025/Ago,1254780.42
352480,JALES,2025/Set,1240504.38
352480,JALES,2025/Out,1260832.03
352480,JALES,2025/Nov,974332.96
352480,JALES,2025/Dez,1249449.35
352480,JALES,2026/Jan,1306925.54
352480,JALES,2026/Fev,1360089.54
352480,JALES,2026/Mar,1414382.12
352480,JALES,2026/Abr,1227454.22
352480,JALES,2026/Mai,1384044.04
352480,JALES,2026/Jun,1328103.02
352520,JARINU,2025/Jul,12863.39
352520,JARINU,2025/Ago,14363.54
352520,JARINU,2025/Set,10702.31
352520,JARINU,2025/Out,11050.49
352520,JARINU,2025/Nov,9806.83
352520,JARINU,2025/Dez,11209.75
352520,JARINU,2026/Jan,5676.34
352520,JARINU,2026/Fev,4899.47
352520,JARINU,2026/Mar,4259.62
352520,JARINU,2026/Abr,6757.11
352520,JARINU,2026/Mai,4534.66
352520,JARINU,2026/Jun,19064.67
352530,JAU,2025/Jul,6827822.04
352530,JAU,2025/Ago,5836105.37
352530,JAU,2025/Set,6257821.64
352530,JAU,2025/Out,5955969.94
352530,JAU,2025/Nov,6091853.07
352530,JAU,2025/Dez,6269979.62
352530,JAU,2026/Jan,4625149.05
352530,JAU,2026/Fev,6377640.84
352530,JAU,2026/Mar,6681450.92
352530,JAU,2026/Abr,5979822.15
352530,JAU,2026/Mai,6531473.29
352530,JAU,2026/Jun,6388947.78
352550,JOANOPOLIS,2025/Jul,3589.52
352550,JOANOPOLIS,2025/Ago,4379.34
352550,JOANOPOLIS,2025/Set,3969.41
352550,JOANOPOLIS,2025/Out,5074.2
352550,JOANOPOLIS,2025/Nov,10869.96
352550,JOANOPOLIS,2025/Dez,9547.39
352550,JOANOPOLIS,2026/Jan,11239.02
352550,JOANOPOLIS,2026/Fev,9058.58
352550,JOANOPOLIS,2026/Mar,9648.06
352550,JOANOPOLIS,2026/Abr,8561.07
352550,JOANOPOLIS,2026/Mai,8841.26
352570,JOSE BONIFACIO,2025/Jul,110795.79
352570,JOSE BONIFACIO,2025/Ago,115740.77
352570,JOSE BONIFACIO,2025/Set,119401.75
352570,JOSE BONIFACIO,2025/Out,117020.63
352570,JOSE BONIFACIO,2025/Nov,145519.15
352570,JOSE BONIFACIO,2025/Dez,105409.83
352570,JOSE BONIFACIO,2026/Jan,120477.04
352570,JOSE BONIFACIO,2026/Fev,173107.45
352570,JOSE BONIFACIO,2026/Mar,132667.68
352570,JOSE BONIFACIO,2026/Abr,150397.69
352570,JOSE BONIFACIO,2026/Mai,141189.88
352570,JOSE BONIFACIO,2026/Jun,148050.75
352590,JUNDIAI,2025/Jul,5134663.25
352590,JUNDIAI,2025/Ago,4897102.03
352590,JUNDIAI,2025/Set,5543521.29
352590,JUNDIAI,2025/Out,4999942.88
352590,JUNDIAI,2025/Nov,4637593.21
352590,JUNDIAI,2025/Dez,4460181.8
352590,JUNDIAI,2026/Jan,5895605.76
352590,JUNDIAI,2026/Fev,4761657.4
352590,JUNDIAI,2026/Mar,5434754.59
352590,JUNDIAI,2026/Abr,5148509.88
352590,JUNDIAI,2026/Mai,5368215.95
352590,JUNDIAI,2026/Jun,5211371.48
352600,JUNQUEIROPOLIS,2025/Jul,52267.95
352600,JUNQUEIROPOLIS,2025/Ago,47221.68
352600,JUNQUEIROPOLIS,2025/Set,59353.53
352600,JUNQUEIROPOLIS,2025/Out,52094.02
352600,JUNQUEIROPOLIS,2025/Nov,41181.02
352600,JUNQUEIROPOLIS,2025/Dez,49117.29
352600,JUNQUEIROPOLIS,2026/Jan,32987.29
352600,JUNQUEIROPOLIS,2026/Fev,47032.56
352600,JUNQUEIROPOLIS,2026/Mar,37326.63
352600,JUNQUEIROPOLIS,2026/Abr,38948.94
352600,JUNQUEIROPOLIS,2026/Mai,48319.44
352600,JUNQUEIROPOLIS,2026/Jun,37934.8
352640,LARANJAL PAULISTA,2025/Jul,71790.53
352640,LARANJAL PAULISTA,2025/Ago,61996.46
352640,LARANJAL PAULISTA,2025/Set,53178.23
352640,LARANJAL PAULISTA,2025/Out,65987.48
352640,LARANJAL PAULISTA,2025/Nov,67554.55
352640,LARANJAL PAULISTA,2025/Dez,72309.89
352640,LARANJAL PAULISTA,2026/Jan,63528.1
352640,LARANJAL PAULISTA,2026/Fev,62063.14
352640,LARANJAL PAULISTA,2026/Mar,71165.38
352640,LARANJAL PAULISTA,2026/Abr,70793.32
352640,LARANJAL PAULISTA,2026/Mai,67779.58
352640,LARANJAL PAULISTA,2026/Jun,68210.33
352670,LEME,2025/Jul,438368.38
352670,LEME,2025/Ago,538580.12
352670,LEME,2025/Set,477107.42
352670,LEME,2025/Out,462913.67
352670,LEME,2025/Nov,429954.55
352670,LEME,2025/Dez,432353.13
352670,LEME,2026/Jan,399839.63
352670,LEME,2026/Fev,374486.59
352670,LEME,2026/Mar,444873.72
352670,LEME,2026/Abr,512466.98
352670,LEME,2026/Mai,433099.5
352670,LEME,2026/Jun,466362.53
352680,LENCOIS PAULISTA,2025/Jul,298792.91
352680,LENCOIS PAULISTA,2025/Ago,340877.26
352680,LENCOIS PAULISTA,2025/Set,281952.4
352680,LENCOIS PAULISTA,2025/Out,278808.77
352680,LENCOIS PAULISTA,2025/Nov,291369.4
352680,LENCOIS PAULISTA,2025/Dez,338567.06
352680,LENCOIS PAULISTA,2026/Jan,317469.08
352680,LENCOIS PAULISTA,2026/Fev,266188.66
352680,LENCOIS PAULISTA,2026/Mar,286990.15
352680,LENCOIS PAULISTA,2026/Abr,259793.93
352680,LENCOIS PAULISTA,2026/Mai,290606.65
352680,LENCOIS PAULISTA,2026/Jun,414241.03
352690,LIMEIRA,2025/Jul,4482837.38
352690,LIMEIRA,2025/Ago,4341170.55
352690,LIMEIRA,2025/Set,3646975.3
352690,LIMEIRA,2025/Out,3944073.16
352690,LIMEIRA,2025/Nov,3747757.48
352690,LIMEIRA,2025/Dez,3723954.42
352690,LIMEIRA,2026/Jan,3664130.68
352690,LIMEIRA,2026/Fev,3184534.72
352690,LIMEIRA,2026/Mar,3805118.44
352690,LIMEIRA,2026/Abr,3659774.2
352690,LIMEIRA,2026/Mai,4233388.76
352690,LIMEIRA,2026/Jun,3660443.24
352710,LINS,2025/Jul,877151.57
352710,LINS,2025/Ago,853166.12
352710,LINS,2025/Set,831518.41
352710,LINS,2025/Out,911833.89
352710,LINS,2025/Nov,820858.24
352710,LINS,2025/Dez,824714.63
352710,LINS,2026/Jan,843011.4
352710,LINS,2026/Fev,850376.18
352710,LINS,2026/Mar,714712.51
352710,LINS,2026/Abr,874829.84
352710,LINS,2026/Mai,944939.79
352710,LINS,2026/Jun,876458.73
352720,LORENA,2025/Jul,632904.52
352720,LORENA,2025/Ago,692478.53
352720,LORENA,2025/Set,727545.97
352720,LORENA,2025/Out,645570.96
352720,LORENA,2025/Nov,612222.7
352720,LORENA,2025/Dez,667367.02
352720,LORENA,2026/Jan,615532.02
352720,LORENA,2026/Fev,533619.98
352720,LORENA,2026/Mar,706050.99
352720,LORENA,2026/Abr,726379.76
352720,LORENA,2026/Mai,699639.72
352720,LORENA,2026/Jun,619641.18
352730,LOUVEIRA,2025/Jul,156523.11
352730,LOUVEIRA,2025/Ago,134516.39
352730,LOUVEIRA,2025/Set,118091.9
352730,LOUVEIRA,2025/Out,131548.39
352730,LOUVEIRA,2025/Nov,116569.95
352730,LOUVEIRA,2025/Dez,166984.02
352730,LOUVEIRA,2026/Jan,128506.24
352730,LOUVEIRA,2026/Fev,110018.46
352730,LOUVEIRA,2026/Mar,150761.14
352730,LOUVEIRA,2026/Abr,151146.35
352730,LOUVEIRA,2026/Mai,140633.74
352730,LOUVEIRA,2026/Jun,129916.3
352740,LUCELIA,2025/Jul,19944.25
352740,LUCELIA,2025/Ago,27399.03
352740,LUCELIA,2025/Set,15861.7
352740,LUCELIA,2025/Out,15930.71
352740,LUCELIA,2025/Nov,23846.5
352740,LUCELIA,2025/Dez,13336.59
352740,LUCELIA,2026/Jan,24615.52
352740,LUCELIA,2026/Fev,15401.41
352740,LUCELIA,2026/Mar,17731.43
352740,LUCELIA,2026/Abr,11495.92
352740,LUCELIA,2026/Mai,20681.3
352740,LUCELIA,2026/Jun,20699.72
352800,MACATUBA,2025/Jul,24742.17
352800,MACATUBA,2025/Ago,25892.46
352800,MACATUBA,2025/Set,36952.33
352800,MACATUBA,2025/Out,32593.98
352800,MACATUBA,2025/Nov,17267.37
352800,MACATUBA,2025/Dez,24881.53
352800,MACATUBA,2026/Jan,14218.43
352800,MACATUBA,2026/Fev,21648.16
352800,MACATUBA,2026/Mar,22525.0
352800,MACATUBA,2026/Abr,30202.67
352800,MACATUBA,2026/Mai,28515.41
352800,MACATUBA,2026/Jun,27971.17
352810,MACAUBAL,2025/Jul,5839.49
352810,MACAUBAL,2025/Ago,3112.83
352810,MACAUBAL,2025/Set,1979.95
352810,MACAUBAL,2025/Out,3687.31
352810,MACAUBAL,2025/Nov,2240.76
352810,MACAUBAL,2025/Dez,1180.25
352810,MACAUBAL,2026/Jan,1225.63
352810,MACAUBAL,2026/Fev,1670.23
352810,MACAUBAL,2026/Mar,1213.8
352810,MACAUBAL,2026/Abr,1319.55
352810,MACAUBAL,2026/Mai,3239.73
352810,MACAUBAL,2026/Jun,4761.79
352850,MAIRIPORA,2025/Jul,72607.96
352850,MAIRIPORA,2025/Ago,88663.42
352850,MAIRIPORA,2025/Set,75133.38
352850,MAIRIPORA,2025/Out,81285.7
352850,MAIRIPORA,2025/Nov,82142.51
352850,MAIRIPORA,2025/Dez,83330.77
352850,MAIRIPORA,2026/Jan,65243.62
352850,MAIRIPORA,2026/Fev,61641.32
352850,MAIRIPORA,2026/Mar,74197.78
352850,MAIRIPORA,2026/Abr,89903.3
352850,MAIRIPORA,2026/Mai,87312.68
352850,MAIRIPORA,2026/Jun,87841.31
352880,MARACAI,2025/Jul,47965.98
352880,MARACAI,2025/Ago,36589.67
352880,MARACAI,2025/Set,51459.52
352880,MARACAI,2025/Out,47567.39
352880,MARACAI,2025/Nov,34252.61
352880,MARACAI,2025/Dez,32444.87
352880,MARACAI,2026/Jan,38287.84
352880,MARACAI,2026/Fev,46208.03
352880,MARACAI,2026/Mar,57223.86
352880,MARACAI,2026/Abr,47526.21
352880,MARACAI,2026/Mai,52970.97
352880,MARACAI,2026/Jun,49421.87
352900,MARILIA,2025/Jul,7053531.11
352900,MARILIA,2025/Ago,6841157.76
352900,MARILIA,2025/Set,7638678.95
352900,MARILIA,2025/Out,6942911.5
352900,MARILIA,2025/Nov,7109901.43
352900,MARILIA,2025/Dez,7061173.28
352900,MARILIA,2026/Jan,6716780.15
352900,MARILIA,2026/Fev,6046925.82
352900,MARILIA,2026/Mar,7039215.65
352900,MARILIA,2026/Abr,6317481.97
352900,MARILIA,2026/Mai,7573459.71
352900,MARILIA,2026/Jun,7710741.68
352920,MARTINOPOLIS,2025/Jul,144279.43
352920,MARTINOPOLIS,2025/Ago,105207.09
352920,MARTINOPOLIS,2025/Set,107424.79
352920,MARTINOPOLIS,2025/Out,103454.89
352920,MARTINOPOLIS,2025/Nov,107858.39
352920,MARTINOPOLIS,2025/Dez,127084.72
352920,MARTINOPOLIS,2026/Jan,78656.14
352920,MARTINOPOLIS,2026/Fev,89698.12
352920,MARTINOPOLIS,2026/Mar,93697.54
352920,MARTINOPOLIS,2026/Abr,104982.12
352920,MARTINOPOLIS,2026/Mai,100339.79
352920,MARTINOPOLIS,2026/Jun,127087.88
352930,MATAO,2025/Jul,1447453.81
352930,MATAO,2025/Ago,1841735.4
352930,MATAO,2025/Set,1765825.63
352930,MATAO,2025/Out,1949756.84
352930,MATAO,2025/Nov,1793898.27
352930,MATAO,2025/Dez,1390112.0
352930,MATAO,2026/Jan,1608625.43
352930,MATAO,2026/Fev,1731641.56
352930,MATAO,2026/Mar,1915204.24
352930,MATAO,2026/Abr,2100998.86
352930,MATAO,2026/Mai,1791993.44
352930,MATAO,2026/Jun,1859695.27
352940,MAUA,2025/Jul,1354070.64
352940,MAUA,2025/Ago,1309404.67
352940,MAUA,2025/Set,1432010.04
352940,MAUA,2025/Out,1270602.36
352940,MAUA,2025/Nov,1071635.65
352940,MAUA,2025/Dez,1307720.14
352940,MAUA,2026/Jan,1321023.9
352940,MAUA,2026/Fev,1297650.86
352940,MAUA,2026/Mar,1303924.6
352940,MAUA,2026/Abr,1417261.78
352940,MAUA,2026/Mai,1334657.62
352940,MAUA,2026/Jun,1387772.76
352970,MIGUELOPOLIS,2025/Jul,74552.62
352970,MIGUELOPOLIS,2025/Ago,60926.6
352970,MIGUELOPOLIS,2025/Set,45575.94
352970,MIGUELOPOLIS,2025/Out,41119.0
352970,MIGUELOPOLIS,2025/Nov,29528.6
352970,MIGUELOPOLIS,2025/Dez,43359.2
352970,MIGUELOPOLIS,2026/Jan,26393.82
352970,MIGUELOPOLIS,2026/Fev,24921.15
352970,MIGUELOPOLIS,2026/Mar,40402.41
352970,MIGUELOPOLIS,2026/Abr,48114.86
352970,MIGUELOPOLIS,2026/Mai,70034.37
352970,MIGUELOPOLIS,2026/Jun,46659.38
353010,MIRANDOPOLIS,2025/Jul,186243.39
353010,MIRANDOPOLIS,2025/Ago,405796.41
353010,MIRANDOPOLIS,2025/Set,283142.79
353010,MIRANDOPOLIS,2025/Out,335614.82
353010,MIRANDOPOLIS,2025/Nov,183245.02
353010,MIRANDOPOLIS,2025/Dez,344008.71
353010,MIRANDOPOLIS,2026/Jan,279145.11
353010,MIRANDOPOLIS,2026/Fev,307078.22
353010,MIRANDOPOLIS,2026/Mar,294651.37
353010,MIRANDOPOLIS,2026/Abr,315898.94
353010,MIRANDOPOLIS,2026/Mai,325475.13
353010,MIRANDOPOLIS,2026/Jun,253036.9
353030,MIRASSOL,2025/Jul,92004.35
353030,MIRASSOL,2025/Ago,95620.08
353030,MIRASSOL,2025/Set,92024.53
353030,MIRASSOL,2025/Out,31206.88
353050,MOCOCA,2025/Jul,514302.68
353050,MOCOCA,2025/Ago,523463.54
353050,MOCOCA,2025/Set,500626.45
353050,MOCOCA,2025/Out,404082.29
353050,MOCOCA,2025/Nov,396862.68
353050,MOCOCA,2025/Dez,447056.57
353050,MOCOCA,2026/Jan,383592.59
353050,MOCOCA,2026/Fev,453715.74
353050,MOCOCA,2026/Mar,453898.74
353050,MOCOCA,2026/Abr,283790.73
353050,MOCOCA,2026/Mai,547573.53
353050,MOCOCA,2026/Jun,585388.02
353060,MOGI DAS CRUZES,2025/Jul,5974793.12
353060,MOGI DAS CRUZES,2025/Ago,5711458.74
353060,MOGI DAS CRUZES,2025/Set,5457197.19
353060,MOGI DAS CRUZES,2025/Out,4811871.6
353060,MOGI DAS CRUZES,2025/Nov,5063032.82
353060,MOGI DAS CRUZES,2025/Dez,5014176.92
353060,MOGI DAS CRUZES,2026/Jan,6247162.1
353060,MOGI DAS CRUZES,2026/Fev,3893167.32
353060,MOGI DAS CRUZES,2026/Mar,5179707.74
353060,MOGI DAS CRUZES,2026/Abr,5754380.47
353060,MOGI DAS CRUZES,2026/Mai,5001124.48
353060,MOGI DAS CRUZES,2026/Jun,5571113.9
353070,MOGI GUACU,2025/Jul,1602183.19
353070,MOGI GUACU,2025/Ago,1384934.08
353070,MOGI GUACU,2025/Set,1757398.95
353070,MOGI GUACU,2025/Out,1505078.69
353070,MOGI GUACU,2025/Nov,1426843.52
353070,MOGI GUACU,2025/Dez,1373824.44
353070,MOGI GUACU,2026/Jan,1308512.37
353070,MOGI GUACU,2026/Fev,1435825.12
353070,MOGI GUACU,2026/Mar,1713134.46
353070,MOGI GUACU,2026/Abr,1718820.28
353070,MOGI GUACU,2026/Mai,1854157.27
353070,MOGI GUACU,2026/Jun,1730032.23
353080,MOGI MIRIM,2025/Jul,1023502.78
353080,MOGI MIRIM,2025/Ago,891477.09
353080,MOGI MIRIM,2025/Set,957244.4
353080,MOGI MIRIM,2025/Out,860594.22
353080,MOGI MIRIM,2025/Nov,1019494.54
353080,MOGI MIRIM,2025/Dez,1043070.07
353080,MOGI MIRIM,2026/Jan,899356.09
353080,MOGI MIRIM,2026/Fev,805311.12
353080,MOGI MIRIM,2026/Mar,1028572.48
353080,MOGI MIRIM,2026/Abr,1013750.96
353080,MOGI MIRIM,2026/Mai,971734.58
353080,MOGI MIRIM,2026/Jun,1195052.19
353110,MONGAGUA,2025/Jul,24256.35
353110,MONGAGUA,2025/Ago,21376.21
353110,MONGAGUA,2025/Set,19497.83
353110,MONGAGUA,2025/Out,19248.86
353110,MONGAGUA,2025/Nov,18258.21
353110,MONGAGUA,2025/Dez,18761.03
353110,MONGAGUA,2026/Jan,16731.66
353110,MONGAGUA,2026/Fev,13101.14
353110,MONGAGUA,2026/Mar,14532.6
353110,MONGAGUA,2026/Abr,16613.69
353110,MONGAGUA,2026/Mai,30665.87
353110,MONGAGUA,2026/Jun,21613.05
353130,MONTE ALTO,2025/Jul,415631.82
353130,MONTE ALTO,2025/Ago,376253.46
353130,MONTE ALTO,2025/Set,500561.9
353130,MONTE ALTO,2025/Out,460709.46
353130,MONTE ALTO,2025/Nov,317920.44
353130,MONTE ALTO,2025/Dez,340545.36
353130,MONTE ALTO,2026/Jan,338890.81
353130,MONTE ALTO,2026/Fev,352426.88
353130,MONTE ALTO,2026/Mar,402627.67
353130,MONTE ALTO,2026/Abr,394972.97
353130,MONTE ALTO,2026/Mai,386704.81
353130,MONTE ALTO,2026/Jun,352301.82
353140,MONTE APRAZIVEL,2025/Jul,113096.57
353140,MONTE APRAZIVEL,2025/Ago,139708.7
353140,MONTE APRAZIVEL,2025/Set,167411.14
353140,MONTE APRAZIVEL,2025/Out,154719.4
353140,MONTE APRAZIVEL,2025/Nov,154556.37
353140,MONTE APRAZIVEL,2025/Dez,133757.02
353140,MONTE APRAZIVEL,2026/Jan,149600.73
353140,MONTE APRAZIVEL,2026/Fev,143587.55
353140,MONTE APRAZIVEL,2026/Mar,166724.94
353140,MONTE APRAZIVEL,2026/Abr,109616.95
353140,MONTE APRAZIVEL,2026/Mai,137552.9
353140,MONTE APRAZIVEL,2026/Jun,90162.39
353150,MONTE AZUL PAULISTA,2025/Jul,219318.81
353150,MONTE AZUL PAULISTA,2025/Ago,188788.4
353150,MONTE AZUL PAULISTA,2025/Set,286786.7
353150,MONTE AZUL PAULISTA,2025/Out,236136.46
353150,MONTE AZUL PAULISTA,2025/Nov,221795.33
353150,MONTE AZUL PAULISTA,2025/Dez,235624.94
353150,MONTE AZUL PAULISTA,2026/Jan,289126.31
353150,MONTE AZUL PAULISTA,2026/Fev,157708.75
353150,MONTE AZUL PAULISTA,2026/Mar,298690.91
353150,MONTE AZUL PAULISTA,2026/Abr,154128.88
353150,MONTE AZUL PAULISTA,2026/Mai,435012.75
353150,MONTE AZUL PAULISTA,2026/Jun,260741.73
353180,MONTE MOR,2025/Jul,55784.1
353180,MONTE MOR,2025/Ago,51988.79
353180,MONTE MOR,2025/Set,40509.52
353180,MONTE MOR,2025/Out,40579.0
353180,MONTE MOR,2025/Nov,47811.2
353180,MONTE MOR,2025/Dez,38931.47
353180,MONTE MOR,2026/Jan,38966.11
353180,MONTE MOR,2026/Fev,37033.05
353180,MONTE MOR,2026/Mar,37748.52
353180,MONTE MOR,2026/Abr,44737.96
353180,MONTE MOR,2026/Mai,41490.25
353180,MONTE MOR,2026/Jun,42746.78
353190,MORRO AGUDO,2025/Jul,132769.28
353190,MORRO AGUDO,2025/Ago,208615.42
353190,MORRO AGUDO,2025/Set,123553.53
353190,MORRO AGUDO,2025/Out,187597.99
353190,MORRO AGUDO,2025/Nov,123320.66
353190,MORRO AGUDO,2025/Dez,148703.46
353190,MORRO AGUDO,2026/Jan,176834.05
353190,MORRO AGUDO,2026/Fev,215916.55
353190,MORRO AGUDO,2026/Mar,270798.93
353190,MORRO AGUDO,2026/Abr,146641.47
353190,MORRO AGUDO,2026/Mai,148506.83
353190,MORRO AGUDO,2026/Jun,261232.45
353200,MORUNGABA,2025/Jul,14298.87
353200,MORUNGABA,2025/Ago,6116.6
353200,MORUNGABA,2025/Set,9943.76
353200,MORUNGABA,2025/Out,7723.04
353200,MORUNGABA,2025/Nov,11468.6
353200,MORUNGABA,2025/Dez,7176.43
353200,MORUNGABA,2026/Jan,7218.09
353200,MORUNGABA,2026/Fev,3138.75
353200,MORUNGABA,2026/Mar,7084.98
353200,MORUNGABA,2026/Abr,6175.41
353200,MORUNGABA,2026/Mai,6885.27
353200,MORUNGABA,2026/Jun,13369.95
353240,NAZARE PAULISTA,2025/Jul,16580.36
353240,NAZARE PAULISTA,2025/Ago,19001.42
353240,NAZARE PAULISTA,2025/Set,15812.64
353240,NAZARE PAULISTA,2025/Out,13618.88
353240,NAZARE PAULISTA,2025/Nov,8472.48
353240,NAZARE PAULISTA,2025/Dez,10599.58
353240,NAZARE PAULISTA,2026/Jan,11123.16
353240,NAZARE PAULISTA,2026/Fev,13774.13
353240,NAZARE PAULISTA,2026/Mar,13002.23
353250,NEVES PAULISTA,2025/Jul,2340.92
353250,NEVES PAULISTA,2025/Ago,1982.46
353250,NEVES PAULISTA,2025/Set,1909.53
353250,NEVES PAULISTA,2025/Out,3394.97
353250,NEVES PAULISTA,2025/Nov,2077.91
353250,NEVES PAULISTA,2025/Dez,1632.81
353250,NEVES PAULISTA,2026/Jan,1252.84
353250,NEVES PAULISTA,2026/Fev,1750.42
353250,NEVES PAULISTA,2026/Mar,3045.37
353250,NEVES PAULISTA,2026/Abr,407.44
353250,NEVES PAULISTA,2026/Mai,359.91
353250,NEVES PAULISTA,2026/Jun,889.91
353260,NHANDEARA,2025/Jul,176006.81
353260,NHANDEARA,2025/Ago,192228.54
353260,NHANDEARA,2025/Set,185296.72
353260,NHANDEARA,2025/Out,203451.38
353260,NHANDEARA,2025/Nov,203090.15
353260,NHANDEARA,2025/Dez,250998.67
353260,NHANDEARA,2026/Jan,209959.66
353260,NHANDEARA,2026/Fev,202966.25
353260,NHANDEARA,2026/Mar,185979.39
353260,NHANDEARA,2026/Abr,194152.01
353260,NHANDEARA,2026/Mai,406054.52
353260,NHANDEARA,2026/Jun,253968.71
353290,NOVA EUROPA,2025/Jul,4360.49
353290,NOVA EUROPA,2025/Ago,14341.89
353290,NOVA EUROPA,2025/Set,22061.88
353290,NOVA EUROPA,2025/Out,8141.72
353290,NOVA EUROPA,2025/Nov,11653.84
353290,NOVA EUROPA,2025/Dez,19718.69
353290,NOVA EUROPA,2026/Jan,12974.99
353290,NOVA EUROPA,2026/Fev,12381.39
353290,NOVA EUROPA,2026/Mar,15736.41
353290,NOVA EUROPA,2026/Abr,17585.61
353290,NOVA EUROPA,2026/Mai,16002.18
353290,NOVA EUROPA,2026/Jun,13030.52
353300,NOVA GRANADA,2025/Jul,67980.83
353300,NOVA GRANADA,2025/Ago,70275.4
353300,NOVA GRANADA,2025/Set,67058.21
353300,NOVA GRANADA,2025/Out,67175.11
353300,NOVA GRANADA,2025/Nov,67945.26
353300,NOVA GRANADA,2025/Dez,58256.55
353300,NOVA GRANADA,2026/Jan,56210.14
353300,NOVA GRANADA,2026/Fev,39896.93
353300,NOVA GRANADA,2026/Mar,50924.96
353300,NOVA GRANADA,2026/Abr,74355.49
353300,NOVA GRANADA,2026/Mai,64502.57
353300,NOVA GRANADA,2026/Jun,73823.58
353340,NOVA ODESSA,2025/Jul,59520.21
353340,NOVA ODESSA,2025/Ago,96598.84
353340,NOVA ODESSA,2025/Set,68299.47
353340,NOVA ODESSA,2025/Out,65820.42
353340,NOVA ODESSA,2025/Nov,78275.27
353340,NOVA ODESSA,2025/Dez,70374.02
353340,NOVA ODESSA,2026/Jan,64217.63
353340,NOVA ODESSA,2026/Fev,63315.56
353340,NOVA ODESSA,2026/Mar,68231.33
353340,NOVA ODESSA,2026/Abr,77918.68
353340,NOVA ODESSA,2026/Mai,85473.93
353340,NOVA ODESSA,2026/Jun,68768.99
353350,NOVO HORIZONTE,2025/Jul,275257.24
353350,NOVO HORIZONTE,2025/Ago,313162.09
353350,NOVO HORIZONTE,2025/Set,378939.79
353350,NOVO HORIZONTE,2025/Out,261515.44
353350,NOVO HORIZONTE,2025/Nov,254678.12
353350,NOVO HORIZONTE,2025/Dez,240808.43
353350,NOVO HORIZONTE,2026/Jan,278260.38
353350,NOVO HORIZONTE,2026/Fev,245782.64
353350,NOVO HORIZONTE,2026/Mar,273751.01
353350,NOVO HORIZONTE,2026/Abr,256591.68
353350,NOVO HORIZONTE,2026/Mai,292783.65
353350,NOVO HORIZONTE,2026/Jun,296791.93
353390,OLIMPIA,2025/Jul,375042.98
353390,OLIMPIA,2025/Ago,333582.75
353390,OLIMPIA,2025/Set,339257.22
353390,OLIMPIA,2025/Out,281504.23
353390,OLIMPIA,2025/Nov,307378.42
353390,OLIMPIA,2025/Dez,343016.39
353390,OLIMPIA,2026/Jan,286347.71
353390,OLIMPIA,2026/Fev,268642.17
353390,OLIMPIA,2026/Mar,325285.26
353390,OLIMPIA,2026/Abr,360231.81
353390,OLIMPIA,2026/Mai,308931.88
353390,OLIMPIA,2026/Jun,347107.15
353430,ORLANDIA,2025/Jul,94246.58
353430,ORLANDIA,2025/Ago,61778.03
353430,ORLANDIA,2025/Set,128656.18
353430,ORLANDIA,2025/Out,130455.64
353430,ORLANDIA,2025/Nov,106632.32
353430,ORLANDIA,2025/Dez,137971.27
353430,ORLANDIA,2026/Jan,115966.78
353430,ORLANDIA,2026/Fev,134860.38
353430,ORLANDIA,2026/Mar,79464.31
353430,ORLANDIA,2026/Abr,174426.3
353430,ORLANDIA,2026/Mai,106549.55
353430,ORLANDIA,2026/Jun,110332.44
353440,OSASCO,2025/Jul,3395205.12
353440,OSASCO,2025/Ago,3397761.3
353440,OSASCO,2025/Set,3125068.16
353440,OSASCO,2025/Out,3231174.49
353440,OSASCO,2025/Nov,3047183.71
353440,OSASCO,2025/Dez,2960476.46
353440,OSASCO,2026/Jan,3657777.94
353440,OSASCO,2026/Fev,3261741.1
353440,OSASCO,2026/Mar,2417489.13
353440,OSASCO,2026/Abr,3884103.91
353440,OSASCO,2026/Mai,3225199.38
353440,OSASCO,2026/Jun,3718402.56
353460,OSVALDO CRUZ,2025/Jul,149016.07
353460,OSVALDO CRUZ,2025/Ago,112235.54
353460,OSVALDO CRUZ,2025/Set,123817.35
353460,OSVALDO CRUZ,2025/Out,120737.29
353460,OSVALDO CRUZ,2025/Nov,102161.03
353460,OSVALDO CRUZ,2025/Dez,108145.32
353460,OSVALDO CRUZ,2026/Jan,122999.13
353460,OSVALDO CRUZ,2026/Fev,115503.87
353460,OSVALDO CRUZ,2026/Mar,152524.29
353460,OSVALDO CRUZ,2026/Abr,141025.55
353460,OSVALDO CRUZ,2026/Mai,141101.39
353460,OSVALDO CRUZ,2026/Jun,144123.5
353470,OURINHOS,2025/Jul,1621422.53
353470,OURINHOS,2025/Ago,1716559.79
353470,OURINHOS,2025/Set,1691821.15
353470,OURINHOS,2025/Out,1756760.96
353470,OURINHOS,2025/Nov,1946558.87
353470,OURINHOS,2025/Dez,1750050.41
353470,OURINHOS,2026/Jan,1686764.98
353470,OURINHOS,2026/Fev,1474609.54
353470,OURINHOS,2026/Mar,1592585.47
353470,OURINHOS,2026/Abr,1669534.45
353470,OURINHOS,2026/Mai,1843538.66
353470,OURINHOS,2026/Jun,1924450.06
353475,OUROESTE,2025/Jul,23607.21
353475,OUROESTE,2025/Ago,39066.26
353475,OUROESTE,2025/Set,25924.63
353475,OUROESTE,2025/Out,26402.3
353475,OUROESTE,2025/Nov,26331.97
353475,OUROESTE,2025/Dez,18745.21
353475,OUROESTE,2026/Jan,13984.29
353475,OUROESTE,2026/Fev,23271.84
353475,OUROESTE,2026/Mar,27815.66
353475,OUROESTE,2026/Abr,24326.06
353475,OUROESTE,2026/Mai,24690.32
353475,OUROESTE,2026/Jun,31621.2
353520,PALMEIRA D'OESTE,2025/Jul,17568.78
353520,PALMEIRA D'OESTE,2025/Ago,19255.91
353520,PALMEIRA D'OESTE,2025/Set,26078.74
353520,PALMEIRA D'OESTE,2025/Out,24399.98
353520,PALMEIRA D'OESTE,2025/Nov,21295.74
353520,PALMEIRA D'OESTE,2025/Dez,13648.45
353520,PALMEIRA D'OESTE,2026/Jan,14269.07
353520,PALMEIRA D'OESTE,2026/Fev,17569.86
353520,PALMEIRA D'OESTE,2026/Mar,19783.46
353520,PALMEIRA D'OESTE,2026/Abr,21745.5
353520,PALMEIRA D'OESTE,2026/Mai,13429.43
353520,PALMEIRA D'OESTE,2026/Jun,18140.09
353530,PALMITAL,2025/Jul,129709.78
353530,PALMITAL,2025/Ago,121901.74
353530,PALMITAL,2025/Set,117649.36
353530,PALMITAL,2025/Out,114583.62
353530,PALMITAL,2025/Nov,163894.56
353530,PALMITAL,2025/Dez,121236.1
353530,PALMITAL,2026/Jan,127625.33
353530,PALMITAL,2026/Fev,133768.84
353530,PALMITAL,2026/Mar,185072.15
353530,PALMITAL,2026/Abr,236945.24
353530,PALMITAL,2026/Mai,118661.01
353530,PALMITAL,2026/Jun,128349.76
353550,PARAGUACU PAULISTA,2025/Jul,618685.59
353550,PARAGUACU PAULISTA,2025/Ago,601030.53
353550,PARAGUACU PAULISTA,2025/Set,560002.75
353550,PARAGUACU PAULISTA,2025/Out,619764.85
353550,PARAGUACU PAULISTA,2025/Nov,495450.76
353550,PARAGUACU PAULISTA,2025/Dez,575901.88
353550,PARAGUACU PAULISTA,2026/Jan,642716.17
353550,PARAGUACU PAULISTA,2026/Fev,506881.74
353550,PARAGUACU PAULISTA,2026/Mar,666107.29
353550,PARAGUACU PAULISTA,2026/Abr,519823.27
353550,PARAGUACU PAULISTA,2026/Mai,568659.48
353550,PARAGUACU PAULISTA,2026/Jun,592536.43
353580,PARANAPANEMA,2025/Jul,33544.36
353580,PARANAPANEMA,2025/Ago,29241.24
353580,PARANAPANEMA,2025/Set,29437.85
353580,PARANAPANEMA,2025/Out,26501.44
353580,PARANAPANEMA,2025/Nov,24820.19
353580,PARANAPANEMA,2025/Dez,22066.93
353580,PARANAPANEMA,2026/Jan,30149.95
353580,PARANAPANEMA,2026/Fev,15288.51
353580,PARANAPANEMA,2026/Mar,24963.74
353580,PARANAPANEMA,2026/Abr,26946.61
353580,PARANAPANEMA,2026/Mai,30083.56
353580,PARANAPANEMA,2026/Jun,26916.64
353600,PARAPUA,2025/Out,16114.68
353600,PARAPUA,2025/Nov,6267.67
353600,PARAPUA,2025/Dez,15759.35
353600,PARAPUA,2026/Jan,10180.79
353600,PARAPUA,2026/Fev,8433.15
353620,PARIQUERA-ACU,2025/Jul,1136613.53
353620,PARIQUERA-ACU,2025/Ago,1151610.09
353620,PARIQUERA-ACU,2025/Set,991855.35
353620,PARIQUERA-ACU,2025/Out,1131388.24
353620,PARIQUERA-ACU,2025/Nov,978771.15
353620,PARIQUERA-ACU,2025/Dez,956601.21
353620,PARIQUERA-ACU,2026/Jan,1014042.9
353620,PARIQUERA-ACU,2026/Fev,999522.91
353620,PARIQUERA-ACU,2026/Mar,1097058.63
353620,PARIQUERA-ACU,2026/Abr,863290.45
353620,PARIQUERA-ACU,2026/Mai,1022782.03
353620,PARIQUERA-ACU,2026/Jun,1001964.32
353630,PATROCINIO PAULISTA,2025/Jul,39072.06
353630,PATROCINIO PAULISTA,2025/Ago,41472.64
353630,PATROCINIO PAULISTA,2025/Set,48532.82
353630,PATROCINIO PAULISTA,2025/Out,58017.25
353630,PATROCINIO PAULISTA,2025/Nov,37733.21
353630,PATROCINIO PAULISTA,2025/Dez,31538.69
353630,PATROCINIO PAULISTA,2026/Jan,31776.96
353630,PATROCINIO PAULISTA,2026/Fev,37591.94
353630,PATROCINIO PAULISTA,2026/Mar,47823.62
353630,PATROCINIO PAULISTA,2026/Abr,53308.98
353630,PATROCINIO PAULISTA,2026/Mai,54201.99
353630,PATROCINIO PAULISTA,2026/Jun,47103.78
353650,PAULINIA,2025/Jul,267914.88
353650,PAULINIA,2025/Ago,370917.19
353650,PAULINIA,2025/Set,511574.11
353650,PAULINIA,2025/Out,335502.04
353650,PAULINIA,2025/Nov,655131.67
353650,PAULINIA,2025/Dez,807291.53
353650,PAULINIA,2026/Jan,650012.7
353650,PAULINIA,2026/Fev,887037.3
353650,PAULINIA,2026/Mar,493392.43
353660,PAULO DE FARIA,2025/Jul,3000.38
353660,PAULO DE FARIA,2025/Ago,5202.4
353660,PAULO DE FARIA,2025/Set,5077.38
353660,PAULO DE FARIA,2025/Out,1553.76
353660,PAULO DE FARIA,2025/Nov,3770.36
353660,PAULO DE FARIA,2025/Dez,6430.42
353660,PAULO DE FARIA,2026/Jan,1903.04
353660,PAULO DE FARIA,2026/Fev,5674.67
353660,PAULO DE FARIA,2026/Mar,5721.79
353660,PAULO DE FARIA,2026/Abr,4887.27
353660,PAULO DE FARIA,2026/Mai,4319.56
353660,PAULO DE FARIA,2026/Jun,4290.72
353670,PEDERNEIRAS,2025/Jul,233199.67
353670,PEDERNEIRAS,2025/Ago,205245.47
353670,PEDERNEIRAS,2025/Set,216841.54
353670,PEDERNEIRAS,2025/Out,99500.86
353670,PEDERNEIRAS,2025/Nov,107685.38
353670,PEDERNEIRAS,2025/Dez,81031.48
353670,PEDERNEIRAS,2026/Jan,186716.49
353670,PEDERNEIRAS,2026/Fev,309167.99
353670,PEDERNEIRAS,2026/Mar,222405.16
353670,PEDERNEIRAS,2026/Abr,162948.43
353670,PEDERNEIRAS,2026/Mai,184972.11
353670,PEDERNEIRAS,2026/Jun,172927.93
353700,PEDREGULHO,2025/Jul,45315.41
353700,PEDREGULHO,2025/Ago,41524.64
353700,PEDREGULHO,2025/Set,48425.85
353700,PEDREGULHO,2025/Out,38966.61
353700,PEDREGULHO,2025/Nov,40132.78
353700,PEDREGULHO,2025/Dez,34053.2
353700,PEDREGULHO,2026/Jan,38814.25
353700,PEDREGULHO,2026/Fev,46688.85
353700,PEDREGULHO,2026/Mar,35903.07
353700,PEDREGULHO,2026/Abr,34659.14
353700,PEDREGULHO,2026/Mai,31554.49
353700,PEDREGULHO,2026/Jun,34900.34
353710,PEDREIRA,2025/Jul,52740.33
353710,PEDREIRA,2025/Ago,62081.09
353710,PEDREIRA,2025/Set,69338.82
353710,PEDREIRA,2025/Out,69216.67
353710,PEDREIRA,2025/Nov,63873.48
353710,PEDREIRA,2025/Dez,60732.02
353710,PEDREIRA,2026/Jan,62163.95
353710,PEDREIRA,2026/Fev,48119.84
353710,PEDREIRA,2026/Mar,72608.66
353710,PEDREIRA,2026/Abr,99431.13
353710,PEDREIRA,2026/Mai,141926.47
353710,PEDREIRA,2026/Jun,193974.6
353730,PENAPOLIS,2025/Jul,634642.44
353730,PENAPOLIS,2025/Ago,625710.39
353730,PENAPOLIS,2025/Set,550505.43
353730,PENAPOLIS,2025/Out,541395.3
353730,PENAPOLIS,2025/Nov,511325.37
353730,PENAPOLIS,2025/Dez,576521.33
353730,PENAPOLIS,2026/Jan,468549.32
353730,PENAPOLIS,2026/Fev,519441.7
353730,PENAPOLIS,2026/Mar,496413.94
353730,PENAPOLIS,2026/Abr,504528.07
353730,PENAPOLIS,2026/Mai,527986.54
353730,PENAPOLIS,2026/Jun,544577.52
353740,PEREIRA BARRETO,2025/Jul,27716.52
353740,PEREIRA BARRETO,2025/Ago,28124.8
353740,PEREIRA BARRETO,2025/Set,29525.75
353740,PEREIRA BARRETO,2025/Out,28343.72
353740,PEREIRA BARRETO,2025/Nov,37416.95
353740,PEREIRA BARRETO,2025/Dez,65753.25
353740,PEREIRA BARRETO,2026/Jan,29216.76
353740,PEREIRA BARRETO,2026/Fev,34284.64
353740,PEREIRA BARRETO,2026/Mar,62539.42
353740,PEREIRA BARRETO,2026/Abr,43363.43
353740,PEREIRA BARRETO,2026/Mai,29839.02
353780,PIEDADE,2025/Jul,105891.98
353780,PIEDADE,2025/Ago,123469.71
353780,PIEDADE,2025/Set,122862.59
353780,PIEDADE,2025/Out,110307.54
353780,PIEDADE,2025/Nov,110532.12
353780,PIEDADE,2025/Dez,113846.69
353780,PIEDADE,2026/Jan,125742.45
353780,PIEDADE,2026/Fev,151580.67
353780,PIEDADE,2026/Mar,163401.61
353780,PIEDADE,2026/Abr,119338.61
353780,PIEDADE,2026/Mai,142452.54
353780,PIEDADE,2026/Jun,158451.15
353790,PILAR DO SUL,2025/Jul,41306.87
353790,PILAR DO SUL,2025/Ago,45388.61
353790,PILAR DO SUL,2025/Set,49518.21
353790,PILAR DO SUL,2025/Out,35500.59
353790,PILAR DO SUL,2025/Nov,35673.62
353790,PILAR DO SUL,2025/Dez,33962.98
353790,PILAR DO SUL,2026/Jan,30228.44
353790,PILAR DO SUL,2026/Fev,39054.89
353790,PILAR DO SUL,2026/Mar,40732.82
353790,PILAR DO SUL,2026/Abr,47322.15
353790,PILAR DO SUL,2026/Mai,31649.72
353790,PILAR DO SUL,2026/Jun,45443.95
353800,PINDAMONHANGABA,2025/Jul,665263.64
353800,PINDAMONHANGABA,2025/Ago,499909.38
353800,PINDAMONHANGABA,2025/Set,682652.31
353800,PINDAMONHANGABA,2025/Out,805697.86
353800,PINDAMONHANGABA,2025/Nov,668182.8
353800,PINDAMONHANGABA,2025/Dez,691717.33
353800,PINDAMONHANGABA,2026/Jan,1272213.71
353800,PINDAMONHANGABA,2026/Fev,1017123.03
353800,PINDAMONHANGABA,2026/Mar,1573877.0
353800,PINDAMONHANGABA,2026/Abr,907548.38
353800,PINDAMONHANGABA,2026/Mai,921166.41
353800,PINDAMONHANGABA,2026/Jun,994156.27
353860,PIRACAIA,2025/Jul,15640.9
353860,PIRACAIA,2025/Ago,12718.63
353860,PIRACAIA,2025/Set,12176.22
353860,PIRACAIA,2025/Out,12921.14
353860,PIRACAIA,2025/Nov,10385.51
353860,PIRACAIA,2025/Dez,16198.25
353860,PIRACAIA,2026/Jan,16524.89
353860,PIRACAIA,2026/Fev,13173.83
353860,PIRACAIA,2026/Mar,16028.74
353860,PIRACAIA,2026/Abr,13743.78
353860,PIRACAIA,2026/Mai,19170.62
353860,PIRACAIA,2026/Jun,18650.96
353870,PIRACICABA,2025/Jul,6590168.02
353870,PIRACICABA,2025/Ago,6847088.89
353870,PIRACICABA,2025/Set,6846577.95
353870,PIRACICABA,2025/Out,7104829.61
353870,PIRACICABA,2025/Nov,6137293.63
353870,PIRACICABA,2025/Dez,5838888.37
353870,PIRACICABA,2026/Jan,5857110.76
353870,PIRACICABA,2026/Fev,6102754.94
353870,PIRACICABA,2026/Mar,7148775.41
353870,PIRACICABA,2026/Abr,6166981.37
353870,PIRACICABA,2026/Mai,6102346.05
353870,PIRACICABA,2026/Jun,7087802.41
353880,PIRAJU,2025/Jul,95680.8
353880,PIRAJU,2025/Ago,88540.4
353880,PIRAJU,2025/Set,76410.33
353880,PIRAJU,2025/Out,70973.66
353880,PIRAJU,2025/Nov,64032.73
353880,PIRAJU,2025/Dez,93360.88
353880,PIRAJU,2026/Jan,63851.53
353880,PIRAJU,2026/Fev,58935.98
353880,PIRAJU,2026/Mar,52547.56
353880,PIRAJU,2026/Abr,71703.71
353880,PIRAJU,2026/Mai,85134.86
353880,PIRAJU,2026/Jun,76504.0
353890,PIRAJUI,2025/Jul,173270.72
353890,PIRAJUI,2025/Ago,169434.6
353890,PIRAJUI,2025/Set,153607.49
353890,PIRAJUI,2025/Out,144057.32
353890,PIRAJUI,2025/Nov,151030.23
353890,PIRAJUI,2025/Dez,146163.13
353890,PIRAJUI,2026/Jan,155794.17
353890,PIRAJUI,2026/Fev,152151.78
353890,PIRAJUI,2026/Mar,162564.67
353890,PIRAJUI,2026/Abr,157843.46
353890,PIRAJUI,2026/Mai,158857.2
353890,PIRAJUI,2026/Jun,150654.32
353900,PIRANGI,2025/Jul,85972.51
353900,PIRANGI,2025/Ago,118861.06
353900,PIRANGI,2025/Set,92933.84
353900,PIRANGI,2025/Out,163311.8
353900,PIRANGI,2025/Nov,240869.11
353900,PIRANGI,2025/Dez,124159.59
353900,PIRANGI,2026/Jan,192127.26
353900,PIRANGI,2026/Fev,294587.09
353900,PIRANGI,2026/Mar,160018.18
353900,PIRANGI,2026/Abr,182624.14
353900,PIRANGI,2026/Mai,206690.4
353900,PIRANGI,2026/Jun,227738.49
353930,PIRASSUNUNGA,2025/Jul,298448.69
353930,PIRASSUNUNGA,2025/Ago,297754.23
353930,PIRASSUNUNGA,2025/Set,309081.7
353930,PIRASSUNUNGA,2025/Out,255631.12
353930,PIRASSUNUNGA,2025/Nov,270380.94
353930,PIRASSUNUNGA,2025/Dez,294163.18
353930,PIRASSUNUNGA,2026/Jan,316738.13
353930,PIRASSUNUNGA,2026/Fev,242060.24
353930,PIRASSUNUNGA,2026/Mar,392219.05
353930,PIRASSUNUNGA,2026/Abr,291700.36
353930,PIRASSUNUNGA,2026/Mai,190060.47
353930,PIRASSUNUNGA,2026/Jun,301512.8
353940,PIRATININGA,2025/Jul,10466.5
353940,PIRATININGA,2025/Ago,6673.21
353940,PIRATININGA,2025/Set,4541.02
353940,PIRATININGA,2025/Out,6962.31
353940,PIRATININGA,2025/Nov,8189.41
353940,PIRATININGA,2025/Dez,8459.93
353940,PIRATININGA,2026/Jan,8144.58
353940,PIRATININGA,2026/Fev,5357.35
353940,PIRATININGA,2026/Mar,9508.87
353940,PIRATININGA,2026/Abr,7033.56
353940,PIRATININGA,2026/Mai,7235.84
353940,PIRATININGA,2026/Jun,10782.12
353950,PITANGUEIRAS,2025/Jul,86447.87
353950,PITANGUEIRAS,2025/Ago,89817.34
353950,PITANGUEIRAS,2025/Set,106504.06
353950,PITANGUEIRAS,2025/Out,92552.19
353950,PITANGUEIRAS,2025/Nov,51460.0
353950,PITANGUEIRAS,2025/Dez,48872.78
353950,PITANGUEIRAS,2026/Jan,45620.95
353950,PITANGUEIRAS,2026/Fev,51268.04
353950,PITANGUEIRAS,2026/Mar,64756.61
353950,PITANGUEIRAS,2026/Abr,59298.07
353950,PITANGUEIRAS,2026/Mai,60897.29
353950,PITANGUEIRAS,2026/Jun,48143.96
354000,POMPEIA,2025/Jul,33892.38
354000,POMPEIA,2025/Ago,31541.81
354000,POMPEIA,2025/Set,37113.23
354000,POMPEIA,2025/Out,30109.98
354000,POMPEIA,2025/Nov,40779.89
354000,POMPEIA,2025/Dez,11011.68
354000,POMPEIA,2026/Jan,30365.22
354000,POMPEIA,2026/Fev,31489.8
354000,POMPEIA,2026/Mar,32997.06
354000,POMPEIA,2026/Abr,22436.0
354000,POMPEIA,2026/Mai,32501.01
354000,POMPEIA,2026/Jun,34014.46
354020,PONTAL,2025/Jul,66494.51
354020,PONTAL,2025/Ago,55028.56
354020,PONTAL,2025/Set,45908.06
354020,PONTAL,2025/Out,36279.66
354020,PONTAL,2025/Nov,115852.55
354020,PONTAL,2025/Dez,65327.96
354020,PONTAL,2026/Jan,54308.53
354020,PONTAL,2026/Fev,69995.74
354020,PONTAL,2026/Mar,91512.24
354020,PONTAL,2026/Abr,82054.61
354020,PONTAL,2026/Mai,45428.29
354020,PONTAL,2026/Jun,39311.39
354040,POPULINA,2025/Jul,8076.41
354040,POPULINA,2025/Ago,5221.35
354040,POPULINA,2025/Set,3641.56
354040,POPULINA,2025/Out,4014.89
354040,POPULINA,2025/Nov,3554.5
354040,POPULINA,2025/Dez,3335.95
354040,POPULINA,2026/Jan,5909.99
354040,POPULINA,2026/Fev,6209.12
354040,POPULINA,2026/Mar,3404.54
354040,POPULINA,2026/Abr,3493.6
354040,POPULINA,2026/Mai,2611.64
354040,POPULINA,2026/Jun,5061.18
354060,PORTO FELIZ,2025/Jul,432858.02
354060,PORTO FELIZ,2025/Ago,381162.06
354060,PORTO FELIZ,2025/Set,325790.0
354060,PORTO FELIZ,2025/Out,306657.78
354060,PORTO FELIZ,2025/Nov,262687.94
354060,PORTO FELIZ,2025/Dez,263772.11
354060,PORTO FELIZ,2026/Jan,314953.0
354060,PORTO FELIZ,2026/Fev,283918.7
354060,PORTO FELIZ,2026/Mar,318764.04
354060,PORTO FELIZ,2026/Abr,233062.52
354060,PORTO FELIZ,2026/Mai,273623.5
354060,PORTO FELIZ,2026/Jun,237163.3
354070,PORTO FERREIRA,2025/Jul,219823.9
354070,PORTO FERREIRA,2025/Ago,256838.27
354070,PORTO FERREIRA,2025/Set,227171.77
354070,PORTO FERREIRA,2025/Out,242272.02
354070,PORTO FERREIRA,2025/Nov,207487.56
354070,PORTO FERREIRA,2025/Dez,159216.52
354070,PORTO FERREIRA,2026/Jan,193295.83
354070,PORTO FERREIRA,2026/Fev,186698.73
354070,PORTO FERREIRA,2026/Mar,199548.27
354070,PORTO FERREIRA,2026/Abr,202290.02
354070,PORTO FERREIRA,2026/Mai,184589.65
354070,PORTO FERREIRA,2026/Jun,208170.8
354080,POTIRENDABA,2025/Jul,27398.69
354080,POTIRENDABA,2025/Ago,40054.23
354080,POTIRENDABA,2025/Set,28503.64
354080,POTIRENDABA,2025/Out,22907.41
354080,POTIRENDABA,2025/Nov,17686.76
354080,POTIRENDABA,2025/Dez,19185.32
354080,POTIRENDABA,2026/Jan,22508.55
354080,POTIRENDABA,2026/Fev,19804.04
354080,POTIRENDABA,2026/Mar,28389.28
354080,POTIRENDABA,2026/Abr,27900.97
354080,POTIRENDABA,2026/Mai,35666.07
354080,POTIRENDABA,2026/Jun,39773.88
354100,PRAIA GRANDE,2025/Jul,891711.05
354100,PRAIA GRANDE,2025/Ago,879012.58
354100,PRAIA GRANDE,2025/Set,1125949.46
354100,PRAIA GRANDE,2025/Out,1500952.58
354100,PRAIA GRANDE,2025/Nov,1441700.99
354100,PRAIA GRANDE,2025/Dez,1274519.82
354100,PRAIA GRANDE,2026/Jan,1442941.11
354100,PRAIA GRANDE,2026/Fev,1227956.68
354100,PRAIA GRANDE,2026/Mar,1528016.04
354100,PRAIA GRANDE,2026/Abr,1519121.79
354100,PRAIA GRANDE,2026/Mai,1526190.8
354100,PRAIA GRANDE,2026/Jun,1458025.77
354120,PRESIDENTE BERNARDES,2025/Jul,46966.6
354120,PRESIDENTE BERNARDES,2025/Ago,32978.53
354120,PRESIDENTE BERNARDES,2025/Set,38795.99
354120,PRESIDENTE BERNARDES,2025/Out,37216.56
354120,PRESIDENTE BERNARDES,2025/Nov,35115.26
354120,PRESIDENTE BERNARDES,2025/Dez,41989.2
354120,PRESIDENTE BERNARDES,2026/Jan,36103.67
354120,PRESIDENTE BERNARDES,2026/Fev,34755.34
354120,PRESIDENTE BERNARDES,2026/Mar,33703.78
354120,PRESIDENTE BERNARDES,2026/Abr,31604.84
354120,PRESIDENTE BERNARDES,2026/Mai,46326.18
354120,PRESIDENTE BERNARDES,2026/Jun,48251.51
354130,PRESIDENTE EPITACIO,2025/Jul,179609.32
354130,PRESIDENTE EPITACIO,2025/Ago,141651.04
354130,PRESIDENTE EPITACIO,2025/Set,128237.31
354130,PRESIDENTE EPITACIO,2025/Out,143057.6
354130,PRESIDENTE EPITACIO,2025/Nov,156834.47
354130,PRESIDENTE EPITACIO,2025/Dez,185430.71
354130,PRESIDENTE EPITACIO,2026/Jan,108211.4
354130,PRESIDENTE EPITACIO,2026/Fev,85233.3
354130,PRESIDENTE EPITACIO,2026/Mar,115322.88
354130,PRESIDENTE EPITACIO,2026/Abr,121348.91
354130,PRESIDENTE EPITACIO,2026/Mai,130188.98
354130,PRESIDENTE EPITACIO,2026/Jun,100691.03
354140,PRESIDENTE PRUDENTE,2025/Jul,7202310.66
354140,PRESIDENTE PRUDENTE,2025/Ago,7850979.25
354140,PRESIDENTE PRUDENTE,2025/Set,7994061.33
354140,PRESIDENTE PRUDENTE,2025/Out,7912934.14
354140,PRESIDENTE PRUDENTE,2025/Nov,7331232.09
354140,PRESIDENTE PRUDENTE,2025/Dez,7434464.23
354140,PRESIDENTE PRUDENTE,2026/Jan,7301726.62
354140,PRESIDENTE PRUDENTE,2026/Fev,6820288.93
354140,PRESIDENTE PRUDENTE,2026/Mar,7933996.67
354140,PRESIDENTE PRUDENTE,2026/Abr,7047354.51
354140,PRESIDENTE PRUDENTE,2026/Mai,7999821.64
354140,PRESIDENTE PRUDENTE,2026/Jun,7692089.7
354150,PRESIDENTE VENCESLAU,2025/Jul,244294.37
354150,PRESIDENTE VENCESLAU,2025/Ago,216694.75
354150,PRESIDENTE VENCESLAU,2025/Set,222870.74
354150,PRESIDENTE VENCESLAU,2025/Out,192048.7
354150,PRESIDENTE VENCESLAU,2025/Nov,267800.59
354150,PRESIDENTE VENCESLAU,2025/Dez,282289.29
354150,PRESIDENTE VENCESLAU,2026/Jan,175308.9
354150,PRESIDENTE VENCESLAU,2026/Fev,254177.1
354150,PRESIDENTE VENCESLAU,2026/Mar,219279.01
354150,PRESIDENTE VENCESLAU,2026/Abr,146767.28
354150,PRESIDENTE VENCESLAU,2026/Mai,185574.5
354150,PRESIDENTE VENCESLAU,2026/Jun,262495.98
354160,PROMISSAO,2025/Jul,313124.7
354160,PROMISSAO,2025/Ago,485836.8
354160,PROMISSAO,2025/Set,368977.18
354160,PROMISSAO,2025/Out,338535.08
354160,PROMISSAO,2025/Nov,443587.99
354160,PROMISSAO,2025/Dez,340385.52
354160,PROMISSAO,2026/Jan,380564.79
354160,PROMISSAO,2026/Fev,321254.3
354160,PROMISSAO,2026/Mar,460634.17
354160,PROMISSAO,2026/Abr,363112.77
354160,PROMISSAO,2026/Mai,390194.88
354160,PROMISSAO,2026/Jun,376317.51
354190,QUELUZ,2025/Jul,4402.35
354190,QUELUZ,2025/Ago,9325.55
354190,QUELUZ,2025/Set,9221.13
354190,QUELUZ,2025/Out,4897.23
354190,QUELUZ,2025/Nov,4412.79
354190,QUELUZ,2025/Dez,5808.41
354190,QUELUZ,2026/Jan,8297.77
354190,QUELUZ,2026/Fev,7050.77
354190,QUELUZ,2026/Mar,9731.51
354190,QUELUZ,2026/Abr,11626.39
354220,RANCHARIA,2025/Jul,407622.73
354220,RANCHARIA,2025/Ago,438882.09
354220,RANCHARIA,2025/Set,452732.64
354220,RANCHARIA,2025/Out,427107.67
354220,RANCHARIA,2025/Nov,392316.82
354220,RANCHARIA,2025/Dez,336313.08
354220,RANCHARIA,2026/Jan,422851.08
354220,RANCHARIA,2026/Fev,409063.33
354220,RANCHARIA,2026/Mar,456976.37
354220,RANCHARIA,2026/Abr,428530.94
354220,RANCHARIA,2026/Mai,427842.63
354220,RANCHARIA,2026/Jun,432561.79
354240,REGENTE FEIJO,2025/Jul,27669.35
354240,REGENTE FEIJO,2025/Ago,22593.42
354240,REGENTE FEIJO,2025/Set,25725.99
354240,REGENTE FEIJO,2025/Out,38412.69
354240,REGENTE FEIJO,2025/Nov,20279.82
354240,REGENTE FEIJO,2025/Dez,10472.78
354240,REGENTE FEIJO,2026/Jan,32213.07
354240,REGENTE FEIJO,2026/Fev,40246.57
354240,REGENTE FEIJO,2026/Mar,29098.07
354240,REGENTE FEIJO,2026/Abr,26508.46
354240,REGENTE FEIJO,2026/Mai,28454.44
354240,REGENTE FEIJO,2026/Jun,31459.73
354260,REGISTRO,2025/Jul,1019683.75
354260,REGISTRO,2025/Ago,884553.98
354260,REGISTRO,2025/Set,905564.84
354260,REGISTRO,2025/Out,954748.45
354260,REGISTRO,2025/Nov,737035.89
354260,REGISTRO,2025/Dez,608563.33
354260,REGISTRO,2026/Jan,729917.01
354260,REGISTRO,2026/Fev,655084.31
354260,REGISTRO,2026/Mar,962186.22
354260,REGISTRO,2026/Abr,1006920.86
354260,REGISTRO,2026/Mai,938779.83
354260,REGISTRO,2026/Jun,902901.63
354290,RIBEIRAO BONITO,2025/Jul,21634.92
354290,RIBEIRAO BONITO,2025/Ago,17571.52
354290,RIBEIRAO BONITO,2025/Set,22598.42
354290,RIBEIRAO BONITO,2025/Out,35247.4
354290,RIBEIRAO BONITO,2025/Nov,53083.17
354290,RIBEIRAO BONITO,2025/Dez,33790.87
354290,RIBEIRAO BONITO,2026/Jan,40758.73
354290,RIBEIRAO BONITO,2026/Fev,46683.63
354290,RIBEIRAO BONITO,2026/Mar,45477.43
354290,RIBEIRAO BONITO,2026/Abr,54671.22
354290,RIBEIRAO BONITO,2026/Mai,26581.49
354290,RIBEIRAO BONITO,2026/Jun,25087.15
354300,RIBEIRAO BRANCO,2025/Jul,49706.14
354300,RIBEIRAO BRANCO,2025/Ago,8064.04
354300,RIBEIRAO BRANCO,2025/Set,7048.48
354300,RIBEIRAO BRANCO,2025/Out,1739.09
354300,RIBEIRAO BRANCO,2025/Nov,14978.68
354300,RIBEIRAO BRANCO,2025/Dez,11054.81
354300,RIBEIRAO BRANCO,2026/Jan,6644.51
354300,RIBEIRAO BRANCO,2026/Fev,11126.06
354300,RIBEIRAO BRANCO,2026/Mar,13680.16
354300,RIBEIRAO BRANCO,2026/Abr,10291.23
354300,RIBEIRAO BRANCO,2026/Mai,16934.21
354300,RIBEIRAO BRANCO,2026/Jun,12391.39
354330,RIBEIRAO PIRES,2025/Jul,99991.43
354330,RIBEIRAO PIRES,2025/Ago,109748.07
354330,RIBEIRAO PIRES,2025/Set,115093.71
354330,RIBEIRAO PIRES,2025/Out,107879.54
354330,RIBEIRAO PIRES,2025/Nov,108172.5
354330,RIBEIRAO PIRES,2025/Dez,98067.8
354330,RIBEIRAO PIRES,2026/Jan,103173.16
354330,RIBEIRAO PIRES,2026/Fev,99223.67
354330,RIBEIRAO PIRES,2026/Mar,106636.75
354330,RIBEIRAO PIRES,2026/Abr,108839.9
354330,RIBEIRAO PIRES,2026/Mai,97344.92
354330,RIBEIRAO PIRES,2026/Jun,99131.42
354340,RIBEIRAO PRETO,2025/Jul,17993626.68
354340,RIBEIRAO PRETO,2025/Ago,20763189.79
354340,RIBEIRAO PRETO,2025/Set,18489046.84
354340,RIBEIRAO PRETO,2025/Out,20533746.83
354340,RIBEIRAO PRETO,2025/Nov,20424108.35
354340,RIBEIRAO PRETO,2025/Dez,17476536.06
354340,RIBEIRAO PRETO,2026/Jan,18467388.16
354340,RIBEIRAO PRETO,2026/Fev,16200798.07
354340,RIBEIRAO PRETO,2026/Mar,18648151.66
354340,RIBEIRAO PRETO,2026/Abr,18462863.58
354340,RIBEIRAO PRETO,2026/Mai,17977486.56
354340,RIBEIRAO PRETO,2026/Jun,17998410.88
354380,RINOPOLIS,2025/Jul,10405.96
354380,RINOPOLIS,2025/Ago,11982.2
354380,RINOPOLIS,2025/Set,13388.58
354380,RINOPOLIS,2025/Out,9263.46
354380,RINOPOLIS,2025/Nov,7784.65
354380,RINOPOLIS,2025/Dez,10179.14
354380,RINOPOLIS,2026/Jan,10636.11
354380,RINOPOLIS,2026/Fev,7309.97
354380,RINOPOLIS,2026/Mar,8925.22
354380,RINOPOLIS,2026/Abr,7186.41
354380,RINOPOLIS,2026/Mai,9404.33
354380,RINOPOLIS,2026/Jun,8359.96
354390,RIO CLARO,2025/Jul,1682895.64
354390,RIO CLARO,2025/Ago,1890308.85
354390,RIO CLARO,2025/Set,1824768.45
354390,RIO CLARO,2025/Out,1675679.82
354390,RIO CLARO,2025/Nov,1597895.61
354390,RIO CLARO,2025/Dez,1735098.22
354390,RIO CLARO,2026/Jan,1366343.31
354390,RIO CLARO,2026/Fev,1418448.9
354390,RIO CLARO,2026/Mar,1646321.04
354390,RIO CLARO,2026/Abr,1586214.75
354390,RIO CLARO,2026/Mai,1979500.36
354390,RIO CLARO,2026/Jun,1796883.22
354400,RIO DAS PEDRAS,2025/Jul,24076.05
354400,RIO DAS PEDRAS,2025/Ago,21689.73
354400,RIO DAS PEDRAS,2025/Set,18204.71
354400,RIO DAS PEDRAS,2025/Out,21571.76
354400,RIO DAS PEDRAS,2025/Nov,12809.99
354400,RIO DAS PEDRAS,2025/Dez,6128.19
354400,RIO DAS PEDRAS,2026/Jan,27219.41
354400,RIO DAS PEDRAS,2026/Fev,14168.81
354400,RIO DAS PEDRAS,2026/Mar,18870.35
354400,RIO DAS PEDRAS,2026/Abr,18921.28
354400,RIO DAS PEDRAS,2026/Mai,16276.67
354400,RIO DAS PEDRAS,2026/Jun,15524.36
354420,RIOLANDIA,2025/Jul,7779.59
354420,RIOLANDIA,2025/Ago,8080.26
354420,RIOLANDIA,2025/Set,4344.32
354420,RIOLANDIA,2025/Out,6674.87
354420,RIOLANDIA,2025/Nov,6576.09
354420,RIOLANDIA,2025/Dez,1988.72
354420,RIOLANDIA,2026/Jan,7990.22
354420,RIOLANDIA,2026/Fev,1276.09
354420,RIOLANDIA,2026/Mar,3079.79
354420,RIOLANDIA,2026/Abr,9029.24
354420,RIOLANDIA,2026/Mai,10704.49
354420,RIOLANDIA,2026/Jun,5285.82
354425,ROSANA,2025/Jul,129166.57
354425,ROSANA,2025/Ago,129750.1
354425,ROSANA,2025/Set,211068.47
354425,ROSANA,2025/Out,122656.09
354425,ROSANA,2025/Nov,120039.3
354425,ROSANA,2025/Dez,184145.8
354425,ROSANA,2026/Jan,114469.2
354425,ROSANA,2026/Fev,95519.69
354425,ROSANA,2026/Mar,190639.91
354425,ROSANA,2026/Abr,110623.34
354425,ROSANA,2026/Mai,128016.99
354425,ROSANA,2026/Jun,170988.8
354490,SALES OLIVEIRA,2025/Jul,11245.38
354490,SALES OLIVEIRA,2025/Ago,12082.74
354490,SALES OLIVEIRA,2025/Set,11317.25
354490,SALES OLIVEIRA,2025/Out,7647.42
354490,SALES OLIVEIRA,2025/Nov,4946.23
354490,SALES OLIVEIRA,2025/Dez,10377.49
354490,SALES OLIVEIRA,2026/Jan,5702.75
354490,SALES OLIVEIRA,2026/Fev,8899.99
354490,SALES OLIVEIRA,2026/Mar,9857.06
354490,SALES OLIVEIRA,2026/Abr,9309.12
354490,SALES OLIVEIRA,2026/Mai,7853.6
354500,SALESOPOLIS,2025/Jul,12271.68
354500,SALESOPOLIS,2025/Ago,6262.01
354500,SALESOPOLIS,2025/Set,13082.74
354500,SALESOPOLIS,2025/Out,15233.5
354500,SALESOPOLIS,2025/Nov,13829.62
354500,SALESOPOLIS,2025/Dez,12184.02
354500,SALESOPOLIS,2026/Jan,9079.9
354500,SALESOPOLIS,2026/Fev,13068.32
354500,SALESOPOLIS,2026/Mar,9794.87
354500,SALESOPOLIS,2026/Abr,3984.81
354500,SALESOPOLIS,2026/Mai,19820.19
354500,SALESOPOLIS,2026/Jun,13164.52
354520,SALTO,2025/Jul,493626.8
354520,SALTO,2025/Ago,542566.89
354520,SALTO,2025/Set,467467.79
354520,SALTO,2025/Out,559831.08
354520,SALTO,2025/Nov,427627.96
354520,SALTO,2025/Dez,374177.4
354520,SALTO,2026/Jan,486635.42
354520,SALTO,2026/Fev,467272.09
354520,SALTO,2026/Mar,459341.28
354520,SALTO,2026/Abr,530861.47
354520,SALTO,2026/Mai,520335.68
354520,SALTO,2026/Jun,465102.16
354530,SALTO DE PIRAPORA,2025/Jul,236289.55
354530,SALTO DE PIRAPORA,2025/Ago,248621.52
354530,SALTO DE PIRAPORA,2025/Set,318207.94
354530,SALTO DE PIRAPORA,2025/Out,332105.7
354530,SALTO DE PIRAPORA,2025/Nov,123695.28
354530,SALTO DE PIRAPORA,2025/Dez,107982.13
354530,SALTO DE PIRAPORA,2026/Jan,60905.45
354530,SALTO DE PIRAPORA,2026/Fev,122726.88
354530,SALTO DE PIRAPORA,2026/Mar,137443.76
354530,SALTO DE PIRAPORA,2026/Abr,121016.49
354530,SALTO DE PIRAPORA,2026/Mai,130433.58
354530,SALTO DE PIRAPORA,2026/Jun,101317.4
354540,SALTO GRANDE,2025/Jul,19607.52
354540,SALTO GRANDE,2025/Ago,24533.46
354540,SALTO GRANDE,2025/Set,20914.01
354540,SALTO GRANDE,2025/Out,21060.04
354540,SALTO GRANDE,2025/Nov,18305.31
354540,SALTO GRANDE,2025/Dez,18454.23
354540,SALTO GRANDE,2026/Jan,13916.73
354540,SALTO GRANDE,2026/Fev,20832.55
354540,SALTO GRANDE,2026/Mar,20671.01
354540,SALTO GRANDE,2026/Abr,23819.61
354540,SALTO GRANDE,2026/Mai,28748.9
354540,SALTO GRANDE,2026/Jun,40799.82
354560,SANTA ADELIA,2025/Jul,121479.56
354560,SANTA ADELIA,2025/Ago,133742.02
354560,SANTA ADELIA,2025/Set,130620.82
354560,SANTA ADELIA,2025/Out,131392.59
354560,SANTA ADELIA,2025/Nov,123739.46
354560,SANTA ADELIA,2025/Dez,42866.14
354560,SANTA ADELIA,2026/Jan,56608.76
354560,SANTA ADELIA,2026/Fev,64997.41
354560,SANTA ADELIA,2026/Mar,82215.08
354560,SANTA ADELIA,2026/Abr,77690.43
354560,SANTA ADELIA,2026/Mai,80604.05
354560,SANTA ADELIA,2026/Jun,103818.95
354580,SANTA BARBARA D'OESTE,2025/Jul,1036138.85
354580,SANTA BARBARA D'OESTE,2025/Ago,915330.87
354580,SANTA BARBARA D'OESTE,2025/Set,909769.17
354580,SANTA BARBARA D'OESTE,2025/Out,989631.34
354580,SANTA BARBARA D'OESTE,2025/Nov,750640.21
354580,SANTA BARBARA D'OESTE,2025/Dez,873983.38
354580,SANTA BARBARA D'OESTE,2026/Jan,890663.62
354580,SANTA BARBARA D'OESTE,2026/Fev,849358.32
354580,SANTA BARBARA D'OESTE,2026/Mar,967639.86
354580,SANTA BARBARA D'OESTE,2026/Abr,943748.1
354580,SANTA BARBARA D'OESTE,2026/Mai,951006.75
354580,SANTA BARBARA D'OESTE,2026/Jun,1020174.1
354630,SANTA CRUZ DAS PALMEIRAS,2025/Jul,58818.07
354630,SANTA CRUZ DAS PALMEIRAS,2025/Ago,55976.29
354630,SANTA CRUZ DAS PALMEIRAS,2025/Set,46085.36
354630,SANTA CRUZ DAS PALMEIRAS,2025/Out,58688.43
354630,SANTA CRUZ DAS PALMEIRAS,2025/Nov,42667.85
354630,SANTA CRUZ DAS PALMEIRAS,2025/Dez,45568.21
354630,SANTA CRUZ DAS PALMEIRAS,2026/Jan,69626.8
354630,SANTA CRUZ DAS PALMEIRAS,2026/Fev,44802.14
354630,SANTA CRUZ DAS PALMEIRAS,2026/Mar,49770.01
354630,SANTA CRUZ DAS PALMEIRAS,2026/Abr,60709.53
354630,SANTA CRUZ DAS PALMEIRAS,2026/Mai,68698.96
354630,SANTA CRUZ DAS PALMEIRAS,2026/Jun,49431.25
354640,SANTA CRUZ DO RIO PARDO,2025/Jul,490535.1
354640,SANTA CRUZ DO RIO PARDO,2025/Ago,508517.72
354640,SANTA CRUZ DO RIO PARDO,2025/Set,538998.49
354640,SANTA CRUZ DO RIO PARDO,2025/Out,433820.83
354640,SANTA CRUZ DO RIO PARDO,2025/Nov,441632.24
354640,SANTA CRUZ DO RIO PARDO,2025/Dez,498532.71
354640,SANTA CRUZ DO RIO PARDO,2026/Jan,495520.04
354640,SANTA CRUZ DO RIO PARDO,2026/Fev,477535.86
354640,SANTA CRUZ DO RIO PARDO,2026/Mar,471842.9
354640,SANTA CRUZ DO RIO PARDO,2026/Abr,575848.11
354640,SANTA CRUZ DO RIO PARDO,2026/Mai,561406.21
354640,SANTA CRUZ DO RIO PARDO,2026/Jun,483165.71
354660,SANTA FE DO SUL,2025/Jul,333169.91
354660,SANTA FE DO SUL,2025/Ago,379543.03
354660,SANTA FE DO SUL,2025/Set,398541.89
354660,SANTA FE DO SUL,2025/Out,331463.81
354660,SANTA FE DO SUL,2025/Nov,305445.8
354660,SANTA FE DO SUL,2025/Dez,306998.04
354660,SANTA FE DO SUL,2026/Jan,316880.92
354660,SANTA FE DO SUL,2026/Fev,278761.95
354660,SANTA FE DO SUL,2026/Mar,343239.61
354660,SANTA FE DO SUL,2026/Abr,359460.08
354660,SANTA FE DO SUL,2026/Mai,292138.83
354660,SANTA FE DO SUL,2026/Jun,336311.16
354680,SANTA ISABEL,2025/Jul,214907.6
354680,SANTA ISABEL,2025/Ago,261135.09
354680,SANTA ISABEL,2025/Set,198858.25
354680,SANTA ISABEL,2025/Out,231564.72
354680,SANTA ISABEL,2025/Nov,200582.69
354680,SANTA ISABEL,2025/Dez,193239.07
354680,SANTA ISABEL,2026/Jan,246455.27
354680,SANTA ISABEL,2026/Fev,235536.39
354680,SANTA ISABEL,2026/Mar,197321.48
354680,SANTA ISABEL,2026/Abr,248595.99
354680,SANTA ISABEL,2026/Mai,227785.21
354680,SANTA ISABEL,2026/Jun,257026.05
354730,SANTANA DE PARNAIBA,2025/Jul,112890.51
354730,SANTANA DE PARNAIBA,2025/Ago,144388.18
354730,SANTANA DE PARNAIBA,2025/Set,113218.14
354730,SANTANA DE PARNAIBA,2025/Out,112733.83
354730,SANTANA DE PARNAIBA,2025/Nov,136460.19
354730,SANTANA DE PARNAIBA,2025/Dez,71798.02
354730,SANTANA DE PARNAIBA,2026/Jan,152557.56
354730,SANTANA DE PARNAIBA,2026/Fev,136806.87
354730,SANTANA DE PARNAIBA,2026/Mar,39894.77
354730,SANTANA DE PARNAIBA,2026/Abr,227199.74
354730,SANTANA DE PARNAIBA,2026/Mai,235205.04
354730,SANTANA DE PARNAIBA,2026/Jun,115035.91
354750,SANTA RITA DO PASSA QUATRO,2025/Jul,222599.8
354750,SANTA RITA DO PASSA QUATRO,2025/Ago,192636.95
354750,SANTA RITA DO PASSA QUATRO,2025/Set,163483.89
354750,SANTA RITA DO PASSA QUATRO,2025/Out,192022.33
354750,SANTA RITA DO PASSA QUATRO,2025/Nov,175403.87
354750,SANTA RITA DO PASSA QUATRO,2025/Dez,166173.61
354750,SANTA RITA DO PASSA QUATRO,2026/Jan,177851.87
354750,SANTA RITA DO PASSA QUATRO,2026/Fev,159615.2
354750,SANTA RITA DO PASSA QUATRO,2026/Mar,191798.9
354750,SANTA RITA DO PASSA QUATRO,2026/Abr,173167.78
354750,SANTA RITA DO PASSA QUATRO,2026/Mai,173347.58
354750,SANTA RITA DO PASSA QUATRO,2026/Jun,202952.52
354760,SANTA ROSA DE VITERBO,2025/Jul,19774.82
354760,SANTA ROSA DE VITERBO,2025/Ago,33645.48
354760,SANTA ROSA DE VITERBO,2025/Set,26297.18
354760,SANTA ROSA DE VITERBO,2025/Out,24734.03
354760,SANTA ROSA DE VITERBO,2025/Nov,20986.05
354760,SANTA ROSA DE VITERBO,2025/Dez,23443.09
354760,SANTA ROSA DE VITERBO,2026/Jan,18424.7
354760,SANTA ROSA DE VITERBO,2026/Fev,20035.52
354760,SANTA ROSA DE VITERBO,2026/Mar,34440.93
354760,SANTA ROSA DE VITERBO,2026/Abr,23096.74
354760,SANTA ROSA DE VITERBO,2026/Mai,30824.92
354760,SANTA ROSA DE VITERBO,2026/Jun,37469.58
354770,SANTO ANASTACIO,2025/Jul,75267.84
354770,SANTO ANASTACIO,2025/Ago,53503.83
354770,SANTO ANASTACIO,2025/Set,134950.07
354770,SANTO ANASTACIO,2025/Out,62846.34
354770,SANTO ANASTACIO,2025/Nov,69250.83
354770,SANTO ANASTACIO,2025/Dez,57227.05
354770,SANTO ANASTACIO,2026/Jan,48734.45
354770,SANTO ANASTACIO,2026/Fev,48495.47
354770,SANTO ANASTACIO,2026/Mar,51863.01
354770,SANTO ANASTACIO,2026/Abr,56779.45
354770,SANTO ANASTACIO,2026/Mai,49682.22
354770,SANTO ANASTACIO,2026/Jun,53425.06
354780,SANTO ANDRE,2025/Jul,7820883.36
354780,SANTO ANDRE,2025/Ago,7758539.23
354780,SANTO ANDRE,2025/Set,7559676.18
354780,SANTO ANDRE,2025/Out,6808746.78
354780,SANTO ANDRE,2025/Nov,7043648.78
354780,SANTO ANDRE,2025/Dez,5535198.63
354780,SANTO ANDRE,2026/Jan,6716763.94
354780,SANTO ANDRE,2026/Fev,5825284.21
354780,SANTO ANDRE,2026/Mar,6602501.69
354780,SANTO ANDRE,2026/Abr,6881490.26
354780,SANTO ANDRE,2026/Mai,7091520.69
354780,SANTO ANDRE,2026/Jun,7775139.61
354790,SANTO ANTONIO DA ALEGRIA,2025/Jul,4027.71
354790,SANTO ANTONIO DA ALEGRIA,2025/Ago,6551.05
354790,SANTO ANTONIO DA ALEGRIA,2025/Set,5797.63
354790,SANTO ANTONIO DA ALEGRIA,2025/Out,6064.93
354790,SANTO ANTONIO DA ALEGRIA,2025/Nov,3041.77
354790,SANTO ANTONIO DA ALEGRIA,2025/Dez,2345.87
354790,SANTO ANTONIO DA ALEGRIA,2026/Jan,5213.3
354790,SANTO ANTONIO DA ALEGRIA,2026/Fev,3566.22
354790,SANTO ANTONIO DA ALEGRIA,2026/Mar,7645.9
354790,SANTO ANTONIO DA ALEGRIA,2026/Abr,8531.94
354790,SANTO ANTONIO DA ALEGRIA,2026/Mai,3075.96
354790,SANTO ANTONIO DA ALEGRIA,2026/Jun,1797.99
354850,SANTOS,2025/Jul,6379797.14
354850,SANTOS,2025/Ago,6389018.19
354850,SANTOS,2025/Set,6640946.93
354850,SANTOS,2025/Out,5935841.15
354850,SANTOS,2025/Nov,5820972.2
354850,SANTOS,2025/Dez,5230575.76
354850,SANTOS,2026/Jan,5607976.92
354850,SANTOS,2026/Fev,5332249.42
354850,SANTOS,2026/Mar,5899359.3
354850,SANTOS,2026/Abr,5598086.86
354850,SANTOS,2026/Mai,6335600.78
354850,SANTOS,2026/Jun,6828721.24
354860,SAO BENTO DO SAPUCAI,2025/Jul,28437.79
354860,SAO BENTO DO SAPUCAI,2025/Ago,21538.28
354860,SAO BENTO DO SAPUCAI,2025/Set,19217.3
354860,SAO BENTO DO SAPUCAI,2025/Out,17548.92
354860,SAO BENTO DO SAPUCAI,2025/Nov,17309.62
354860,SAO BENTO DO SAPUCAI,2025/Dez,15524.47
354860,SAO BENTO DO SAPUCAI,2026/Jan,18656.12
354860,SAO BENTO DO SAPUCAI,2026/Fev,13874.12
354860,SAO BENTO DO SAPUCAI,2026/Mar,11037.56
354860,SAO BENTO DO SAPUCAI,2026/Abr,7425.79
354860,SAO BENTO DO SAPUCAI,2026/Mai,21816.78
354860,SAO BENTO DO SAPUCAI,2026/Jun,14199.11
354870,SAO BERNARDO DO CAMPO,2025/Jul,9172226.18
354870,SAO BERNARDO DO CAMPO,2025/Ago,7296464.83
354870,SAO BERNARDO DO CAMPO,2025/Set,9489441.84
354870,SAO BERNARDO DO CAMPO,2025/Out,9466155.52
354870,SAO BERNARDO DO CAMPO,2025/Nov,9887332.49
354870,SAO BERNARDO DO CAMPO,2025/Dez,8544232.04
354870,SAO BERNARDO DO CAMPO,2026/Jan,8509498.39
354870,SAO BERNARDO DO CAMPO,2026/Fev,8911519.08
354870,SAO BERNARDO DO CAMPO,2026/Mar,9812560.22
354870,SAO BERNARDO DO CAMPO,2026/Abr,10214516.75
354870,SAO BERNARDO DO CAMPO,2026/Mai,9315526.68
354870,SAO BERNARDO DO CAMPO,2026/Jun,8628218.34
354880,SAO CAETANO DO SUL,2025/Jul,1905109.91
354880,SAO CAETANO DO SUL,2025/Ago,1654460.7
354880,SAO CAETANO DO SUL,2025/Set,2028579.14
354880,SAO CAETANO DO SUL,2025/Out,1877171.46
354880,SAO CAETANO DO SUL,2025/Nov,1900644.84
354880,SAO CAETANO DO SUL,2025/Dez,1540462.68
354880,SAO CAETANO DO SUL,2026/Jan,1479767.11
354880,SAO CAETANO DO SUL,2026/Fev,1492440.0
354880,SAO CAETANO DO SUL,2026/Mar,2031761.76
354880,SAO CAETANO DO SUL,2026/Abr,2320531.53
354880,SAO CAETANO DO SUL,2026/Mai,2263258.19
354890,SAO CARLOS,2025/Jul,3510359.77
354890,SAO CARLOS,2025/Ago,3567125.57
354890,SAO CARLOS,2025/Set,3323441.15
354890,SAO CARLOS,2025/Out,3411449.16
354890,SAO CARLOS,2025/Nov,3254981.89
354890,SAO CARLOS,2025/Dez,3168792.08
354890,SAO CARLOS,2026/Jan,3352876.82
354890,SAO CARLOS,2026/Fev,3133426.61
354890,SAO CARLOS,2026/Mar,3289937.3
354890,SAO CARLOS,2026/Abr,3239419.17
354890,SAO CARLOS,2026/Mai,3368846.14
354890,SAO CARLOS,2026/Jun,3555387.88
354910,SAO JOAO DA BOA VISTA,2025/Jul,1044808.55
354910,SAO JOAO DA BOA VISTA,2025/Ago,1046616.32
354910,SAO JOAO DA BOA VISTA,2025/Set,1024226.88
354910,SAO JOAO DA BOA VISTA,2025/Out,1137458.02
354910,SAO JOAO DA BOA VISTA,2025/Nov,1038174.68
354910,SAO JOAO DA BOA VISTA,2025/Dez,1078894.71
354910,SAO JOAO DA BOA VISTA,2026/Jan,1103645.88
354910,SAO JOAO DA BOA VISTA,2026/Fev,1229819.3
354910,SAO JOAO DA BOA VISTA,2026/Mar,1225331.78
354910,SAO JOAO DA BOA VISTA,2026/Abr,1162826.23
354910,SAO JOAO DA BOA VISTA,2026/Mai,1177315.75
354910,SAO JOAO DA BOA VISTA,2026/Jun,1122498.08
354940,SAO JOAQUIM DA BARRA,2025/Jul,600017.47
354940,SAO JOAQUIM DA BARRA,2025/Ago,696518.15
354940,SAO JOAQUIM DA BARRA,2025/Set,465469.22
354940,SAO JOAQUIM DA BARRA,2025/Out,438674.08
354940,SAO JOAQUIM DA BARRA,2025/Nov,482143.02
354940,SAO JOAQUIM DA BARRA,2025/Dez,350993.84
354940,SAO JOAQUIM DA BARRA,2026/Jan,394483.74
354940,SAO JOAQUIM DA BARRA,2026/Fev,318354.62
354940,SAO JOAQUIM DA BARRA,2026/Mar,485891.68
354940,SAO JOAQUIM DA BARRA,2026/Abr,542007.63
354940,SAO JOAQUIM DA BARRA,2026/Mai,495797.96
354940,SAO JOAQUIM DA BARRA,2026/Jun,526710.4
354970,SAO JOSE DO RIO PARDO,2025/Jul,400106.27
354970,SAO JOSE DO RIO PARDO,2025/Ago,512667.7
354970,SAO JOSE DO RIO PARDO,2025/Set,592407.46
354970,SAO JOSE DO RIO PARDO,2025/Out,550886.43
354970,SAO JOSE DO RIO PARDO,2025/Nov,426540.81
354970,SAO JOSE DO RIO PARDO,2025/Dez,340642.59
354970,SAO JOSE DO RIO PARDO,2026/Jan,391993.66
354970,SAO JOSE DO RIO PARDO,2026/Fev,383501.65
354970,SAO JOSE DO RIO PARDO,2026/Mar,439418.63
354970,SAO JOSE DO RIO PARDO,2026/Abr,498005.94
354970,SAO JOSE DO RIO PARDO,2026/Mai,591891.64
354970,SAO JOSE DO RIO PARDO,2026/Jun,533887.56
354980,SAO JOSE DO RIO PRETO,2025/Jul,24634551.91
354980,SAO JOSE DO RIO PRETO,2025/Ago,26985869.44
354980,SAO JOSE DO RIO PRETO,2025/Set,25572673.62
354980,SAO JOSE DO RIO PRETO,2025/Out,27541787.59
354980,SAO JOSE DO RIO PRETO,2025/Nov,24030261.53
354980,SAO JOSE DO RIO PRETO,2025/Dez,24784175.77
354980,SAO JOSE DO RIO PRETO,2026/Jan,24595842.23
354980,SAO JOSE DO RIO PRETO,2026/Fev,23821822.07
354980,SAO JOSE DO RIO PRETO,2026/Mar,25247190.97
354980,SAO JOSE DO RIO PRETO,2026/Abr,25819323.45
354980,SAO JOSE DO RIO PRETO,2026/Mai,27954761.09
354980,SAO JOSE DO RIO PRETO,2026/Jun,27193444.46
354990,SAO JOSE DOS CAMPOS,2025/Jul,11400959.56
354990,SAO JOSE DOS CAMPOS,2025/Ago,11449680.2
354990,SAO JOSE DOS CAMPOS,2025/Set,10911588.71
354990,SAO JOSE DOS CAMPOS,2025/Out,11552333.37
354990,SAO JOSE DOS CAMPOS,2025/Nov,9865825.97
354990,SAO JOSE DOS CAMPOS,2025/Dez,10452316.1
354990,SAO JOSE DOS CAMPOS,2026/Jan,10696310.85
354990,SAO JOSE DOS CAMPOS,2026/Fev,10414801.85
354990,SAO JOSE DOS CAMPOS,2026/Mar,11415028.05
354990,SAO JOSE DOS CAMPOS,2026/Abr,10187834.68
354990,SAO JOSE DOS CAMPOS,2026/Mai,12061562.85
354990,SAO JOSE DOS CAMPOS,2026/Jun,11461301.95
355000,SAO LUIS DO PARAITINGA,2025/Jul,7292.33
355000,SAO LUIS DO PARAITINGA,2025/Ago,5244.52
355000,SAO LUIS DO PARAITINGA,2025/Set,5852.89
355000,SAO LUIS DO PARAITINGA,2025/Out,3234.57
355000,SAO LUIS DO PARAITINGA,2025/Nov,6526.17
355000,SAO LUIS DO PARAITINGA,2025/Dez,4735.17
355000,SAO LUIS DO PARAITINGA,2026/Jan,5559.5
355000,SAO LUIS DO PARAITINGA,2026/Fev,5743.01
355000,SAO LUIS DO PARAITINGA,2026/Mar,2077.3
355010,SAO MANUEL,2025/Jul,180021.82
355010,SAO MANUEL,2025/Ago,168416.07
355010,SAO MANUEL,2025/Set,194490.82
355010,SAO MANUEL,2025/Out,202306.01
355010,SAO MANUEL,2025/Nov,123238.17
355010,SAO MANUEL,2025/Dez,123114.53
355010,SAO MANUEL,2026/Jan,173064.11
355010,SAO MANUEL,2026/Fev,126599.85
355010,SAO MANUEL,2026/Mar,164180.84
355010,SAO MANUEL,2026/Abr,115211.61
355010,SAO MANUEL,2026/Mai,158241.73
355010,SAO MANUEL,2026/Jun,163525.12
355020,SAO MIGUEL ARCANJO,2025/Jul,75131.06
355020,SAO MIGUEL ARCANJO,2025/Ago,65291.87
355020,SAO MIGUEL ARCANJO,2025/Set,57546.47
355020,SAO MIGUEL ARCANJO,2025/Out,58027.21
355020,SAO MIGUEL ARCANJO,2025/Nov,150540.49
355020,SAO MIGUEL ARCANJO,2025/Dez,90887.56
355020,SAO MIGUEL ARCANJO,2026/Jan,122069.31
355020,SAO MIGUEL ARCANJO,2026/Fev,141211.54
355020,SAO MIGUEL ARCANJO,2026/Mar,102124.1
355020,SAO MIGUEL ARCANJO,2026/Abr,133394.05
355020,SAO MIGUEL ARCANJO,2026/Mai,200212.85
355020,SAO MIGUEL ARCANJO,2026/Jun,245746.24
355030,SAO PAULO,2025/Jul,160083728.15
355030,SAO PAULO,2025/Ago,157332624.42
355030,SAO PAULO,2025/Set,161396338.82
355030,SAO PAULO,2025/Out,158010366.11
355030,SAO PAULO,2025/Nov,148924119.17
355030,SAO PAULO,2025/Dez,137209824.79
355030,SAO PAULO,2026/Jan,140057274.86
355030,SAO PAULO,2026/Fev,141336296.47
355030,SAO PAULO,2026/Mar,150844918.75
355030,SAO PAULO,2026/Abr,153783704.2
355030,SAO PAULO,2026/Mai,162707465.48
355030,SAO PAULO,2026/Jun,151230343.78
355040,SAO PEDRO,2025/Jul,738121.8
355040,SAO PEDRO,2025/Ago,676793.38
355040,SAO PEDRO,2025/Set,525588.22
355040,SAO PEDRO,2025/Out,542858.09
355040,SAO PEDRO,2025/Nov,639557.25
355040,SAO PEDRO,2025/Dez,393166.21
355040,SAO PEDRO,2026/Jan,372965.17
355040,SAO PEDRO,2026/Fev,363328.25
355040,SAO PEDRO,2026/Mar,454937.5
355040,SAO PEDRO,2026/Abr,371927.51
355040,SAO PEDRO,2026/Mai,463877.61
355040,SAO PEDRO,2026/Jun,466587.48
355060,SAO ROQUE,2025/Jul,355706.64
355060,SAO ROQUE,2025/Ago,524864.88
355060,SAO ROQUE,2025/Set,407599.61
355060,SAO ROQUE,2025/Out,405063.61
355060,SAO ROQUE,2025/Nov,372197.79
355060,SAO ROQUE,2025/Dez,478283.35
355060,SAO ROQUE,2026/Jan,388074.36
355060,SAO ROQUE,2026/Fev,473361.57
355060,SAO ROQUE,2026/Mar,317159.27
355060,SAO ROQUE,2026/Abr,491504.37
355060,SAO ROQUE,2026/Mai,488785.72
355060,SAO ROQUE,2026/Jun,609519.72
355070,SAO SEBASTIAO,2025/Jul,526025.18
355070,SAO SEBASTIAO,2025/Ago,519804.46
355070,SAO SEBASTIAO,2025/Set,397731.43
355070,SAO SEBASTIAO,2025/Out,467294.48
355070,SAO SEBASTIAO,2025/Nov,455564.75
355070,SAO SEBASTIAO,2025/Dez,501948.7
355070,SAO SEBASTIAO,2026/Jan,469062.45
355070,SAO SEBASTIAO,2026/Fev,466981.36
355070,SAO SEBASTIAO,2026/Mar,448206.14
355070,SAO SEBASTIAO,2026/Abr,416974.97
355070,SAO SEBASTIAO,2026/Mai,493211.5
355070,SAO SEBASTIAO,2026/Jun,439027.42
355080,SAO SEBASTIAO DA GRAMA,2025/Jul,26295.96
355080,SAO SEBASTIAO DA GRAMA,2025/Ago,19682.55
355080,SAO SEBASTIAO DA GRAMA,2025/Set,18317.54
355080,SAO SEBASTIAO DA GRAMA,2025/Out,22448.66
355080,SAO SEBASTIAO DA GRAMA,2025/Nov,23339.7
355080,SAO SEBASTIAO DA GRAMA,2025/Dez,19203.97
355080,SAO SEBASTIAO DA GRAMA,2026/Jan,19583.0
355080,SAO SEBASTIAO DA GRAMA,2026/Fev,27787.83
355080,SAO SEBASTIAO DA GRAMA,2026/Mar,18152.36
355080,SAO SEBASTIAO DA GRAMA,2026/Abr,25378.29
355080,SAO SEBASTIAO DA GRAMA,2026/Mai,25678.58
355080,SAO SEBASTIAO DA GRAMA,2026/Jun,35791.02
355090,SAO SIMAO,2025/Jul,21530.09
355090,SAO SIMAO,2025/Ago,16368.26
355090,SAO SIMAO,2025/Set,12477.59
355090,SAO SIMAO,2025/Out,11949.57
355090,SAO SIMAO,2025/Nov,16830.26
355090,SAO SIMAO,2025/Dez,12863.17
355090,SAO SIMAO,2026/Jan,12361.76
355090,SAO SIMAO,2026/Fev,11608.23
355090,SAO SIMAO,2026/Mar,14176.76
355090,SAO SIMAO,2026/Abr,18317.58
355090,SAO SIMAO,2026/Mai,14066.33
355090,SAO SIMAO,2026/Jun,11862.82
355100,SAO VICENTE,2025/Jul,1079767.88
355100,SAO VICENTE,2025/Ago,1071764.9
355100,SAO VICENTE,2025/Set,1131424.67
355100,SAO VICENTE,2025/Out,929348.18
355100,SAO VICENTE,2025/Nov,882069.24
355100,SAO VICENTE,2025/Dez,956161.31
355100,SAO VICENTE,2026/Jan,992408.65
355100,SAO VICENTE,2026/Fev,1022010.23
355100,SAO VICENTE,2026/Mar,1168507.82
355100,SAO VICENTE,2026/Abr,934599.87
355100,SAO VICENTE,2026/Mai,1154444.46
355100,SAO VICENTE,2026/Jun,985737.82
355150,SERRANA,2025/Jul,439963.12
355150,SERRANA,2025/Ago,389862.81
355150,SERRANA,2025/Set,356354.73
355150,SERRANA,2025/Out,408181.69
355150,SERRANA,2025/Nov,317200.67
355150,SERRANA,2025/Dez,301443.96
355150,SERRANA,2026/Jan,326543.2
355150,SERRANA,2026/Fev,389924.25
355150,SERRANA,2026/Mar,429867.81
355150,SERRANA,2026/Abr,452239.99
355150,SERRANA,2026/Mai,399276.27
355150,SERRANA,2026/Jun,394192.25
355160,SERRA NEGRA,2025/Jul,120718.23
355160,SERRA NEGRA,2025/Ago,164015.79
355160,SERRA NEGRA,2025/Set,164693.51
355160,SERRA NEGRA,2025/Out,246904.14
355160,SERRA NEGRA,2025/Nov,219875.6
355160,SERRA NEGRA,2025/Dez,184381.89
355160,SERRA NEGRA,2026/Jan,214933.23
355160,SERRA NEGRA,2026/Fev,260326.24
355160,SERRA NEGRA,2026/Mar,197917.6
355160,SERRA NEGRA,2026/Abr,313157.16
355160,SERRA NEGRA,2026/Mai,289825.19
355160,SERRA NEGRA,2026/Jun,241029.33
355170,SERTAOZINHO,2025/Jul,764630.57
355170,SERTAOZINHO,2025/Ago,899665.44
355170,SERTAOZINHO,2025/Set,1092626.59
355170,SERTAOZINHO,2025/Out,1223110.56
355170,SERTAOZINHO,2025/Nov,1043048.38
355170,SERTAOZINHO,2025/Dez,834213.49
355170,SERTAOZINHO,2026/Jan,1238476.61
355170,SERTAOZINHO,2026/Fev,911618.0
355170,SERTAOZINHO,2026/Mar,1130417.81
355170,SERTAOZINHO,2026/Abr,952673.45
355170,SERTAOZINHO,2026/Mai,1203853.87
355170,SERTAOZINHO,2026/Jun,960763.89
355200,SILVEIRAS,2025/Jul,1383.52
355200,SILVEIRAS,2025/Ago,582.42
355200,SILVEIRAS,2025/Out,626.64
355200,SILVEIRAS,2025/Nov,1427.74
355200,SILVEIRAS,2025/Dez,347.24
355200,SILVEIRAS,2026/Mar,343.14
355200,SILVEIRAS,2026/Abr,491.4
355200,SILVEIRAS,2026/Mai,1965.94
355200,SILVEIRAS,2026/Jun,1209.06
355210,SOCORRO,2025/Jul,239398.51
355210,SOCORRO,2025/Ago,364873.44
355210,SOCORRO,2025/Set,281449.96
355210,SOCORRO,2025/Out,249206.63
355210,SOCORRO,2025/Nov,270604.23
355210,SOCORRO,2025/Dez,338939.52
355210,SOCORRO,2026/Jan,314798.95
355210,SOCORRO,2026/Fev,197209.92
355210,SOCORRO,2026/Mar,184396.84
355210,SOCORRO,2026/Abr,272656.16
355210,SOCORRO,2026/Mai,283466.51
355210,SOCORRO,2026/Jun,269690.34
355220,SOROCABA,2025/Jul,11349705.05
355220,SOROCABA,2025/Ago,10703328.32
355220,SOROCABA,2025/Set,12953653.66
355220,SOROCABA,2025/Out,11087108.18
355220,SOROCABA,2025/Nov,10406262.68
355220,SOROCABA,2025/Dez,11202544.67
355220,SOROCABA,2026/Jan,9847729.81
355220,SOROCABA,2026/Fev,9460016.7
355220,SOROCABA,2026/Mar,10158134.83
355220,SOROCABA,2026/Abr,9568826.11
355220,SOROCABA,2026/Mai,10700998.73
355220,SOROCABA,2026/Jun,11023852.4
355230,SUD MENNUCCI,2025/Jul,13989.78
355230,SUD MENNUCCI,2025/Ago,11755.17
355230,SUD MENNUCCI,2025/Set,7979.82
355230,SUD MENNUCCI,2025/Out,6485.23
355230,SUD MENNUCCI,2025/Nov,5401.79
355230,SUD MENNUCCI,2025/Dez,7617.85
355230,SUD MENNUCCI,2026/Jan,8556.66
355230,SUD MENNUCCI,2026/Fev,4857.86
355230,SUD MENNUCCI,2026/Mar,7512.7
355230,SUD MENNUCCI,2026/Abr,4887.35
355230,SUD MENNUCCI,2026/Mai,5427.5
355230,SUD MENNUCCI,2026/Jun,3349.46
355240,SUMARE,2025/Jul,2190744.16
355240,SUMARE,2025/Ago,2271596.78
355240,SUMARE,2025/Set,2341647.45
355240,SUMARE,2025/Out,2330956.09
355240,SUMARE,2025/Nov,2243753.44
355240,SUMARE,2025/Dez,2293199.14
355240,SUMARE,2026/Jan,2076829.87
355240,SUMARE,2026/Fev,1646909.78
355240,SUMARE,2026/Mar,2292187.65
355240,SUMARE,2026/Abr,2196765.24
355240,SUMARE,2026/Mai,2640073.64
355240,SUMARE,2026/Jun,2260878.69
355250,SUZANO,2025/Jul,1022206.15
355250,SUZANO,2025/Ago,1049470.11
355250,SUZANO,2025/Set,962996.16
355250,SUZANO,2025/Out,942337.17
355250,SUZANO,2025/Nov,944970.16
355250,SUZANO,2025/Dez,995317.54
355250,SUZANO,2026/Jan,993156.05
355250,SUZANO,2026/Fev,868803.62
355250,SUZANO,2026/Mar,949552.11
355250,SUZANO,2026/Abr,285265.42
355250,SUZANO,2026/Mai,975807.87
355250,SUZANO,2026/Jun,1012121.76
355260,TABAPUA,2025/Jul,62145.13
355260,TABAPUA,2025/Ago,53833.25
355260,TABAPUA,2025/Set,76412.03
355260,TABAPUA,2025/Out,70755.76
355260,TABAPUA,2025/Nov,60007.96
355260,TABAPUA,2025/Dez,56235.24
355260,TABAPUA,2026/Jan,59610.06
355260,TABAPUA,2026/Fev,58635.58
355260,TABAPUA,2026/Mar,58209.03
355260,TABAPUA,2026/Abr,123544.11
355260,TABAPUA,2026/Mai,104982.0
355260,TABAPUA,2026/Jun,113400.98
355270,TABATINGA,2025/Jul,53401.5
355270,TABATINGA,2025/Ago,84115.23
355270,TABATINGA,2025/Set,31928.4
355270,TABATINGA,2025/Out,38325.12
355270,TABATINGA,2025/Nov,44878.03
355270,TABATINGA,2025/Dez,58094.34
355270,TABATINGA,2026/Jan,23024.8
355270,TABATINGA,2026/Fev,51562.71
355270,TABATINGA,2026/Mar,42834.23
355270,TABATINGA,2026/Abr,55584.93
355270,TABATINGA,2026/Mai,54584.83
355270,TABATINGA,2026/Jun,47774.62
355280,TABOAO DA SERRA,2025/Jul,3108849.52
355280,TABOAO DA SERRA,2025/Ago,2785575.04
355280,TABOAO DA SERRA,2025/Set,3237071.52
355280,TABOAO DA SERRA,2025/Out,2964209.53
355280,TABOAO DA SERRA,2025/Nov,2484316.09
355280,TABOAO DA SERRA,2025/Dez,2378743.94
355280,TABOAO DA SERRA,2026/Jan,2575482.88
355280,TABOAO DA SERRA,2026/Fev,2206293.71
355280,TABOAO DA SERRA,2026/Mar,3294449.8
355280,TABOAO DA SERRA,2026/Abr,2783327.65
355280,TABOAO DA SERRA,2026/Mai,2742113.5
355280,TABOAO DA SERRA,2026/Jun,2956526.7
355300,TAGUAI,2025/Jul,26428.34
355300,TAGUAI,2025/Ago,25811.73
355300,TAGUAI,2025/Set,23217.12
355300,TAGUAI,2025/Out,20585.39
355300,TAGUAI,2025/Nov,24970.0
355300,TAGUAI,2025/Dez,18336.65
355300,TAGUAI,2026/Jan,14594.28
355300,TAGUAI,2026/Fev,16424.02
355300,TAGUAI,2026/Mar,28727.81
355300,TAGUAI,2026/Abr,28863.86
355300,TAGUAI,2026/Mai,39555.6
355300,TAGUAI,2026/Jun,37445.37
355330,TAMBAU,2025/Jul,55529.33
355330,TAMBAU,2025/Ago,58167.4
355330,TAMBAU,2025/Set,40428.86
355330,TAMBAU,2025/Out,38784.0
355330,TAMBAU,2025/Nov,52232.81
355330,TAMBAU,2025/Dez,51640.21
355330,TAMBAU,2026/Jan,31077.46
355330,TAMBAU,2026/Fev,24886.63
355330,TAMBAU,2026/Mar,46244.37
355330,TAMBAU,2026/Abr,56910.14
355330,TAMBAU,2026/Mai,83795.66
355330,TAMBAU,2026/Jun,44150.84
355340,TANABI,2025/Jul,58670.59
355340,TANABI,2025/Ago,54538.06
355340,TANABI,2025/Set,67979.95
355340,TANABI,2025/Out,91614.34
355340,TANABI,2025/Nov,74364.02
355340,TANABI,2025/Dez,80718.81
355340,TANABI,2026/Jan,62368.05
355340,TANABI,2026/Fev,74779.67
355340,TANABI,2026/Mar,90829.23
355340,TANABI,2026/Abr,94607.4
355340,TANABI,2026/Mai,87544.95
355340,TANABI,2026/Jun,76643.8
355360,TAPIRATIBA,2025/Jul,17390.79
355360,TAPIRATIBA,2025/Ago,17247.39
355360,TAPIRATIBA,2025/Set,19432.1
355360,TAPIRATIBA,2025/Out,15178.95
355360,TAPIRATIBA,2025/Nov,12448.16
355360,TAPIRATIBA,2025/Dez,18488.13
355360,TAPIRATIBA,2026/Jan,12811.59
355360,TAPIRATIBA,2026/Fev,14274.77
355360,TAPIRATIBA,2026/Mar,19045.23
355360,TAPIRATIBA,2026/Abr,18815.38
355360,TAPIRATIBA,2026/Mai,19914.81
355360,TAPIRATIBA,2026/Jun,21240.95
355370,TAQUARITINGA,2025/Jul,344001.13
355370,TAQUARITINGA,2025/Ago,283316.31
355370,TAQUARITINGA,2025/Set,287898.7
355370,TAQUARITINGA,2025/Out,309698.65
355370,TAQUARITINGA,2025/Nov,275248.81
355370,TAQUARITINGA,2025/Dez,224256.85
355370,TAQUARITINGA,2026/Jan,217209.27
355370,TAQUARITINGA,2026/Fev,185854.02
355370,TAQUARITINGA,2026/Mar,355147.38
355370,TAQUARITINGA,2026/Abr,290114.07
355370,TAQUARITINGA,2026/Mai,317300.08
355370,TAQUARITINGA,2026/Jun,328358.5
355380,TAQUARITUBA,2025/Jul,66503.72
355380,TAQUARITUBA,2025/Ago,60633.82
355380,TAQUARITUBA,2025/Set,49167.59
355380,TAQUARITUBA,2025/Out,60749.45
355380,TAQUARITUBA,2025/Nov,61114.39
355380,TAQUARITUBA,2025/Dez,45089.61
355380,TAQUARITUBA,2026/Jan,46413.62
355380,TAQUARITUBA,2026/Fev,46548.69
355380,TAQUARITUBA,2026/Mar,61986.28
355380,TAQUARITUBA,2026/Abr,138865.85
355380,TAQUARITUBA,2026/Mai,86267.98
355380,TAQUARITUBA,2026/Jun,96533.36
355400,TATUI,2025/Jul,408709.54
355400,TATUI,2025/Ago,338943.3
355400,TATUI,2025/Set,427483.21
355400,TATUI,2025/Out,516311.48
355400,TATUI,2025/Nov,403643.86
355400,TATUI,2025/Dez,333513.27
355400,TATUI,2026/Jan,428506.42
355400,TATUI,2026/Fev,387869.75
355400,TATUI,2026/Mar,361206.84
355400,TATUI,2026/Abr,369696.98
355400,TATUI,2026/Mai,353688.34
355400,TATUI,2026/Jun,423224.73
355410,TAUBATE,2025/Jul,4870430.9
355410,TAUBATE,2025/Ago,4344152.93
355410,TAUBATE,2025/Set,4923095.47
355410,TAUBATE,2025/Out,5094242.88
355410,TAUBATE,2025/Nov,4270770.41
355410,TAUBATE,2025/Dez,5639729.85
355410,TAUBATE,2026/Jan,4568848.33
355410,TAUBATE,2026/Fev,3756593.12
355410,TAUBATE,2026/Mar,4983402.92
355410,TAUBATE,2026/Abr,4578463.6
355410,TAUBATE,2026/Mai,5815826.81
355410,TAUBATE,2026/Jun,4802748.08
355430,TEODORO SAMPAIO,2025/Jul,29349.47
355430,TEODORO SAMPAIO,2025/Ago,42901.84
355430,TEODORO SAMPAIO,2025/Set,34041.47
355430,TEODORO SAMPAIO,2025/Out,30619.8
355430,TEODORO SAMPAIO,2025/Nov,28577.13
355430,TEODORO SAMPAIO,2025/Dez,32256.0
355430,TEODORO SAMPAIO,2026/Jan,28535.76
355430,TEODORO SAMPAIO,2026/Fev,27135.64
355430,TEODORO SAMPAIO,2026/Mar,39541.49
355430,TEODORO SAMPAIO,2026/Abr,44509.15
355430,TEODORO SAMPAIO,2026/Mai,28838.86
355430,TEODORO SAMPAIO,2026/Jun,40469.88
355440,TERRA ROXA,2025/Ago,3300.52
355440,TERRA ROXA,2025/Out,3274.51
355440,TERRA ROXA,2025/Nov,1927.1
355440,TERRA ROXA,2025/Dez,801.1
355440,TERRA ROXA,2026/Jan,437.36
355440,TERRA ROXA,2026/Fev,112.83
355440,TERRA ROXA,2026/Mar,1164.84
355440,TERRA ROXA,2026/Abr,401.25
355440,TERRA ROXA,2026/Mai,1913.9
355440,TERRA ROXA,2026/Jun,1398.69
355450,TIETE,2025/Jul,83052.46
355450,TIETE,2025/Ago,99640.56
355450,TIETE,2025/Set,79160.88
355450,TIETE,2025/Out,85330.3
355450,TIETE,2025/Nov,78314.34
355450,TIETE,2025/Dez,86696.81
355450,TIETE,2026/Jan,76864.29
355450,TIETE,2026/Fev,75593.17
355450,TIETE,2026/Mar,83418.64
355450,TIETE,2026/Abr,59747.18
355450,TIETE,2026/Mai,73458.23
355450,TIETE,2026/Jun,53971.69
355470,TORRINHA,2025/Jul,2716.75
355470,TORRINHA,2025/Ago,2454.39
355470,TORRINHA,2025/Set,1250.49
355470,TORRINHA,2025/Out,1592.48
355470,TORRINHA,2025/Nov,3107.1
355470,TORRINHA,2026/Jan,8219.45
355470,TORRINHA,2026/Fev,1581.95
355470,TORRINHA,2026/Mar,3144.07
355470,TORRINHA,2026/Abr,1355.11
355470,TORRINHA,2026/Mai,2670.57
355470,TORRINHA,2026/Jun,4490.32
355500,TUPA,2025/Jul,1421833.36
355500,TUPA,2025/Ago,1436079.73
355500,TUPA,2025/Set,1383150.1
355500,TUPA,2025/Out,1548588.13
355500,TUPA,2025/Nov,1307195.61
355500,TUPA,2025/Dez,1325397.35
355500,TUPA,2026/Jan,1348575.51
355500,TUPA,2026/Fev,1328452.89
355500,TUPA,2026/Mar,1505153.35
355500,TUPA,2026/Abr,1381226.34
355500,TUPA,2026/Mai,1399798.51
355500,TUPA,2026/Jun,1386473.39
355510,TUPI PAULISTA,2025/Jul,62034.69
355510,TUPI PAULISTA,2025/Ago,66109.24
355510,TUPI PAULISTA,2025/Set,66727.24
355510,TUPI PAULISTA,2025/Out,60657.46
355510,TUPI PAULISTA,2025/Nov,69147.15
355510,TUPI PAULISTA,2025/Dez,65080.08
355510,TUPI PAULISTA,2026/Jan,84746.19
355510,TUPI PAULISTA,2026/Fev,62079.37
355510,TUPI PAULISTA,2026/Mar,73617.88
355510,TUPI PAULISTA,2026/Abr,69974.68
355510,TUPI PAULISTA,2026/Mai,68146.66
355510,TUPI PAULISTA,2026/Jun,71642.61
355540,UBATUBA,2025/Jul,124127.85
355540,UBATUBA,2025/Ago,269265.25
355540,UBATUBA,2025/Set,257846.21
355540,UBATUBA,2025/Out,235253.24
355540,UBATUBA,2025/Nov,221630.79
355540,UBATUBA,2025/Dez,146649.32
355540,UBATUBA,2026/Jan,252719.11
355540,UBATUBA,2026/Fev,287473.65
355540,UBATUBA,2026/Mar,275590.65
355540,UBATUBA,2026/Abr,187503.32
355540,UBATUBA,2026/Mai,225900.35
355540,UBATUBA,2026/Jun,234809.37
355580,URANIA,2025/Jul,11762.76
355580,URANIA,2025/Ago,9997.54
355580,URANIA,2025/Set,8980.33
355580,URANIA,2025/Out,7090.79
355580,URANIA,2025/Nov,9858.35
355580,URANIA,2025/Dez,7859.97
355580,URANIA,2026/Jan,13093.51
355580,URANIA,2026/Fev,15611.1
355580,URANIA,2026/Mar,17714.34
355580,URANIA,2026/Abr,17414.76
355580,URANIA,2026/Mai,13326.17
355580,URANIA,2026/Jun,16137.85
355600,URUPES,2025/Jul,80142.51
355600,URUPES,2025/Ago,59142.33
355600,URUPES,2025/Set,62382.0
355600,URUPES,2025/Out,83203.29
355600,URUPES,2025/Nov,82401.46
355600,URUPES,2025/Dez,111092.81
355600,URUPES,2026/Jan,78256.29
355600,URUPES,2026/Fev,82670.06
355600,URUPES,2026/Mar,104995.26
355600,URUPES,2026/Abr,95250.67
355600,URUPES,2026/Mai,92231.39
355600,URUPES,2026/Jun,80840.99
355620,VALINHOS,2025/Jul,599647.18
355620,VALINHOS,2025/Ago,603574.42
355620,VALINHOS,2025/Set,581885.69
355620,VALINHOS,2025/Out,632893.15
355620,VALINHOS,2025/Nov,584880.97
355620,VALINHOS,2025/Dez,537359.99
355620,VALINHOS,2026/Jan,559732.68
355620,VALINHOS,2026/Fev,603566.88
355620,VALINHOS,2026/Mar,659281.08
355620,VALINHOS,2026/Abr,618207.66
355620,VALINHOS,2026/Mai,652442.2
355620,VALINHOS,2026/Jun,605765.96
355630,VALPARAISO,2025/Jul,47038.24
355630,VALPARAISO,2025/Ago,43040.47
355630,VALPARAISO,2025/Set,45849.15
355630,VALPARAISO,2025/Out,47391.06
355630,VALPARAISO,2025/Nov,40823.7
355630,VALPARAISO,2025/Dez,37085.46
355630,VALPARAISO,2026/Jan,35483.97
355630,VALPARAISO,2026/Fev,58431.98
355630,VALPARAISO,2026/Mar,82718.42
355630,VALPARAISO,2026/Abr,76664.85
355630,VALPARAISO,2026/Mai,105672.52
355630,VALPARAISO,2026/Jun,118282.71
355640,VARGEM GRANDE DO SUL,2025/Jul,108627.87
355640,VARGEM GRANDE DO SUL,2025/Ago,122156.52
355640,VARGEM GRANDE DO SUL,2025/Set,80334.66
355640,VARGEM GRANDE DO SUL,2025/Out,109937.76
355640,VARGEM GRANDE DO SUL,2025/Nov,84471.94
355640,VARGEM GRANDE DO SUL,2025/Dez,84899.49
355640,VARGEM GRANDE DO SUL,2026/Jan,66762.54
355640,VARGEM GRANDE DO SUL,2026/Fev,86534.16
355640,VARGEM GRANDE DO SUL,2026/Mar,102872.78
355640,VARGEM GRANDE DO SUL,2026/Abr,94895.57
355640,VARGEM GRANDE DO SUL,2026/Mai,103126.85
355640,VARGEM GRANDE DO SUL,2026/Jun,130688.44
355650,VARZEA PAULISTA,2025/Jul,23966.17
355650,VARZEA PAULISTA,2025/Ago,21180.57
355650,VARZEA PAULISTA,2025/Set,15990.08
355650,VARZEA PAULISTA,2025/Out,19594.62
355650,VARZEA PAULISTA,2025/Nov,21488.3
355650,VARZEA PAULISTA,2025/Dez,14930.22
355650,VARZEA PAULISTA,2026/Jan,17303.99
355650,VARZEA PAULISTA,2026/Fev,12990.77
355650,VARZEA PAULISTA,2026/Mar,19834.6
355650,VARZEA PAULISTA,2026/Abr,14853.34
355650,VARZEA PAULISTA,2026/Mai,14863.81
355650,VARZEA PAULISTA,2026/Jun,20043.76
355670,VINHEDO,2025/Jul,469913.42
355670,VINHEDO,2025/Ago,512708.89
355670,VINHEDO,2025/Set,576228.7
355670,VINHEDO,2025/Out,537653.39
355670,VINHEDO,2025/Nov,454529.78
355670,VINHEDO,2025/Dez,442531.54
355670,VINHEDO,2026/Jan,484186.75
355670,VINHEDO,2026/Fev,508387.77
355670,VINHEDO,2026/Mar,540707.05
355670,VINHEDO,2026/Abr,489494.47
355670,VINHEDO,2026/Mai,505268.9
355670,VINHEDO,2026/Jun,514182.43
355680,VIRADOURO,2025/Jul,17939.03
355680,VIRADOURO,2025/Ago,13430.92
355680,VIRADOURO,2025/Set,13185.12
355680,VIRADOURO,2025/Out,13895.46
355680,VIRADOURO,2025/Nov,14587.55
355680,VIRADOURO,2025/Dez,9996.95
355680,VIRADOURO,2026/Jan,10318.64
355680,VIRADOURO,2026/Fev,9665.78
355680,VIRADOURO,2026/Mar,11029.41
355680,VIRADOURO,2026/Abr,12159.94
355680,VIRADOURO,2026/Mai,13000.23
355680,VIRADOURO,2026/Jun,14969.1
355700,VOTORANTIM,2025/Jul,363893.65
355700,VOTORANTIM,2025/Ago,323208.33
355700,VOTORANTIM,2025/Set,321881.46
355700,VOTORANTIM,2025/Out,385125.39
355700,VOTORANTIM,2025/Nov,317709.65
355700,VOTORANTIM,2025/Dez,307045.15
355700,VOTORANTIM,2026/Jan,250950.51
355700,VOTORANTIM,2026/Fev,242998.04
355700,VOTORANTIM,2026/Mar,328436.23
355700,VOTORANTIM,2026/Abr,256952.18
355700,VOTORANTIM,2026/Mai,273291.01
355700,VOTORANTIM,2026/Jun,323339.39
355710,VOTUPORANGA,2025/Jul,1807483.57
355710,VOTUPORANGA,2025/Ago,1594785.21
355710,VOTUPORANGA,2025/Set,2014828.32
355710,VOTUPORANGA,2025/Out,1842016.78
355710,VOTUPORANGA,2025/Nov,1573479.27
355710,VOTUPORANGA,2025/Dez,1992152.78
355710,VOTUPORANGA,2026/Jan,2334073.35
355710,VOTUPORANGA,2026/Fev,1915476.73
355710,VOTUPORANGA,2026/Mar,1830159.11
355710,VOTUPORANGA,2026/Abr,2233226.63
355710,VOTUPORANGA,2026/Mai,1999354.7
355710,VOTUPORANGA,2026/Jun,2122448.05
355720,CHAVANTES,2025/Jul,50277.79
355720,CHAVANTES,2025/Ago,48005.8
355720,CHAVANTES,2025/Set,54076.29
355720,CHAVANTES,2025/Out,55575.84
355720,CHAVANTES,2025/Nov,51016.66
355720,CHAVANTES,2025/Dez,44687.02
355720,CHAVANTES,2026/Jan,32686.78
355720,CHAVANTES,2026/Fev,35251.42
355720,CHAVANTES,2026/Mar,66517.29
355720,CHAVANTES,2026/Abr,147592.96
355720,CHAVANTES,2026/Mai,65319.25
355720,CHAVANTES,2026/Jun,68055.3
