codigo,municipio,periodo,media_permanencia
350010,ADAMANTINA,2025/Jul,8.6
350010,ADAMANTINA,2025/Ago,9.0
350010,ADAMANTINA,2025/Set,8.8
350010,ADAMANTINA,2025/Out,8.5
350010,ADAMANTINA,2025/Nov,9.4
350010,ADAMANTINA,2025/Dez,9.1
350010,ADAMANTINA,2026/Jan,8.4
350010,ADAMANTINA,2026/Fev,8.8
350010,ADAMANTINA,2026/Mar,9.6
350010,ADAMANTINA,2026/Abr,8.6
350010,ADAMANTINA,2026/Mai,8.5
350010,ADAMANTINA,2026/Jun,8.3
350030,AGUAI,2025/Jul,5.1
350030,AGUAI,2025/Ago,7.3
350030,AGUAI,2025/Set,11.2
350030,AGUAI,2025/Out,5.5
350030,AGUAI,2025/Nov,4.7
350030,AGUAI,2025/Dez,7.1
350030,AGUAI,2026/Jan,5.0
350030,AGUAI,2026/Fev,5.3
350030,AGUAI,2026/Mar,5.5
350030,AGUAI,2026/Abr,6.7
350030,AGUAI,2026/Mai,7.4
350030,AGUAI,2026/Jun,5.3
350050,AGUAS DE LINDOIA,2025/Jul,5.6
350050,AGUAS DE LINDOIA,2025/Ago,3.4
350050,AGUAS DE LINDOIA,2025/Set,2.8
350050,AGUAS DE LINDOIA,2025/Out,4.3
350050,AGUAS DE LINDOIA,2025/Nov,4.0
350050,AGUAS DE LINDOIA,2025/Dez,3.9
350050,AGUAS DE LINDOIA,2026/Jan,3.9
350050,AGUAS DE LINDOIA,2026/Fev,3.4
350050,AGUAS DE LINDOIA,2026/Mar,3.8
350050,AGUAS DE LINDOIA,2026/Abr,3.3
350050,AGUAS DE LINDOIA,2026/Mai,4.0
350050,AGUAS DE LINDOIA,2026/Jun,3.4
350070,AGUDOS,2025/Jul,2.0
350070,AGUDOS,2025/Ago,1.6
350070,AGUDOS,2025/Set,2.1
350070,AGUDOS,2025/Out,1.8
350070,AGUDOS,2025/Nov,2.0
350070,AGUDOS,2025/Dez,2.0
350070,AGUDOS,2026/Jan,2.3
350070,AGUDOS,2026/Fev,1.9
350070,AGUDOS,2026/Mar,1.8
350070,AGUDOS,2026/Abr,1.8
350070,AGUDOS,2026/Mai,1.7
350070,AGUDOS,2026/Jun,2.0
350100,ALTINOPOLIS,2025/Jul,1.9
350100,ALTINOPOLIS,2025/Ago,1.7
350100,ALTINOPOLIS,2025/Set,1.8
350100,ALTINOPOLIS,2025/Out,1.8
350100,ALTINOPOLIS,2025/Nov,1.6
350100,ALTINOPOLIS,2025/Dez,2.1
350100,ALTINOPOLIS,2026/Jan,1.7
350100,ALTINOPOLIS,2026/Fev,2.4
350100,ALTINOPOLIS,2026/Mar,2.0
350100,ALTINOPOLIS,2026/Abr,2.2
350100,ALTINOPOLIS,2026/Mai,2.1
350100,ALTINOPOLIS,2026/Jun,1.9
350110,ALTO ALEGRE,2025/Jul,1.7
350110,ALTO ALEGRE,2025/Set,3.7
350110,ALTO ALEGRE,2025/Out,10.0
350110,ALTO ALEGRE,2025/Nov,1.0
350110,ALTO ALEGRE,2026/Jan,3.6
350110,ALTO ALEGRE,2026/Fev,2.5
350110,ALTO ALEGRE,2026/Mar,3.6
350110,ALTO ALEGRE,2026/Abr,4.7
350110,ALTO ALEGRE,2026/Mai,7.8
350110,ALTO ALEGRE,2026/Jun,4.8
350130,ALVARES MACHADO,2025/Jul,4.1
350130,ALVARES MACHADO,2025/Ago,4.0
350130,ALVARES MACHADO,2025/Set,4.1
350130,ALVARES MACHADO,2025/Out,4.5
350130,ALVARES MACHADO,2025/Nov,4.0
350130,ALVARES MACHADO,2025/Dez,3.7
350130,ALVARES MACHADO,2026/Jan,3.0
350130,ALVARES MACHADO,2026/Fev,4.0
350130,ALVARES MACHADO,2026/Mar,4.7
350130,ALVARES MACHADO,2026/Abr,3.9
350130,ALVARES MACHADO,2026/Mai,3.6
350130,ALVARES MACHADO,2026/Jun,3.2
350160,AMERICANA,2025/Jul,4.4
350160,AMERICANA,2025/Ago,4.6
350160,AMERICANA,2025/Set,4.2
350160,AMERICANA,2025/Out,3.9
350160,AMERICANA,2025/Nov,4.2
350160,AMERICANA,2025/Dez,5.3
350160,AMERICANA,2026/Jan,4.9
350160,AMERICANA,2026/Fev,4.6
350160,AMERICANA,2026/Mar,4.2
350160,AMERICANA,2026/Abr,4.4
350160,AMERICANA,2026/Mai,3.9
350160,AMERICANA,2026/Jun,3.5
350170,AMERICO BRASILIENSE,2025/Jul,4.9
350170,AMERICO BRASILIENSE,2025/Ago,5.5
350170,AMERICO BRASILIENSE,2025/Set,3.8
350170,AMERICO BRASILIENSE,2025/Out,4.7
350170,AMERICO BRASILIENSE,2025/Nov,5.1
350170,AMERICO BRASILIENSE,2025/Dez,8.2
350170,AMERICO BRASILIENSE,2026/Jan,5.4
350170,AMERICO BRASILIENSE,2026/Fev,5.1
350170,AMERICO BRASILIENSE,2026/Mar,5.2
350170,AMERICO BRASILIENSE,2026/Abr,4.7
350170,AMERICO BRASILIENSE,2026/Mai,4.6
350170,AMERICO BRASILIENSE,2026/Jun,5.4
350190,AMPARO,2025/Jul,13.3
350190,AMPARO,2025/Ago,13.7
350190,AMPARO,2025/Set,16.1
350190,AMPARO,2025/Out,14.2
350190,AMPARO,2025/Nov,14.4
350190,AMPARO,2025/Dez,15.4
350190,AMPARO,2026/Jan,13.6
350190,AMPARO,2026/Fev,13.4
350190,AMPARO,2026/Mar,15.3
350190,AMPARO,2026/Abr,14.1
350190,AMPARO,2026/Mai,15.8
350190,AMPARO,2026/Jun,13.4
350210,ANDRADINA,2025/Jul,3.8
350210,ANDRADINA,2025/Ago,4.0
350210,ANDRADINA,2025/Set,4.1
350210,ANDRADINA,2025/Out,4.8
350210,ANDRADINA,2025/Nov,4.3
350210,ANDRADINA,2025/Dez,4.0
350210,ANDRADINA,2026/Jan,4.0
350210,ANDRADINA,2026/Fev,4.4
350210,ANDRADINA,2026/Mar,4.5
350210,ANDRADINA,2026/Abr,4.5
350210,ANDRADINA,2026/Mai,4.6
350210,ANDRADINA,2026/Jun,4.2
350220,ANGATUBA,2025/Jul,3.6
350220,ANGATUBA,2025/Ago,2.7
350220,ANGATUBA,2025/Set,3.0
350220,ANGATUBA,2025/Out,3.2
350220,ANGATUBA,2025/Nov,3.3
350220,ANGATUBA,2025/Dez,3.0
350220,ANGATUBA,2026/Jan,2.9
350220,ANGATUBA,2026/Fev,2.9
350220,ANGATUBA,2026/Mar,2.5
350220,ANGATUBA,2026/Abr,2.5
350220,ANGATUBA,2026/Mai,2.5
350220,ANGATUBA,2026/Jun,3.3
350250,APARECIDA,2025/Jul,3.6
350250,APARECIDA,2025/Ago,3.7
350250,APARECIDA,2025/Set,3.2
350250,APARECIDA,2025/Out,3.3
350250,APARECIDA,2025/Nov,2.4
350250,APARECIDA,2025/Dez,2.2
350250,APARECIDA,2026/Jan,3.1
350250,APARECIDA,2026/Fev,2.9
350250,APARECIDA,2026/Mar,2.6
350250,APARECIDA,2026/Abr,3.0
350250,APARECIDA,2026/Mai,3.3
350250,APARECIDA,2026/Jun,3.4
350260,APARECIDA D'OESTE,2025/Jul,1.8
350260,APARECIDA D'OESTE,2025/Ago,2.1
350260,APARECIDA D'OESTE,2025/Set,4.3
350260,APARECIDA D'OESTE,2025/Out,5.0
350260,APARECIDA D'OESTE,2025/Nov,3.8
350260,APARECIDA D'OESTE,2025/Dez,4.1
350260,APARECIDA D'OESTE,2026/Jan,2.0
350260,APARECIDA D'OESTE,2026/Fev,3.8
350260,APARECIDA D'OESTE,2026/Mar,2.8
350260,APARECIDA D'OESTE,2026/Abr,4.4
350260,APARECIDA D'OESTE,2026/Mai,2.9
350270,APIAI,2025/Jul,2.7
350270,APIAI,2025/Ago,2.8
350270,APIAI,2025/Set,2.7
350270,APIAI,2025/Out,2.7
350270,APIAI,2025/Nov,2.8
350270,APIAI,2025/Dez,2.4
350270,APIAI,2026/Jan,2.5
350270,APIAI,2026/Fev,2.9
350270,APIAI,2026/Mar,2.7
350270,APIAI,2026/Abr,2.4
350270,APIAI,2026/Mai,2.1
350270,APIAI,2026/Jun,2.6
350280,ARACATUBA,2025/Jul,7.8
350280,ARACATUBA,2025/Ago,7.8
350280,ARACATUBA,2025/Set,8.2
350280,ARACATUBA,2025/Out,7.5
350280,ARACATUBA,2025/Nov,9.2
350280,ARACATUBA,2025/Dez,9.1
350280,ARACATUBA,2026/Jan,7.7
350280,ARACATUBA,2026/Fev,8.9
350280,ARACATUBA,2026/Mar,7.5
350280,ARACATUBA,2026/Abr,8.5
350280,ARACATUBA,2026/Mai,7.5
350280,ARACATUBA,2026/Jun,7.8
350310,ARANDU,2025/Jul,4.3
350310,ARANDU,2025/Ago,5.3
350310,ARANDU,2025/Set,4.3
350310,ARANDU,2025/Out,5.1
350310,ARANDU,2025/Nov,4.4
350310,ARANDU,2025/Dez,5.9
350310,ARANDU,2026/Jan,5.1
350310,ARANDU,2026/Fev,6.8
350310,ARANDU,2026/Mar,3.4
350310,ARANDU,2026/Abr,5.4
350310,ARANDU,2026/Mai,5.0
350320,ARARAQUARA,2025/Jul,4.2
350320,ARARAQUARA,2025/Ago,3.9
350320,ARARAQUARA,2025/Set,3.8
350320,ARARAQUARA,2025/Out,4.0
350320,ARARAQUARA,2025/Nov,3.6
350320,ARARAQUARA,2025/Dez,3.9
350320,ARARAQUARA,2026/Jan,4.0
350320,ARARAQUARA,2026/Fev,3.9
350320,ARARAQUARA,2026/Mar,3.6
350320,ARARAQUARA,2026/Abr,3.6
350320,ARARAQUARA,2026/Mai,3.7
350320,ARARAQUARA,2026/Jun,3.6
350330,ARARAS,2025/Jul,5.5
350330,ARARAS,2025/Ago,5.0
350330,ARARAS,2025/Set,5.1
350330,ARARAS,2025/Out,4.5
350330,ARARAS,2025/Nov,4.0
350330,ARARAS,2025/Dez,4.4
350330,ARARAS,2026/Jan,3.9
350330,ARARAS,2026/Fev,3.7
350330,ARARAS,2026/Mar,4.5
350330,ARARAS,2026/Abr,4.3
350330,ARARAS,2026/Mai,4.4
350330,ARARAS,2026/Jun,4.9
350340,AREALVA,2025/Jul,2.3
350340,AREALVA,2025/Ago,1.6
350340,AREALVA,2025/Set,2.3
350340,AREALVA,2025/Out,1.8
350340,AREALVA,2025/Nov,2.4
350340,AREALVA,2025/Dez,3.2
350340,AREALVA,2026/Jan,2.9
350340,AREALVA,2026/Fev,2.0
350340,AREALVA,2026/Mar,1.9
350340,AREALVA,2026/Abr,3.1
350340,AREALVA,2026/Mai,3.0
350340,AREALVA,2026/Jun,2.4
350400,ASSIS,2025/Jul,4.3
350400,ASSIS,2025/Ago,4.6
350400,ASSIS,2025/Set,4.3
350400,ASSIS,2025/Out,4.6
350400,ASSIS,2025/Nov,4.5
350400,ASSIS,2025/Dez,4.7
350400,ASSIS,2026/Jan,4.8
350400,ASSIS,2026/Fev,4.6
350400,ASSIS,2026/Mar,4.2
350400,ASSIS,2026/Abr,4.8
350400,ASSIS,2026/Mai,4.9
350400,ASSIS,2026/Jun,4.6
350410,ATIBAIA,2025/Jul,4.4
350410,ATIBAIA,2025/Ago,5.1
350410,ATIBAIA,2025/Set,5.0
350410,ATIBAIA,2025/Out,4.4
350410,ATIBAIA,2025/Nov,4.8
350410,ATIBAIA,2025/Dez,4.9
350410,ATIBAIA,2026/Jan,4.1
350410,ATIBAIA,2026/Fev,4.9
350410,ATIBAIA,2026/Mar,4.6
350410,ATIBAIA,2026/Abr,4.7
350410,ATIBAIA,2026/Mai,4.7
350410,ATIBAIA,2026/Jun,5.1
350420,AURIFLAMA,2025/Jul,1.7
350420,AURIFLAMA,2025/Ago,1.9
350420,AURIFLAMA,2025/Set,2.1
350420,AURIFLAMA,2025/Out,1.7
350420,AURIFLAMA,2025/Nov,1.6
350420,AURIFLAMA,2025/Dez,1.6
350420,AURIFLAMA,2026/Jan,1.7
350420,AURIFLAMA,2026/Fev,1.5
350420,AURIFLAMA,2026/Mar,1.9
350420,AURIFLAMA,2026/Abr,1.7
350420,AURIFLAMA,2026/Mai,1.6
350420,AURIFLAMA,2026/Jun,2.0
350450,AVARE,2025/Jul,4.4
350450,AVARE,2025/Ago,4.0
350450,AVARE,2025/Set,4.4
350450,AVARE,2025/Out,4.0
350450,AVARE,2025/Nov,3.8
350450,AVARE,2025/Dez,3.7
350450,AVARE,2026/Jan,4.7
350450,AVARE,2026/Fev,4.3
350450,AVARE,2026/Mar,3.8
350450,AVARE,2026/Abr,3.9
350450,AVARE,2026/Mai,4.1
350450,AVARE,2026/Jun,4.2
350520,BARIRI,2025/Jul,3.3
350520,BARIRI,2025/Ago,2.7
350520,BARIRI,2025/Set,3.1
350520,BARIRI,2025/Out,2.9
350520,BARIRI,2025/Nov,2.9
350520,BARIRI,2025/Dez,3.2
350520,BARIRI,2026/Jan,3.2
350520,BARIRI,2026/Fev,3.1
350520,BARIRI,2026/Mar,3.4
350520,BARIRI,2026/Abr,3.4
350520,BARIRI,2026/Mai,3.1
350520,BARIRI,2026/Jun,3.6
350530,BARRA BONITA,2025/Jul,2.8
350530,BARRA BONITA,2025/Ago,3.0
350530,BARRA BONITA,2025/Set,2.7
350530,BARRA BONITA,2025/Out,2.8
350530,BARRA BONITA,2025/Nov,3.0
350530,BARRA BONITA,2025/Dez,3.0
350530,BARRA BONITA,2026/Jan,3.9
350530,BARRA BONITA,2026/Fev,3.6
350530,BARRA BONITA,2026/Mar,3.3
350530,BARRA BONITA,2026/Abr,3.1
350530,BARRA BONITA,2026/Mai,2.4
350530,BARRA BONITA,2026/Jun,3.4
350550,BARRETOS,2025/Jul,5.3
350550,BARRETOS,2025/Ago,4.8
350550,BARRETOS,2025/Set,4.8
350550,BARRETOS,2025/Out,5.5
350550,BARRETOS,2025/Nov,4.9
350550,BARRETOS,2025/Dez,5.6
350550,BARRETOS,2026/Jan,4.8
350550,BARRETOS,2026/Fev,5.2
350550,BARRETOS,2026/Mar,5.1
350550,BARRETOS,2026/Abr,5.1
350550,BARRETOS,2026/Mai,4.9
350550,BARRETOS,2026/Jun,5.2
350570,BARUERI,2025/Jul,3.8
350570,BARUERI,2025/Ago,3.9
350570,BARUERI,2025/Set,3.8
350570,BARUERI,2025/Out,3.7
350570,BARUERI,2025/Nov,3.9
350570,BARUERI,2025/Dez,4.2
350570,BARUERI,2026/Jan,3.8
350570,BARUERI,2026/Fev,3.9
350570,BARUERI,2026/Mar,3.6
350570,BARUERI,2026/Abr,3.7
350570,BARUERI,2026/Mai,3.4
350570,BARUERI,2026/Jun,3.9
350580,BASTOS,2025/Jul,1.7
350580,BASTOS,2025/Ago,2.3
350580,BASTOS,2025/Set,2.7
350580,BASTOS,2025/Out,3.0
350580,BASTOS,2025/Nov,2.7
350580,BASTOS,2025/Dez,2.9
350580,BASTOS,2026/Jan,2.6
350580,BASTOS,2026/Fev,2.9
350580,BASTOS,2026/Mar,2.7
350580,BASTOS,2026/Abr,2.5
350580,BASTOS,2026/Mai,2.2
350580,BASTOS,2026/Jun,1.8
350590,BATATAIS,2025/Jul,4.5
350590,BATATAIS,2025/Ago,3.8
350590,BATATAIS,2025/Set,4.4
350590,BATATAIS,2025/Out,3.7
350590,BATATAIS,2025/Nov,3.7
350590,BATATAIS,2025/Dez,4.2
350590,BATATAIS,2026/Jan,4.5
350590,BATATAIS,2026/Fev,4.3
350590,BATATAIS,2026/Mar,4.7
350590,BATATAIS,2026/Abr,4.8
350590,BATATAIS,2026/Mai,4.3
350590,BATATAIS,2026/Jun,4.5
350600,BAURU,2025/Jul,5.3
350600,BAURU,2025/Ago,5.6
350600,BAURU,2025/Set,5.6
350600,BAURU,2025/Out,5.5
350600,BAURU,2025/Nov,4.8
350600,BAURU,2025/Dez,5.3
350600,BAURU,2026/Jan,5.0
350600,BAURU,2026/Fev,5.0
350600,BAURU,2026/Mar,5.2
350600,BAURU,2026/Abr,5.3
350600,BAURU,2026/Mai,5.4
350600,BAURU,2026/Jun,5.4
350610,BEBEDOURO,2025/Jul,2.7
350610,BEBEDOURO,2025/Ago,2.4
350610,BEBEDOURO,2025/Set,3.2
350610,BEBEDOURO,2025/Out,2.8
350610,BEBEDOURO,2025/Nov,2.8
350610,BEBEDOURO,2025/Dez,3.1
350610,BEBEDOURO,2026/Jan,2.8
350610,BEBEDOURO,2026/Fev,2.8
350610,BEBEDOURO,2026/Mar,3.0
350610,BEBEDOURO,2026/Abr,3.1
350610,BEBEDOURO,2026/Mai,3.2
350610,BEBEDOURO,2026/Jun,2.9
350630,BERNARDINO DE CAMPOS,2025/Jul,4.5
350630,BERNARDINO DE CAMPOS,2025/Ago,2.9
350630,BERNARDINO DE CAMPOS,2025/Set,3.6
350630,BERNARDINO DE CAMPOS,2025/Out,3.0
350630,BERNARDINO DE CAMPOS,2025/Nov,4.7
350630,BERNARDINO DE CAMPOS,2025/Dez,2.8
350630,BERNARDINO DE CAMPOS,2026/Jan,4.0
350630,BERNARDINO DE CAMPOS,2026/Fev,3.3
350630,BERNARDINO DE CAMPOS,2026/Mar,3.5
350630,BERNARDINO DE CAMPOS,2026/Abr,3.0
350630,BERNARDINO DE CAMPOS,2026/Mai,4.0
350630,BERNARDINO DE CAMPOS,2026/Jun,3.2
350635,BERTIOGA,2025/Jul,4.8
350635,BERTIOGA,2025/Ago,4.0
350635,BERTIOGA,2025/Set,3.7
350635,BERTIOGA,2025/Out,3.6
350635,BERTIOGA,2025/Nov,3.7
350635,BERTIOGA,2025/Dez,3.8
350635,BERTIOGA,2026/Jan,4.3
350635,BERTIOGA,2026/Fev,4.5
350635,BERTIOGA,2026/Mar,3.9
350635,BERTIOGA,2026/Abr,4.0
350635,BERTIOGA,2026/Mai,4.9
350635,BERTIOGA,2026/Jun,4.5
350640,BILAC,2025/Jul,2.9
350640,BILAC,2025/Ago,2.8
350640,BILAC,2025/Set,3.4
350640,BILAC,2025/Out,3.5
350640,BILAC,2025/Nov,2.3
350640,BILAC,2025/Dez,1.5
350640,BILAC,2026/Jan,1.5
350640,BILAC,2026/Fev,2.4
350640,BILAC,2026/Mar,2.6
350640,BILAC,2026/Abr,3.5
350640,BILAC,2026/Mai,2.8
350640,BILAC,2026/Jun,2.8
350650,BIRIGUI,2025/Jul,4.4
350650,BIRIGUI,2025/Ago,3.8
350650,BIRIGUI,2025/Set,4.9
350650,BIRIGUI,2025/Out,4.6
350650,BIRIGUI,2025/Nov,4.2
350650,BIRIGUI,2025/Dez,4.7
350650,BIRIGUI,2026/Jan,4.1
350650,BIRIGUI,2026/Fev,4.3
350650,BIRIGUI,2026/Mar,4.3
350650,BIRIGUI,2026/Abr,4.4
350650,BIRIGUI,2026/Mai,4.1
350650,BIRIGUI,2026/Jun,4.5
350670,BOA ESPERANCA DO SUL,2025/Jul,2.8
350670,BOA ESPERANCA DO SUL,2025/Ago,3.4
350670,BOA ESPERANCA DO SUL,2025/Set,2.5
350670,BOA ESPERANCA DO SUL,2025/Out,4.1
350670,BOA ESPERANCA DO SUL,2025/Nov,2.8
350670,BOA ESPERANCA DO SUL,2025/Dez,3.8
350670,BOA ESPERANCA DO SUL,2026/Jan,3.4
350670,BOA ESPERANCA DO SUL,2026/Fev,4.0
350670,BOA ESPERANCA DO SUL,2026/Mar,2.9
350670,BOA ESPERANCA DO SUL,2026/Abr,9.3
350670,BOA ESPERANCA DO SUL,2026/Mai,4.2
350670,BOA ESPERANCA DO SUL,2026/Jun,3.3
350680,BOCAINA,2025/Jul,3.2
350680,BOCAINA,2025/Ago,3.5
350680,BOCAINA,2025/Set,3.3
350680,BOCAINA,2025/Out,2.6
350680,BOCAINA,2025/Nov,2.6
350680,BOCAINA,2025/Dez,3.0
350680,BOCAINA,2026/Jan,3.0
350680,BOCAINA,2026/Fev,2.3
350680,BOCAINA,2026/Mar,1.7
350680,BOCAINA,2026/Abr,1.9
350680,BOCAINA,2026/Mai,2.3
350680,BOCAINA,2026/Jun,3.8
350700,BOITUVA,2025/Jul,3.1
350700,BOITUVA,2025/Ago,3.6
350700,BOITUVA,2025/Set,3.0
350700,BOITUVA,2025/Out,3.2
350700,BOITUVA,2025/Nov,3.1
350700,BOITUVA,2025/Dez,3.3
350700,BOITUVA,2026/Jan,2.8
350700,BOITUVA,2026/Fev,2.8
350700,BOITUVA,2026/Mar,3.1
350700,BOITUVA,2026/Abr,2.9
350700,BOITUVA,2026/Mai,2.6
350700,BOITUVA,2026/Jun,2.8
350710,BOM JESUS DOS PERDOES,2025/Jul,6.0
350710,BOM JESUS DOS PERDOES,2025/Ago,4.8
350710,BOM JESUS DOS PERDOES,2025/Set,7.8
350710,BOM JESUS DOS PERDOES,2025/Out,10.4
350710,BOM JESUS DOS PERDOES,2025/Nov,4.0
350710,BOM JESUS DOS PERDOES,2025/Dez,3.9
350710,BOM JESUS DOS PERDOES,2026/Jan,4.2
350710,BOM JESUS DOS PERDOES,2026/Fev,5.3
350710,BOM JESUS DOS PERDOES,2026/Mar,4.3
350710,BOM JESUS DOS PERDOES,2026/Abr,7.3
350710,BOM JESUS DOS PERDOES,2026/Mai,7.1
350740,BORBOREMA,2025/Jul,3.3
350740,BORBOREMA,2025/Ago,3.3
350740,BORBOREMA,2025/Set,3.2
350740,BORBOREMA,2025/Out,2.8
350740,BORBOREMA,2025/Nov,4.8
350740,BORBOREMA,2025/Dez,3.5
350740,BORBOREMA,2026/Jan,4.9
350740,BORBOREMA,2026/Fev,5.0
350740,BORBOREMA,2026/Mar,3.1
350740,BORBOREMA,2026/Abr,4.0
350740,BORBOREMA,2026/Mai,3.1
350740,BORBOREMA,2026/Jun,3.9
350750,BOTUCATU,2025/Jul,5.9
350750,BOTUCATU,2025/Ago,5.9
350750,BOTUCATU,2025/Set,5.6
350750,BOTUCATU,2025/Out,5.5
350750,BOTUCATU,2025/Nov,5.5
350750,BOTUCATU,2025/Dez,5.6
350750,BOTUCATU,2026/Jan,5.9
350750,BOTUCATU,2026/Fev,5.9
350750,BOTUCATU,2026/Mar,5.7
350750,BOTUCATU,2026/Abr,6.3
350750,BOTUCATU,2026/Mai,5.9
350750,BOTUCATU,2026/Jun,6.0
350760,BRAGANCA PAULISTA,2025/Jul,4.2
350760,BRAGANCA PAULISTA,2025/Ago,3.5
350760,BRAGANCA PAULISTA,2025/Set,3.4
350760,BRAGANCA PAULISTA,2025/Out,3.6
350760,BRAGANCA PAULISTA,2025/Nov,3.6
350760,BRAGANCA PAULISTA,2025/Dez,3.3
350760,BRAGANCA PAULISTA,2026/Jan,4.1
350760,BRAGANCA PAULISTA,2026/Fev,3.7
350760,BRAGANCA PAULISTA,2026/Mar,3.7
350760,BRAGANCA PAULISTA,2026/Abr,3.8
350760,BRAGANCA PAULISTA,2026/Mai,3.7
350760,BRAGANCA PAULISTA,2026/Jun,4.0
350790,BROTAS,2025/Jul,7.2
350790,BROTAS,2025/Ago,5.3
350790,BROTAS,2025/Set,6.4
350790,BROTAS,2025/Out,6.1
350790,BROTAS,2025/Nov,5.6
350790,BROTAS,2025/Dez,7.1
350790,BROTAS,2026/Jan,6.6
350790,BROTAS,2026/Fev,6.7
350790,BROTAS,2026/Mar,6.7
350790,BROTAS,2026/Abr,6.8
350790,BROTAS,2026/Mai,9.5
350790,BROTAS,2026/Jun,9.5
350810,BURITAMA,2025/Jul,2.2
350810,BURITAMA,2025/Ago,2.7
350810,BURITAMA,2025/Set,2.7
350810,BURITAMA,2025/Out,2.4
350810,BURITAMA,2025/Nov,2.7
350810,BURITAMA,2025/Dez,2.2
350810,BURITAMA,2026/Jan,2.6
350810,BURITAMA,2026/Fev,2.3
350810,BURITAMA,2026/Mar,2.2
350810,BURITAMA,2026/Abr,2.4
350810,BURITAMA,2026/Mai,1.9
350810,BURITAMA,2026/Jun,2.4
350840,CABREUVA,2025/Jul,4.3
350840,CABREUVA,2025/Ago,2.2
350840,CABREUVA,2025/Set,2.0
350840,CABREUVA,2025/Nov,2.8
350840,CABREUVA,2025/Dez,2.9
350840,CABREUVA,2026/Jan,3.6
350840,CABREUVA,2026/Fev,2.7
350840,CABREUVA,2026/Mar,2.3
350840,CABREUVA,2026/Abr,3.1
350840,CABREUVA,2026/Mai,2.6
350840,CABREUVA,2026/Jun,2.6
350850,CACAPAVA,2025/Jul,4.4
350850,CACAPAVA,2025/Ago,3.9
350850,CACAPAVA,2025/Set,4.6
350850,CACAPAVA,2025/Out,4.1
350850,CACAPAVA,2025/Nov,4.8
350850,CACAPAVA,2025/Dez,5.3
350850,CACAPAVA,2026/Jan,4.6
350850,CACAPAVA,2026/Fev,4.8
350850,CACAPAVA,2026/Mar,4.1
350850,CACAPAVA,2026/Abr,5.0
350850,CACAPAVA,2026/Mai,4.0
350850,CACAPAVA,2026/Jun,4.9
350870,CACONDE,2025/Jul,8.3
350870,CACONDE,2025/Ago,8.8
350870,CACONDE,2025/Set,8.4
350870,CACONDE,2025/Out,9.2
350870,CACONDE,2025/Nov,8.8
350870,CACONDE,2025/Dez,11.9
350870,CACONDE,2026/Jan,21.3
350870,CACONDE,2026/Fev,9.5
350870,CACONDE,2026/Mar,9.5
350870,CACONDE,2026/Abr,8.6
350870,CACONDE,2026/Mai,9.4
350870,CACONDE,2026/Jun,8.4
350880,CAFELANDIA,2025/Jul,2.4
350880,CAFELANDIA,2025/Ago,2.8
350880,CAFELANDIA,2025/Set,2.8
350880,CAFELANDIA,2025/Out,2.7
350880,CAFELANDIA,2025/Nov,2.2
350880,CAFELANDIA,2025/Dez,2.2
350880,CAFELANDIA,2026/Jan,3.2
350880,CAFELANDIA,2026/Fev,2.9
350880,CAFELANDIA,2026/Mar,3.6
350880,CAFELANDIA,2026/Abr,3.8
350880,CAFELANDIA,2026/Mai,2.6
350880,CAFELANDIA,2026/Jun,3.2
350900,CAIEIRAS,2025/Jul,3.0
350900,CAIEIRAS,2025/Ago,2.8
350900,CAIEIRAS,2025/Set,2.7
350900,CAIEIRAS,2025/Out,2.9
350900,CAIEIRAS,2025/Nov,2.8
350900,CAIEIRAS,2025/Dez,2.5
350900,CAIEIRAS,2026/Jan,3.4
350900,CAIEIRAS,2026/Fev,2.6
350900,CAIEIRAS,2026/Mar,2.7
350900,CAIEIRAS,2026/Abr,2.5
350900,CAIEIRAS,2026/Mai,2.6
350900,CAIEIRAS,2026/Jun,2.6
350920,CAJAMAR,2025/Jul,3.1
350920,CAJAMAR,2025/Ago,3.8
350920,CAJAMAR,2025/Set,3.7
350920,CAJAMAR,2025/Out,3.5
350920,CAJAMAR,2025/Nov,3.9
350920,CAJAMAR,2025/Dez,3.2
350920,CAJAMAR,2026/Jan,3.5
350920,CAJAMAR,2026/Fev,3.1
350920,CAJAMAR,2026/Mar,3.5
350920,CAJAMAR,2026/Abr,3.7
350920,CAJAMAR,2026/Mai,3.6
350920,CAJAMAR,2026/Jun,4.1
350930,CAJOBI,2025/Jul,2.7
350930,CAJOBI,2025/Ago,6.7
350930,CAJOBI,2025/Set,2.5
350930,CAJOBI,2025/Out,2.4
350930,CAJOBI,2025/Nov,2.0
350930,CAJOBI,2025/Dez,2.2
350930,CAJOBI,2026/Jan,2.0
350930,CAJOBI,2026/Mar,2.1
350930,CAJOBI,2026/Abr,2.9
350930,CAJOBI,2026/Mai,2.7
350930,CAJOBI,2026/Jun,2.7
350940,CAJURU,2025/Jul,3.4
350940,CAJURU,2025/Ago,3.0
350940,CAJURU,2025/Set,3.2
350940,CAJURU,2025/Out,3.6
350940,CAJURU,2025/Nov,3.0
350940,CAJURU,2025/Dez,3.0
350940,CAJURU,2026/Jan,3.0
350940,CAJURU,2026/Fev,3.2
350940,CAJURU,2026/Mar,3.1
350940,CAJURU,2026/Abr,3.0
350940,CAJURU,2026/Mai,3.6
350940,CAJURU,2026/Jun,2.8
350950,CAMPINAS,2025/Jul,5.6
350950,CAMPINAS,2025/Ago,5.5
350950,CAMPINAS,2025/Set,5.4
350950,CAMPINAS,2025/Out,5.5
350950,CAMPINAS,2025/Nov,5.7
350950,CAMPINAS,2025/Dez,5.7
350950,CAMPINAS,2026/Jan,6.0
350950,CAMPINAS,2026/Fev,5.8
350950,CAMPINAS,2026/Mar,5.8
350950,CAMPINAS,2026/Abr,5.6
350950,CAMPINAS,2026/Mai,5.5
350950,CAMPINAS,2026/Jun,5.8
350960,CAMPO LIMPO PAULISTA,2025/Jul,3.4
350960,CAMPO LIMPO PAULISTA,2025/Ago,3.5
350960,CAMPO LIMPO PAULISTA,2025/Set,3.0
350960,CAMPO LIMPO PAULISTA,2025/Out,3.0
350960,CAMPO LIMPO PAULISTA,2025/Nov,3.3
350960,CAMPO LIMPO PAULISTA,2025/Dez,3.9
350960,CAMPO LIMPO PAULISTA,2026/Jan,3.2
350960,CAMPO LIMPO PAULISTA,2026/Fev,3.5
350960,CAMPO LIMPO PAULISTA,2026/Mar,3.4
350960,CAMPO LIMPO PAULISTA,2026/Abr,3.8
350960,CAMPO LIMPO PAULISTA,2026/Mai,4.2
350960,CAMPO LIMPO PAULISTA,2026/Jun,3.7
350970,CAMPOS DO JORDAO,2025/Jul,19.8
350970,CAMPOS DO JORDAO,2025/Ago,19.8
350970,CAMPOS DO JORDAO,2025/Set,21.7
350970,CAMPOS DO JORDAO,2025/Out,20.6
350970,CAMPOS DO JORDAO,2025/Nov,20.1
350970,CAMPOS DO JORDAO,2025/Dez,21.6
350970,CAMPOS DO JORDAO,2026/Jan,21.6
350970,CAMPOS DO JORDAO,2026/Fev,19.6
350970,CAMPOS DO JORDAO,2026/Mar,17.9
350970,CAMPOS DO JORDAO,2026/Abr,17.0
350970,CAMPOS DO JORDAO,2026/Mai,18.1
350970,CAMPOS DO JORDAO,2026/Jun,19.7
351000,CANDIDO MOTA,2025/Jul,2.5
351000,CANDIDO MOTA,2025/Ago,2.6
351000,CANDIDO MOTA,2025/Set,2.4
351000,CANDIDO MOTA,2025/Out,2.6
351000,CANDIDO MOTA,2025/Nov,3.0
351000,CANDIDO MOTA,2025/Dez,2.8
351000,CANDIDO MOTA,2026/Jan,2.7
351000,CANDIDO MOTA,2026/Fev,2.9
351000,CANDIDO MOTA,2026/Mar,2.8
351000,CANDIDO MOTA,2026/Abr,2.5
351000,CANDIDO MOTA,2026/Mai,3.2
351000,CANDIDO MOTA,2026/Jun,2.9
351020,CAPAO BONITO,2025/Jul,3.5
351020,CAPAO BONITO,2025/Ago,3.7
351020,CAPAO BONITO,2025/Set,3.0
351020,CAPAO BONITO,2025/Out,3.2
351020,CAPAO BONITO,2025/Nov,3.7
351020,CAPAO BONITO,2025/Dez,3.5
351020,CAPAO BONITO,2026/Jan,3.8
351020,CAPAO BONITO,2026/Fev,3.7
351020,CAPAO BONITO,2026/Mar,3.3
351020,CAPAO BONITO,2026/Abr,3.3
351020,CAPAO BONITO,2026/Mai,2.8
351020,CAPAO BONITO,2026/Jun,3.0
351040,CAPIVARI,2025/Jul,3.5
351040,CAPIVARI,2025/Ago,3.5
351040,CAPIVARI,2025/Set,3.5
351040,CAPIVARI,2025/Out,3.1
351040,CAPIVARI,2025/Nov,4.2
351040,CAPIVARI,2025/Dez,4.0
351040,CAPIVARI,2026/Jan,3.8
351040,CAPIVARI,2026/Fev,3.0
351040,CAPIVARI,2026/Mar,3.5
351040,CAPIVARI,2026/Abr,3.8
351040,CAPIVARI,2026/Mai,3.7
351040,CAPIVARI,2026/Jun,3.2
351050,CARAGUATATUBA,2025/Jul,3.3
351050,CARAGUATATUBA,2025/Ago,3.5
351050,CARAGUATATUBA,2025/Set,2.8
351050,CARAGUATATUBA,2025/Out,3.4
351050,CARAGUATATUBA,2025/Nov,3.4
351050,CARAGUATATUBA,2025/Dez,3.6
351050,CARAGUATATUBA,2026/Jan,3.5
351050,CARAGUATATUBA,2026/Fev,3.1
351050,CARAGUATATUBA,2026/Mar,3.4
351050,CARAGUATATUBA,2026/Abr,3.3
351050,CARAGUATATUBA,2026/Mai,3.2
351050,CARAGUATATUBA,2026/Jun,3.5
351060,CARAPICUIBA,2025/Jul,3.6
351060,CARAPICUIBA,2025/Ago,3.9
351060,CARAPICUIBA,2025/Set,1.9
351060,CARAPICUIBA,2025/Out,4.0
351060,CARAPICUIBA,2025/Nov,3.5
351060,CARAPICUIBA,2025/Dez,3.6
351060,CARAPICUIBA,2026/Jan,3.8
351060,CARAPICUIBA,2026/Fev,3.8
351060,CARAPICUIBA,2026/Mar,3.1
351060,CARAPICUIBA,2026/Abr,3.5
351060,CARAPICUIBA,2026/Mai,3.4
351060,CARAPICUIBA,2026/Jun,3.6
351070,CARDOSO,2025/Jul,3.7
351070,CARDOSO,2025/Ago,3.3
351070,CARDOSO,2025/Set,3.1
351070,CARDOSO,2025/Out,3.6
351070,CARDOSO,2025/Nov,2.9
351070,CARDOSO,2025/Dez,3.7
351070,CARDOSO,2026/Jan,3.5
351070,CARDOSO,2026/Fev,5.3
351070,CARDOSO,2026/Mar,3.7
351070,CARDOSO,2026/Abr,4.5
351070,CARDOSO,2026/Mai,3.4
351070,CARDOSO,2026/Jun,4.1
351080,CASA BRANCA,2025/Jul,12.8
351080,CASA BRANCA,2025/Ago,14.6
351080,CASA BRANCA,2025/Set,14.9
351080,CASA BRANCA,2025/Out,12.1
351080,CASA BRANCA,2025/Nov,13.4
351080,CASA BRANCA,2025/Dez,12.6
351080,CASA BRANCA,2026/Jan,17.3
351080,CASA BRANCA,2026/Fev,12.2
351080,CASA BRANCA,2026/Mar,14.5
351080,CASA BRANCA,2026/Abr,15.8
351080,CASA BRANCA,2026/Mai,11.2
351080,CASA BRANCA,2026/Jun,12.7
351100,CASTILHO,2025/Jul,2.5
351100,CASTILHO,2025/Ago,2.1
351100,CASTILHO,2025/Set,2.6
351100,CASTILHO,2025/Out,2.1
351100,CASTILHO,2025/Nov,2.1
351100,CASTILHO,2025/Dez,2.8
351100,CASTILHO,2026/Jan,2.8
351100,CASTILHO,2026/Fev,3.0
351100,CASTILHO,2026/Mar,2.7
351100,CASTILHO,2026/Abr,3.3
351100,CASTILHO,2026/Mai,5.8
351100,CASTILHO,2026/Jun,5.2
351110,CATANDUVA,2025/Jul,7.5
351110,CATANDUVA,2025/Ago,7.4
351110,CATANDUVA,2025/Set,7.2
351110,CATANDUVA,2025/Out,7.4
351110,CATANDUVA,2025/Nov,7.2
351110,CATANDUVA,2025/Dez,7.5
351110,CATANDUVA,2026/Jan,6.6
351110,CATANDUVA,2026/Fev,7.3
351110,CATANDUVA,2026/Mar,7.1
351110,CATANDUVA,2026/Abr,7.7
351110,CATANDUVA,2026/Mai,7.5
351110,CATANDUVA,2026/Jun,7.4
351140,CERQUEIRA CESAR,2025/Jul,3.0
351140,CERQUEIRA CESAR,2025/Ago,2.7
351140,CERQUEIRA CESAR,2025/Set,2.5
351140,CERQUEIRA CESAR,2025/Out,3.2
351140,CERQUEIRA CESAR,2025/Nov,2.7
351140,CERQUEIRA CESAR,2025/Dez,2.5
351140,CERQUEIRA CESAR,2026/Jan,2.4
351140,CERQUEIRA CESAR,2026/Fev,2.7
351140,CERQUEIRA CESAR,2026/Mar,2.3
351140,CERQUEIRA CESAR,2026/Abr,2.2
351140,CERQUEIRA CESAR,2026/Mai,2.4
351140,CERQUEIRA CESAR,2026/Jun,2.7
351150,CERQUILHO,2025/Jul,5.5
351150,CERQUILHO,2025/Ago,4.3
351150,CERQUILHO,2025/Set,4.5
351150,CERQUILHO,2025/Out,6.0
351150,CERQUILHO,2025/Nov,3.0
351150,CERQUILHO,2025/Dez,3.4
351150,CERQUILHO,2026/Jan,5.5
351150,CERQUILHO,2026/Fev,3.8
351150,CERQUILHO,2026/Mar,3.2
351150,CERQUILHO,2026/Abr,4.4
351150,CERQUILHO,2026/Mai,3.2
351150,CERQUILHO,2026/Jun,3.5
351160,CESARIO LANGE,2025/Jul,2.7
351160,CESARIO LANGE,2025/Ago,3.0
351160,CESARIO LANGE,2025/Set,2.8
351160,CESARIO LANGE,2025/Out,2.2
351160,CESARIO LANGE,2025/Nov,3.0
351160,CESARIO LANGE,2025/Dez,2.3
351160,CESARIO LANGE,2026/Jan,2.8
351160,CESARIO LANGE,2026/Fev,2.6
351160,CESARIO LANGE,2026/Mar,2.8
351160,CESARIO LANGE,2026/Abr,2.4
351160,CESARIO LANGE,2026/Mai,2.3
351160,CESARIO LANGE,2026/Jun,2.3
351170,CHARQUEADA,2025/Jul,4.5
351170,CHARQUEADA,2025/Ago,4.0
351170,CHARQUEADA,2025/Set,4.5
351170,CHARQUEADA,2025/Out,3.3
351170,CHARQUEADA,2025/Nov,9.4
351170,CHARQUEADA,2025/Dez,3.5
351170,CHARQUEADA,2026/Jan,4.1
351170,CHARQUEADA,2026/Fev,4.5
351170,CHARQUEADA,2026/Mar,5.1
351170,CHARQUEADA,2026/Abr,3.7
351170,CHARQUEADA,2026/Mai,4.0
351170,CHARQUEADA,2026/Jun,4.0
351190,CLEMENTINA,2025/Jul,2.8
351190,CLEMENTINA,2025/Ago,3.1
351190,CLEMENTINA,2025/Set,2.7
351190,CLEMENTINA,2025/Out,3.5
351190,CLEMENTINA,2025/Nov,2.5
351190,CLEMENTINA,2025/Dez,4.1
351190,CLEMENTINA,2026/Jan,5.3
351190,CLEMENTINA,2026/Fev,5.0
351190,CLEMENTINA,2026/Mar,6.5
351190,CLEMENTINA,2026/Abr,2.9
351190,CLEMENTINA,2026/Mai,4.3
351190,CLEMENTINA,2026/Jun,4.9
351200,COLINA,2025/Jul,4.2
351200,COLINA,2025/Ago,3.5
351200,COLINA,2025/Set,3.6
351200,COLINA,2025/Out,5.1
351200,COLINA,2025/Nov,4.8
351200,COLINA,2025/Dez,2.9
351200,COLINA,2026/Jan,3.0
351200,COLINA,2026/Fev,3.7
351200,COLINA,2026/Mar,7.1
351200,COLINA,2026/Abr,4.3
351200,COLINA,2026/Mai,4.8
351200,COLINA,2026/Jun,4.4
351210,COLOMBIA,2025/Jul,1.8
351210,COLOMBIA,2025/Ago,3.3
351210,COLOMBIA,2025/Set,1.3
351210,COLOMBIA,2025/Out,1.0
351210,COLOMBIA,2025/Nov,2.2
351210,COLOMBIA,2025/Dez,5.3
351220,CONCHAL,2025/Jul,2.3
351220,CONCHAL,2025/Ago,1.8
351220,CONCHAL,2025/Set,2.4
351220,CONCHAL,2025/Out,1.4
351220,CONCHAL,2025/Nov,1.5
351220,CONCHAL,2025/Dez,2.3
351220,CONCHAL,2026/Jan,1.7
351220,CONCHAL,2026/Fev,2.1
351220,CONCHAL,2026/Mar,2.7
351220,CONCHAL,2026/Abr,2.0
351220,CONCHAL,2026/Mai,2.1
351220,CONCHAL,2026/Jun,1.8
351230,CONCHAS,2025/Jul,5.7
351230,CONCHAS,2025/Ago,5.5
351230,CONCHAS,2025/Set,4.1
351230,CONCHAS,2025/Out,6.2
351230,CONCHAS,2025/Nov,5.0
351230,CONCHAS,2025/Dez,4.5
351230,CONCHAS,2026/Jan,4.4
351230,CONCHAS,2026/Fev,3.4
351230,CONCHAS,2026/Mar,5.0
351230,CONCHAS,2026/Abr,4.8
351230,CONCHAS,2026/Mai,3.8
351230,CONCHAS,2026/Jun,4.6
351280,COSMOPOLIS,2025/Jul,3.5
351280,COSMOPOLIS,2025/Ago,3.5
351280,COSMOPOLIS,2025/Set,5.0
351280,COSMOPOLIS,2025/Out,3.8
351280,COSMOPOLIS,2025/Nov,3.4
351280,COSMOPOLIS,2025/Dez,3.6
351280,COSMOPOLIS,2026/Jan,3.1
351280,COSMOPOLIS,2026/Fev,4.1
351280,COSMOPOLIS,2026/Mar,3.1
351280,COSMOPOLIS,2026/Abr,3.0
351280,COSMOPOLIS,2026/Mai,3.4
351280,COSMOPOLIS,2026/Jun,3.5
351300,COTIA,2025/Jul,3.9
351300,COTIA,2025/Ago,4.1
351300,COTIA,2025/Set,2.6
351300,COTIA,2025/Out,4.7
351300,COTIA,2025/Nov,3.8
351300,COTIA,2025/Dez,4.2
351300,COTIA,2026/Jan,4.0
351300,COTIA,2026/Fev,4.1
351300,COTIA,2026/Mar,3.5
351300,COTIA,2026/Abr,3.9
351300,COTIA,2026/Mai,3.5
351300,COTIA,2026/Jun,4.1
351310,CRAVINHOS,2025/Jul,6.2
351310,CRAVINHOS,2025/Ago,5.0
351310,CRAVINHOS,2025/Set,4.6
351310,CRAVINHOS,2025/Out,6.9
351310,CRAVINHOS,2025/Nov,5.0
351310,CRAVINHOS,2025/Dez,6.2
351310,CRAVINHOS,2026/Jan,6.0
351310,CRAVINHOS,2026/Fev,4.2
351340,CRUZEIRO,2025/Jul,5.6
351340,CRUZEIRO,2025/Ago,5.4
351340,CRUZEIRO,2025/Set,5.8
351340,CRUZEIRO,2025/Out,5.3
351340,CRUZEIRO,2025/Nov,5.6
351340,CRUZEIRO,2025/Dez,5.1
351340,CRUZEIRO,2026/Jan,5.8
351340,CRUZEIRO,2026/Fev,5.1
351340,CRUZEIRO,2026/Mar,4.1
351340,CRUZEIRO,2026/Abr,4.3
351340,CRUZEIRO,2026/Mai,4.1
351340,CRUZEIRO,2026/Jun,4.4
351350,CUBATAO,2025/Jul,6.2
351350,CUBATAO,2025/Ago,6.3
351350,CUBATAO,2025/Set,5.9
351350,CUBATAO,2025/Out,6.3
351350,CUBATAO,2025/Nov,6.5
351350,CUBATAO,2025/Dez,6.3
351350,CUBATAO,2026/Jan,6.7
351350,CUBATAO,2026/Fev,6.5
351350,CUBATAO,2026/Mar,6.4
351350,CUBATAO,2026/Abr,6.5
351350,CUBATAO,2026/Mai,6.2
351350,CUBATAO,2026/Jun,5.9
351360,CUNHA,2025/Jul,2.7
351360,CUNHA,2025/Ago,3.0
351360,CUNHA,2025/Set,3.0
351360,CUNHA,2025/Out,2.7
351360,CUNHA,2025/Nov,2.9
351360,CUNHA,2025/Dez,2.8
351360,CUNHA,2026/Jan,2.9
351360,CUNHA,2026/Fev,2.8
351360,CUNHA,2026/Mar,2.6
351360,CUNHA,2026/Abr,2.9
351360,CUNHA,2026/Mai,2.7
351360,CUNHA,2026/Jun,3.0
351370,DESCALVADO,2025/Jul,2.9
351370,DESCALVADO,2025/Ago,2.4
351370,DESCALVADO,2025/Set,2.0
351370,DESCALVADO,2025/Out,2.4
351370,DESCALVADO,2025/Nov,1.7
351370,DESCALVADO,2025/Dez,2.4
351370,DESCALVADO,2026/Jan,2.5
351370,DESCALVADO,2026/Fev,2.2
351370,DESCALVADO,2026/Mar,2.9
351370,DESCALVADO,2026/Abr,2.0
351370,DESCALVADO,2026/Mai,2.1
351370,DESCALVADO,2026/Jun,2.5
351380,DIADEMA,2025/Jul,5.6
351380,DIADEMA,2025/Ago,5.3
351380,DIADEMA,2025/Set,5.6
351380,DIADEMA,2025/Out,5.9
351380,DIADEMA,2025/Nov,5.0
351380,DIADEMA,2025/Dez,5.8
351380,DIADEMA,2026/Jan,4.7
351380,DIADEMA,2026/Fev,4.4
351380,DIADEMA,2026/Mar,4.5
351380,DIADEMA,2026/Abr,5.0
351380,DIADEMA,2026/Mai,4.6
351380,DIADEMA,2026/Jun,5.7
351390,DIVINOLANDIA,2025/Jul,9.1
351390,DIVINOLANDIA,2025/Ago,9.7
351390,DIVINOLANDIA,2025/Set,10.7
351390,DIVINOLANDIA,2025/Out,9.7
351390,DIVINOLANDIA,2025/Nov,10.6
351390,DIVINOLANDIA,2025/Dez,15.6
351390,DIVINOLANDIA,2026/Jan,11.4
351390,DIVINOLANDIA,2026/Fev,11.1
351390,DIVINOLANDIA,2026/Mar,10.5
351390,DIVINOLANDIA,2026/Abr,8.7
351390,DIVINOLANDIA,2026/Mai,10.1
351390,DIVINOLANDIA,2026/Jun,11.1
351410,DOIS CORREGOS,2025/Jul,4.4
351410,DOIS CORREGOS,2025/Ago,4.0
351410,DOIS CORREGOS,2025/Set,4.4
351410,DOIS CORREGOS,2025/Out,4.1
351410,DOIS CORREGOS,2025/Nov,4.3
351410,DOIS CORREGOS,2025/Dez,3.8
351410,DOIS CORREGOS,2026/Jan,3.8
351410,DOIS CORREGOS,2026/Fev,3.4
351410,DOIS CORREGOS,2026/Mar,3.7
351410,DOIS CORREGOS,2026/Abr,4.0
351410,DOIS CORREGOS,2026/Mai,2.8
351410,DOIS CORREGOS,2026/Jun,4.6
351440,DRACENA,2025/Jul,5.7
351440,DRACENA,2025/Ago,5.1
351440,DRACENA,2025/Set,5.9
351440,DRACENA,2025/Out,5.4
351440,DRACENA,2025/Nov,5.1
351440,DRACENA,2025/Dez,5.0
351440,DRACENA,2026/Jan,5.2
351440,DRACENA,2026/Fev,5.1
351440,DRACENA,2026/Mar,5.4
351440,DRACENA,2026/Abr,5.1
351440,DRACENA,2026/Mai,5.1
351440,DRACENA,2026/Jun,5.9
351450,DUARTINA,2025/Jul,1.9
351450,DUARTINA,2025/Ago,1.8
351450,DUARTINA,2025/Set,1.5
351450,DUARTINA,2025/Out,1.7
351450,DUARTINA,2025/Nov,1.8
351450,DUARTINA,2025/Dez,1.2
351450,DUARTINA,2026/Jan,2.2
351450,DUARTINA,2026/Fev,2.9
351450,DUARTINA,2026/Mar,2.3
351450,DUARTINA,2026/Abr,2.6
351450,DUARTINA,2026/Mai,2.4
351450,DUARTINA,2026/Jun,2.4
351500,EMBU DAS ARTES,2025/Jul,6.0
351500,EMBU DAS ARTES,2025/Ago,4.4
351500,EMBU DAS ARTES,2025/Set,5.3
351500,EMBU DAS ARTES,2025/Out,3.8
351500,EMBU DAS ARTES,2025/Nov,4.9
351500,EMBU DAS ARTES,2025/Dez,4.3
351500,EMBU DAS ARTES,2026/Jan,3.2
351500,EMBU DAS ARTES,2026/Fev,4.4
351500,EMBU DAS ARTES,2026/Mar,4.3
351500,EMBU DAS ARTES,2026/Abr,5.6
351500,EMBU DAS ARTES,2026/Mai,5.2
351500,EMBU DAS ARTES,2026/Jun,5.3
351510,EMBU-GUACU,2025/Jul,0.9
351510,EMBU-GUACU,2025/Ago,0.7
351510,EMBU-GUACU,2025/Set,0.8
351510,EMBU-GUACU,2025/Out,0.8
351510,EMBU-GUACU,2025/Nov,0.5
351510,EMBU-GUACU,2025/Dez,0.9
351510,EMBU-GUACU,2026/Jan,1.0
351510,EMBU-GUACU,2026/Fev,1.5
351510,EMBU-GUACU,2026/Mar,0.9
351510,EMBU-GUACU,2026/Abr,0.9
351510,EMBU-GUACU,2026/Mai,0.8
351510,EMBU-GUACU,2026/Jun,1.2
351518,ESPIRITO SANTO DO PINHAL,2025/Jul,26.5
351518,ESPIRITO SANTO DO PINHAL,2025/Ago,24.2
351518,ESPIRITO SANTO DO PINHAL,2025/Set,26.3
351518,ESPIRITO SANTO DO PINHAL,2025/Out,24.4
351518,ESPIRITO SANTO DO PINHAL,2025/Nov,23.1
351518,ESPIRITO SANTO DO PINHAL,2025/Dez,24.3
351518,ESPIRITO SANTO DO PINHAL,2026/Jan,23.2
351518,ESPIRITO SANTO DO PINHAL,2026/Fev,22.4
351518,ESPIRITO SANTO DO PINHAL,2026/Mar,23.3
351518,ESPIRITO SANTO DO PINHAL,2026/Abr,20.9
351518,ESPIRITO SANTO DO PINHAL,2026/Mai,22.2
351518,ESPIRITO SANTO DO PINHAL,2026/Jun,24.3
351520,ESTRELA D'OESTE,2025/Jul,4.4
351520,ESTRELA D'OESTE,2025/Ago,3.8
351520,ESTRELA D'OESTE,2025/Set,3.8
351520,ESTRELA D'OESTE,2025/Out,3.4
351520,ESTRELA D'OESTE,2025/Nov,3.5
351520,ESTRELA D'OESTE,2025/Dez,3.9
351520,ESTRELA D'OESTE,2026/Jan,3.5
351520,ESTRELA D'OESTE,2026/Fev,3.6
351520,ESTRELA D'OESTE,2026/Mar,3.1
351520,ESTRELA D'OESTE,2026/Abr,3.7
351520,ESTRELA D'OESTE,2026/Mai,3.7
351520,ESTRELA D'OESTE,2026/Jun,3.3
351540,FARTURA,2025/Jul,3.5
351540,FARTURA,2025/Ago,3.5
351540,FARTURA,2025/Set,3.2
351540,FARTURA,2025/Out,2.5
351540,FARTURA,2025/Nov,3.5
351540,FARTURA,2025/Dez,2.6
351540,FARTURA,2026/Jan,3.3
351540,FARTURA,2026/Fev,3.1
351540,FARTURA,2026/Mar,2.5
351540,FARTURA,2026/Abr,3.5
351540,FARTURA,2026/Mai,3.5
351540,FARTURA,2026/Jun,3.6
351550,FERNANDOPOLIS,2025/Jul,3.6
351550,FERNANDOPOLIS,2025/Ago,3.1
351550,FERNANDOPOLIS,2025/Set,3.5
351550,FERNANDOPOLIS,2025/Out,3.8
351550,FERNANDOPOLIS,2025/Nov,2.8
351550,FERNANDOPOLIS,2025/Dez,3.3
351550,FERNANDOPOLIS,2026/Jan,3.2
351550,FERNANDOPOLIS,2026/Fev,3.3
351550,FERNANDOPOLIS,2026/Mar,3.3
351550,FERNANDOPOLIS,2026/Abr,3.4
351550,FERNANDOPOLIS,2026/Mai,3.0
351550,FERNANDOPOLIS,2026/Jun,3.3
351570,FERRAZ DE VASCONCELOS,2025/Jul,5.5
351570,FERRAZ DE VASCONCELOS,2025/Ago,6.0
351570,FERRAZ DE VASCONCELOS,2025/Set,5.1
351570,FERRAZ DE VASCONCELOS,2025/Out,5.4
351570,FERRAZ DE VASCONCELOS,2025/Nov,5.6
351570,FERRAZ DE VASCONCELOS,2025/Dez,5.4
351570,FERRAZ DE VASCONCELOS,2026/Jan,3.8
351570,FERRAZ DE VASCONCELOS,2026/Fev,4.6
351570,FERRAZ DE VASCONCELOS,2026/Mar,3.4
351570,FERRAZ DE VASCONCELOS,2026/Abr,5.2
351570,FERRAZ DE VASCONCELOS,2026/Mai,4.9
351570,FERRAZ DE VASCONCELOS,2026/Jun,3.9
351600,FLORIDA PAULISTA,2025/Jul,2.4
351600,FLORIDA PAULISTA,2025/Ago,2.1
351600,FLORIDA PAULISTA,2025/Set,2.7
351600,FLORIDA PAULISTA,2025/Out,2.3
351600,FLORIDA PAULISTA,2025/Nov,2.3
351600,FLORIDA PAULISTA,2025/Dez,2.3
351600,FLORIDA PAULISTA,2026/Jan,2.2
351600,FLORIDA PAULISTA,2026/Fev,2.2
351600,FLORIDA PAULISTA,2026/Mar,2.0
351600,FLORIDA PAULISTA,2026/Abr,2.4
351600,FLORIDA PAULISTA,2026/Mai,2.2
351600,FLORIDA PAULISTA,2026/Jun,2.6
351620,FRANCA,2025/Jul,5.6
351620,FRANCA,2025/Ago,5.3
351620,FRANCA,2025/Set,5.3
351620,FRANCA,2025/Out,5.2
351620,FRANCA,2025/Nov,5.2
351620,FRANCA,2025/Dez,6.0
351620,FRANCA,2026/Jan,5.5
351620,FRANCA,2026/Fev,5.1
351620,FRANCA,2026/Mar,5.7
351620,FRANCA,2026/Abr,5.4
351620,FRANCA,2026/Mai,5.3
351620,FRANCA,2026/Jun,5.4
351630,FRANCISCO MORATO,2025/Jul,4.0
351630,FRANCISCO MORATO,2025/Ago,3.7
351630,FRANCISCO MORATO,2025/Set,3.4
351630,FRANCISCO MORATO,2025/Out,4.8
351630,FRANCISCO MORATO,2025/Nov,3.7
351630,FRANCISCO MORATO,2025/Dez,4.5
351630,FRANCISCO MORATO,2026/Jan,4.1
351630,FRANCISCO MORATO,2026/Fev,4.2
351630,FRANCISCO MORATO,2026/Mar,4.2
351630,FRANCISCO MORATO,2026/Abr,3.9
351630,FRANCISCO MORATO,2026/Mai,4.0
351630,FRANCISCO MORATO,2026/Jun,4.0
351640,FRANCO DA ROCHA,2025/Jul,7.3
351640,FRANCO DA ROCHA,2025/Ago,8.0
351640,FRANCO DA ROCHA,2025/Set,7.9
351640,FRANCO DA ROCHA,2025/Out,7.7
351640,FRANCO DA ROCHA,2025/Nov,8.0
351640,FRANCO DA ROCHA,2025/Dez,7.2
351640,FRANCO DA ROCHA,2026/Jan,8.8
351640,FRANCO DA ROCHA,2026/Fev,7.1
351640,FRANCO DA ROCHA,2026/Mar,7.4
351640,FRANCO DA ROCHA,2026/Abr,8.5
351640,FRANCO DA ROCHA,2026/Mai,8.0
351640,FRANCO DA ROCHA,2026/Jun,7.0
351660,GALIA,2025/Jul,9.6
351660,GALIA,2025/Ago,2.8
351660,GALIA,2025/Set,3.9
351660,GALIA,2025/Out,4.3
351660,GALIA,2025/Nov,3.9
351660,GALIA,2025/Dez,4.5
351660,GALIA,2026/Jan,5.5
351660,GALIA,2026/Fev,4.2
351660,GALIA,2026/Mar,5.4
351660,GALIA,2026/Abr,7.8
351660,GALIA,2026/Mai,1.9
351660,GALIA,2026/Jun,3.8
351670,GARCA,2025/Jul,21.2
351670,GARCA,2025/Ago,20.4
351670,GARCA,2025/Set,24.6
351670,GARCA,2025/Out,22.8
351670,GARCA,2025/Nov,24.6
351670,GARCA,2025/Dez,25.6
351670,GARCA,2026/Jan,22.9
351670,GARCA,2026/Fev,24.8
351670,GARCA,2026/Mar,22.2
351670,GARCA,2026/Abr,25.6
351670,GARCA,2026/Mai,31.6
351670,GARCA,2026/Jun,24.2
351690,GENERAL SALGADO,2025/Jul,4.1
351690,GENERAL SALGADO,2025/Ago,4.2
351690,GENERAL SALGADO,2025/Set,4.4
351690,GENERAL SALGADO,2025/Out,4.2
351690,GENERAL SALGADO,2025/Nov,4.4
351690,GENERAL SALGADO,2025/Dez,4.8
351690,GENERAL SALGADO,2026/Jan,3.1
351690,GENERAL SALGADO,2026/Fev,3.7
351690,GENERAL SALGADO,2026/Mar,3.6
351690,GENERAL SALGADO,2026/Abr,3.3
351690,GENERAL SALGADO,2026/Mai,3.6
351690,GENERAL SALGADO,2026/Jun,4.2
351700,GETULINA,2025/Jul,4.1
351700,GETULINA,2025/Ago,3.1
351700,GETULINA,2025/Set,3.8
351700,GETULINA,2025/Out,3.7
351700,GETULINA,2025/Nov,3.1
351700,GETULINA,2025/Dez,3.7
351700,GETULINA,2026/Jan,6.3
351700,GETULINA,2026/Fev,3.8
351700,GETULINA,2026/Mar,3.8
351700,GETULINA,2026/Abr,4.3
351700,GETULINA,2026/Mai,3.8
351700,GETULINA,2026/Jun,3.9
351740,GUAIRA,2025/Jul,3.0
351740,GUAIRA,2025/Ago,3.0
351740,GUAIRA,2025/Set,3.1
351740,GUAIRA,2025/Out,2.8
351740,GUAIRA,2025/Nov,3.0
351740,GUAIRA,2025/Dez,2.8
351740,GUAIRA,2026/Jan,3.2
351740,GUAIRA,2026/Fev,2.4
351740,GUAIRA,2026/Mar,3.0
351740,GUAIRA,2026/Abr,3.7
351740,GUAIRA,2026/Mai,3.0
351740,GUAIRA,2026/Jun,2.8
351760,GUAPIARA,2025/Jul,3.3
351760,GUAPIARA,2025/Ago,4.5
351760,GUAPIARA,2025/Set,3.4
351760,GUAPIARA,2025/Out,3.5
351760,GUAPIARA,2025/Nov,4.3
351760,GUAPIARA,2025/Dez,3.6
351760,GUAPIARA,2026/Jan,4.0
351760,GUAPIARA,2026/Fev,3.7
351760,GUAPIARA,2026/Mar,6.3
351760,GUAPIARA,2026/Abr,4.7
351760,GUAPIARA,2026/Mai,4.7
351760,GUAPIARA,2026/Jun,2.6
351770,GUARA,2025/Jul,3.4
351770,GUARA,2025/Ago,3.0
351770,GUARA,2025/Set,3.3
351770,GUARA,2025/Out,2.7
351770,GUARA,2025/Nov,2.9
351770,GUARA,2025/Dez,3.3
351770,GUARA,2026/Jan,3.4
351770,GUARA,2026/Fev,3.3
351770,GUARA,2026/Mar,3.9
351770,GUARA,2026/Abr,2.4
351770,GUARA,2026/Mai,2.8
351770,GUARA,2026/Jun,3.1
351780,GUARACAI,2025/Jul,3.7
351780,GUARACAI,2025/Ago,2.9
351780,GUARACAI,2025/Set,2.8
351780,GUARACAI,2025/Out,2.8
351780,GUARACAI,2025/Nov,2.4
351780,GUARACAI,2025/Dez,5.0
351780,GUARACAI,2026/Jan,4.9
351780,GUARACAI,2026/Fev,3.1
351780,GUARACAI,2026/Mar,3.0
351780,GUARACAI,2026/Abr,3.1
351780,GUARACAI,2026/Mai,3.1
351780,GUARACAI,2026/Jun,3.9
351820,GUARARAPES,2025/Jul,4.7
351820,GUARARAPES,2025/Ago,4.5
351820,GUARARAPES,2025/Set,5.1
351820,GUARARAPES,2025/Out,3.9
351820,GUARARAPES,2025/Nov,4.0
351820,GUARARAPES,2025/Dez,4.1
351820,GUARARAPES,2026/Jan,4.6
351820,GUARARAPES,2026/Fev,3.6
351820,GUARARAPES,2026/Mar,4.0
351820,GUARARAPES,2026/Abr,4.5
351820,GUARARAPES,2026/Mai,4.7
351820,GUARARAPES,2026/Jun,4.3
351830,GUARAREMA,2025/Jul,3.3
351830,GUARAREMA,2025/Ago,2.6
351830,GUARAREMA,2025/Set,2.7
351830,GUARAREMA,2025/Out,3.3
351830,GUARAREMA,2025/Nov,3.1
351830,GUARAREMA,2025/Dez,2.7
351830,GUARAREMA,2026/Jan,2.5
351830,GUARAREMA,2026/Fev,2.8
351830,GUARAREMA,2026/Mar,3.4
351830,GUARAREMA,2026/Abr,3.2
351830,GUARAREMA,2026/Mai,2.7
351830,GUARAREMA,2026/Jun,3.4
351840,GUARATINGUETA,2025/Jul,4.8
351840,GUARATINGUETA,2025/Ago,4.4
351840,GUARATINGUETA,2025/Set,5.0
351840,GUARATINGUETA,2025/Out,4.9
351840,GUARATINGUETA,2025/Nov,5.0
351840,GUARATINGUETA,2025/Dez,5.9
351840,GUARATINGUETA,2026/Jan,4.7
351840,GUARATINGUETA,2026/Fev,5.9
351840,GUARATINGUETA,2026/Mar,4.8
351840,GUARATINGUETA,2026/Abr,4.4
351840,GUARATINGUETA,2026/Mai,6.5
351840,GUARATINGUETA,2026/Jun,5.2
351860,GUARIBA,2025/Jul,3.1
351860,GUARIBA,2025/Ago,3.2
351860,GUARIBA,2025/Set,3.0
351860,GUARIBA,2025/Out,2.7
351860,GUARIBA,2025/Nov,2.3
351860,GUARIBA,2025/Dez,3.1
351860,GUARIBA,2026/Jan,2.7
351860,GUARIBA,2026/Fev,3.1
351860,GUARIBA,2026/Mar,2.6
351860,GUARIBA,2026/Abr,2.2
351860,GUARIBA,2026/Mai,2.8
351860,GUARIBA,2026/Jun,2.8
351870,GUARUJA,2025/Jul,5.5
351870,GUARUJA,2025/Ago,5.9
351870,GUARUJA,2025/Set,6.1
351870,GUARUJA,2025/Out,6.0
351870,GUARUJA,2025/Nov,5.7
351870,GUARUJA,2025/Dez,6.3
351870,GUARUJA,2026/Jan,5.7
351870,GUARUJA,2026/Fev,6.3
351870,GUARUJA,2026/Mar,5.8
351870,GUARUJA,2026/Abr,5.6
351870,GUARUJA,2026/Mai,6.5
351870,GUARUJA,2026/Jun,5.9
351880,GUARULHOS,2025/Jul,8.2
351880,GUARULHOS,2025/Ago,7.4
351880,GUARULHOS,2025/Set,8.8
351880,GUARULHOS,2025/Out,7.8
351880,GUARULHOS,2025/Nov,8.5
351880,GUARULHOS,2025/Dez,8.6
351880,GUARULHOS,2026/Jan,8.0
351880,GUARULHOS,2026/Fev,8.0
351880,GUARULHOS,2026/Mar,7.7
351880,GUARULHOS,2026/Abr,8.1
351880,GUARULHOS,2026/Mai,8.1
351880,GUARULHOS,2026/Jun,8.7
351900,HERCULANDIA,2025/Jul,3.6
351900,HERCULANDIA,2025/Ago,3.2
351900,HERCULANDIA,2025/Set,4.4
351900,HERCULANDIA,2025/Out,3.4
351900,HERCULANDIA,2025/Nov,3.3
351900,HERCULANDIA,2025/Dez,3.6
351900,HERCULANDIA,2026/Jan,3.5
351900,HERCULANDIA,2026/Fev,3.3
351900,HERCULANDIA,2026/Mar,3.6
351900,HERCULANDIA,2026/Abr,3.8
351900,HERCULANDIA,2026/Mai,3.5
351900,HERCULANDIA,2026/Jun,3.4
351907,HORTOLANDIA,2025/Jul,3.5
351907,HORTOLANDIA,2025/Ago,3.5
351907,HORTOLANDIA,2025/Set,3.7
351907,HORTOLANDIA,2025/Out,3.8
351907,HORTOLANDIA,2025/Nov,4.3
351907,HORTOLANDIA,2025/Dez,3.8
351907,HORTOLANDIA,2026/Jan,4.7
351907,HORTOLANDIA,2026/Fev,3.5
351907,HORTOLANDIA,2026/Mar,3.8
351907,HORTOLANDIA,2026/Abr,4.2
351907,HORTOLANDIA,2026/Mai,3.7
351907,HORTOLANDIA,2026/Jun,3.7
351910,IACANGA,2025/Jul,2.6
351910,IACANGA,2025/Ago,2.1
351910,IACANGA,2025/Set,2.8
351910,IACANGA,2025/Out,1.7
351910,IACANGA,2025/Nov,2.2
351910,IACANGA,2025/Dez,1.5
351910,IACANGA,2026/Jan,2.1
351910,IACANGA,2026/Fev,2.5
351910,IACANGA,2026/Mar,2.3
351910,IACANGA,2026/Abr,2.2
351910,IACANGA,2026/Mai,2.3
351910,IACANGA,2026/Jun,3.1
351930,IBATE,2025/Jul,1.8
351930,IBATE,2025/Ago,2.9
351930,IBATE,2025/Set,2.8
351930,IBATE,2025/Out,2.4
351930,IBATE,2025/Nov,2.6
351930,IBATE,2025/Dez,3.6
351930,IBATE,2026/Jan,3.4
351930,IBATE,2026/Fev,3.0
351930,IBATE,2026/Mar,2.9
351930,IBATE,2026/Abr,2.7
351930,IBATE,2026/Mai,3.5
351930,IBATE,2026/Jun,3.1
351940,IBIRA,2025/Jul,4.1
351940,IBIRA,2025/Ago,4.0
351940,IBIRA,2025/Set,3.2
351940,IBIRA,2025/Out,4.9
351940,IBIRA,2025/Nov,4.9
351940,IBIRA,2025/Dez,4.8
351940,IBIRA,2026/Jan,4.4
351940,IBIRA,2026/Fev,4.4
351940,IBIRA,2026/Mar,3.9
351940,IBIRA,2026/Abr,3.8
351940,IBIRA,2026/Mai,3.8
351940,IBIRA,2026/Jun,4.6
351960,IBITINGA,2025/Jul,3.2
351960,IBITINGA,2025/Ago,2.7
351960,IBITINGA,2025/Set,3.1
351960,IBITINGA,2025/Out,2.7
351960,IBITINGA,2025/Nov,2.7
351960,IBITINGA,2025/Dez,2.5
351960,IBITINGA,2026/Jan,2.5
351960,IBITINGA,2026/Fev,2.5
351960,IBITINGA,2026/Mar,2.6
351960,IBITINGA,2026/Abr,2.9
351960,IBITINGA,2026/Mai,2.6
351960,IBITINGA,2026/Jun,3.0
351970,IBIUNA,2025/Jul,2.7
351970,IBIUNA,2025/Ago,3.3
351970,IBIUNA,2025/Set,3.2
351970,IBIUNA,2025/Out,3.2
351970,IBIUNA,2025/Nov,3.1
351970,IBIUNA,2025/Dez,4.7
351970,IBIUNA,2026/Jan,3.1
351970,IBIUNA,2026/Fev,2.9
351970,IBIUNA,2026/Mar,3.6
351970,IBIUNA,2026/Abr,3.2
351970,IBIUNA,2026/Mai,3.5
351970,IBIUNA,2026/Jun,3.3
351990,IEPE,2025/Jul,2.7
351990,IEPE,2025/Ago,3.4
351990,IEPE,2025/Set,2.5
351990,IEPE,2025/Out,3.1
351990,IEPE,2025/Nov,4.1
351990,IEPE,2025/Dez,3.8
351990,IEPE,2026/Jan,3.4
351990,IEPE,2026/Fev,4.1
351990,IEPE,2026/Mar,4.3
351990,IEPE,2026/Abr,3.1
351990,IEPE,2026/Mai,3.1
351990,IEPE,2026/Jun,3.0
352010,IGARAPAVA,2025/Jul,4.5
352010,IGARAPAVA,2025/Ago,5.0
352010,IGARAPAVA,2025/Set,4.5
352010,IGARAPAVA,2025/Out,5.8
352010,IGARAPAVA,2025/Nov,5.1
352010,IGARAPAVA,2025/Dez,5.6
352010,IGARAPAVA,2026/Jan,5.0
352010,IGARAPAVA,2026/Fev,4.5
352010,IGARAPAVA,2026/Mar,5.1
352010,IGARAPAVA,2026/Abr,4.6
352010,IGARAPAVA,2026/Mai,5.0
352010,IGARAPAVA,2026/Jun,4.6
352040,ILHABELA,2025/Jul,2.5
352040,ILHABELA,2025/Ago,2.7
352040,ILHABELA,2025/Set,2.8
352040,ILHABELA,2025/Out,2.7
352040,ILHABELA,2025/Nov,3.0
352040,ILHABELA,2025/Dez,2.8
352040,ILHABELA,2026/Jan,2.5
352040,ILHABELA,2026/Fev,3.1
352040,ILHABELA,2026/Mar,4.0
352040,ILHABELA,2026/Abr,3.2
352040,ILHABELA,2026/Mai,3.5
352040,ILHABELA,2026/Jun,3.6
352044,ILHA SOLTEIRA,2025/Jul,3.5
352044,ILHA SOLTEIRA,2025/Ago,3.0
352044,ILHA SOLTEIRA,2025/Set,3.5
352044,ILHA SOLTEIRA,2025/Out,3.2
352044,ILHA SOLTEIRA,2025/Nov,3.7
352044,ILHA SOLTEIRA,2025/Dez,4.0
352044,ILHA SOLTEIRA,2026/Jan,3.5
352044,ILHA SOLTEIRA,2026/Fev,3.7
352044,ILHA SOLTEIRA,2026/Mar,4.5
352044,ILHA SOLTEIRA,2026/Abr,4.4
352044,ILHA SOLTEIRA,2026/Mai,3.7
352044,ILHA SOLTEIRA,2026/Jun,3.9
352050,INDAIATUBA,2025/Jul,4.2
352050,INDAIATUBA,2025/Ago,3.9
352050,INDAIATUBA,2025/Set,3.8
352050,INDAIATUBA,2025/Out,3.7
352050,INDAIATUBA,2025/Nov,4.0
352050,INDAIATUBA,2025/Dez,3.6
352050,INDAIATUBA,2026/Jan,3.3
352050,INDAIATUBA,2026/Fev,3.3
352050,INDAIATUBA,2026/Mar,3.1
352050,INDAIATUBA,2026/Abr,3.0
352050,INDAIATUBA,2026/Mai,3.2
352050,INDAIATUBA,2026/Jun,3.3
352070,INDIAPORA,2025/Jul,3.6
352070,INDIAPORA,2025/Ago,3.8
352070,INDIAPORA,2025/Set,3.3
352070,INDIAPORA,2025/Out,2.6
352070,INDIAPORA,2025/Nov,3.0
352070,INDIAPORA,2025/Dez,4.1
352070,INDIAPORA,2026/Jan,3.2
352070,INDIAPORA,2026/Fev,2.7
352070,INDIAPORA,2026/Mar,2.9
352070,INDIAPORA,2026/Abr,3.4
352070,INDIAPORA,2026/Mai,2.8
352070,INDIAPORA,2026/Jun,3.0
352090,IPAUSSU,2025/Jul,3.7
352090,IPAUSSU,2025/Ago,2.6
352090,IPAUSSU,2025/Set,3.2
352090,IPAUSSU,2025/Out,2.5
352090,IPAUSSU,2025/Nov,4.0
352090,IPAUSSU,2025/Dez,3.4
352090,IPAUSSU,2026/Jan,3.0
352090,IPAUSSU,2026/Fev,2.8
352090,IPAUSSU,2026/Mar,2.9
352090,IPAUSSU,2026/Abr,3.1
352090,IPAUSSU,2026/Mai,3.6
352090,IPAUSSU,2026/Jun,2.4
352130,IPUA,2025/Jul,2.0
352130,IPUA,2025/Ago,3.5
352130,IPUA,2025/Set,1.4
352130,IPUA,2025/Out,2.7
352130,IPUA,2025/Nov,2.4
352130,IPUA,2025/Dez,4.5
352130,IPUA,2026/Jan,3.4
352130,IPUA,2026/Fev,3.2
352130,IPUA,2026/Mar,3.5
352130,IPUA,2026/Abr,2.2
352130,IPUA,2026/Mai,3.0
352130,IPUA,2026/Jun,2.2
352170,ITABERA,2025/Jul,2.2
352170,ITABERA,2025/Ago,1.7
352170,ITABERA,2025/Set,2.6
352170,ITABERA,2025/Out,2.8
352170,ITABERA,2025/Nov,2.2
352170,ITABERA,2025/Dez,1.8
352170,ITABERA,2026/Jan,2.1
352170,ITABERA,2026/Fev,1.9
352170,ITABERA,2026/Mar,2.2
352170,ITABERA,2026/Abr,2.0
352170,ITABERA,2026/Mai,2.2
352180,ITAI,2025/Jul,2.6
352180,ITAI,2025/Ago,3.4
352180,ITAI,2025/Set,3.2
352180,ITAI,2025/Out,3.0
352180,ITAI,2025/Nov,2.1
352180,ITAI,2025/Dez,2.6
352180,ITAI,2026/Jan,2.5
352180,ITAI,2026/Fev,2.4
352180,ITAI,2026/Mar,2.7
352180,ITAI,2026/Abr,2.6
352180,ITAI,2026/Mai,2.7
352180,ITAI,2026/Jun,3.0
352190,ITAJOBI,2025/Jul,6.3
352190,ITAJOBI,2025/Ago,6.6
352190,ITAJOBI,2025/Set,6.4
352190,ITAJOBI,2025/Out,7.5
352190,ITAJOBI,2025/Nov,9.3
352190,ITAJOBI,2025/Dez,7.7
352190,ITAJOBI,2026/Jan,7.8
352190,ITAJOBI,2026/Fev,6.6
352190,ITAJOBI,2026/Mar,7.6
352190,ITAJOBI,2026/Abr,7.4
352190,ITAJOBI,2026/Mai,7.5
352190,ITAJOBI,2026/Jun,7.5
352210,ITANHAEM,2025/Jul,3.9
352210,ITANHAEM,2025/Ago,4.6
352210,ITANHAEM,2025/Set,4.4
352210,ITANHAEM,2025/Out,4.2
352210,ITANHAEM,2025/Nov,4.2
352210,ITANHAEM,2025/Dez,4.4
352210,ITANHAEM,2026/Jan,4.4
352210,ITANHAEM,2026/Fev,4.4
352210,ITANHAEM,2026/Mar,4.5
352210,ITANHAEM,2026/Abr,4.3
352210,ITANHAEM,2026/Mai,4.6
352210,ITANHAEM,2026/Jun,4.5
352220,ITAPECERICA DA SERRA,2025/Jul,4.0
352220,ITAPECERICA DA SERRA,2025/Ago,2.1
352220,ITAPECERICA DA SERRA,2025/Set,3.0
352220,ITAPECERICA DA SERRA,2025/Out,4.6
352220,ITAPECERICA DA SERRA,2025/Nov,4.3
352220,ITAPECERICA DA SERRA,2025/Dez,4.0
352220,ITAPECERICA DA SERRA,2026/Jan,3.7
352220,ITAPECERICA DA SERRA,2026/Fev,4.3
352220,ITAPECERICA DA SERRA,2026/Mar,3.6
352220,ITAPECERICA DA SERRA,2026/Abr,3.6
352220,ITAPECERICA DA SERRA,2026/Mai,4.2
352220,ITAPECERICA DA SERRA,2026/Jun,3.7
352230,ITAPETININGA,2025/Jul,6.0
352230,ITAPETININGA,2025/Ago,6.0
352230,ITAPETININGA,2025/Set,5.9
352230,ITAPETININGA,2025/Out,6.0
352230,ITAPETININGA,2025/Nov,5.9
352230,ITAPETININGA,2025/Dez,6.0
352230,ITAPETININGA,2026/Jan,6.1
352230,ITAPETININGA,2026/Fev,5.6
352230,ITAPETININGA,2026/Mar,5.6
352230,ITAPETININGA,2026/Abr,5.6
352230,ITAPETININGA,2026/Mai,5.8
352230,ITAPETININGA,2026/Jun,6.0
352240,ITAPEVA,2025/Jul,3.8
352240,ITAPEVA,2025/Ago,3.9
352240,ITAPEVA,2025/Set,4.1
352240,ITAPEVA,2025/Out,3.5
352240,ITAPEVA,2025/Nov,4.0
352240,ITAPEVA,2025/Dez,3.8
352240,ITAPEVA,2026/Jan,4.8
352240,ITAPEVA,2026/Fev,3.9
352240,ITAPEVA,2026/Mar,3.9
352240,ITAPEVA,2026/Abr,3.6
352240,ITAPEVA,2026/Mai,4.0
352240,ITAPEVA,2026/Jun,3.9
352250,ITAPEVI,2025/Jul,4.0
352250,ITAPEVI,2025/Ago,4.6
352250,ITAPEVI,2025/Set,3.9
352250,ITAPEVI,2025/Out,4.2
352250,ITAPEVI,2025/Nov,3.8
352250,ITAPEVI,2025/Dez,3.9
352250,ITAPEVI,2026/Jan,4.4
352250,ITAPEVI,2026/Fev,3.8
352250,ITAPEVI,2026/Mar,3.7
352250,ITAPEVI,2026/Abr,3.9
352250,ITAPEVI,2026/Mai,4.3
352250,ITAPEVI,2026/Jun,4.5
352260,ITAPIRA,2025/Jul,23.5
352260,ITAPIRA,2025/Ago,23.6
352260,ITAPIRA,2025/Set,26.8
352260,ITAPIRA,2025/Out,25.9
352260,ITAPIRA,2025/Nov,28.1
352260,ITAPIRA,2025/Dez,26.3
352260,ITAPIRA,2026/Jan,23.8
352260,ITAPIRA,2026/Fev,26.1
352260,ITAPIRA,2026/Mar,29.8
352260,ITAPIRA,2026/Abr,23.2
352260,ITAPIRA,2026/Mai,24.1
352260,ITAPIRA,2026/Jun,20.9
352270,ITAPOLIS,2025/Jul,3.2
352270,ITAPOLIS,2025/Ago,3.3
352270,ITAPOLIS,2025/Set,3.5
352270,ITAPOLIS,2025/Out,3.2
352270,ITAPOLIS,2025/Nov,3.2
352270,ITAPOLIS,2025/Dez,3.5
352270,ITAPOLIS,2026/Jan,3.9
352270,ITAPOLIS,2026/Fev,3.4
352270,ITAPOLIS,2026/Mar,3.3
352270,ITAPOLIS,2026/Abr,3.2
352270,ITAPOLIS,2026/Mai,3.0
352270,ITAPOLIS,2026/Jun,3.0
352280,ITAPORANGA,2025/Jul,2.5
352280,ITAPORANGA,2025/Ago,2.1
352280,ITAPORANGA,2025/Set,2.6
352280,ITAPORANGA,2025/Out,2.0
352280,ITAPORANGA,2025/Nov,2.0
352280,ITAPORANGA,2025/Dez,2.0
352280,ITAPORANGA,2026/Jan,2.2
352280,ITAPORANGA,2026/Fev,2.6
352280,ITAPORANGA,2026/Mar,1.7
352280,ITAPORANGA,2026/Abr,2.0
352280,ITAPORANGA,2026/Mai,1.9
352280,ITAPORANGA,2026/Jun,2.6
352290,ITAPUI,2025/Jul,4.8
352310,ITAQUAQUECETUBA,2025/Jul,6.6
352310,ITAQUAQUECETUBA,2025/Ago,5.6
352310,ITAQUAQUECETUBA,2025/Set,6.2
352310,ITAQUAQUECETUBA,2025/Out,5.9
352310,ITAQUAQUECETUBA,2025/Nov,6.3
352310,ITAQUAQUECETUBA,2025/Dez,5.9
352310,ITAQUAQUECETUBA,2026/Jan,6.3
352310,ITAQUAQUECETUBA,2026/Fev,6.2
352310,ITAQUAQUECETUBA,2026/Mar,5.7
352310,ITAQUAQUECETUBA,2026/Abr,5.8
352310,ITAQUAQUECETUBA,2026/Mai,5.7
352310,ITAQUAQUECETUBA,2026/Jun,6.0
352320,ITARARE,2025/Jul,2.0
352320,ITARARE,2025/Ago,2.0
352320,ITARARE,2025/Set,2.2
352320,ITARARE,2025/Out,1.8
352320,ITARARE,2025/Nov,1.9
352320,ITARARE,2025/Dez,2.0
352320,ITARARE,2026/Jan,1.9
352320,ITARARE,2026/Fev,1.9
352320,ITARARE,2026/Mar,2.1
352320,ITARARE,2026/Abr,2.1
352320,ITARARE,2026/Mai,2.2
352320,ITARARE,2026/Jun,2.2
352340,ITATIBA,2025/Jul,3.9
352340,ITATIBA,2025/Ago,3.4
352340,ITATIBA,2025/Set,3.0
352340,ITATIBA,2025/Out,3.2
352340,ITATIBA,2025/Nov,3.4
352340,ITATIBA,2025/Dez,3.1
352340,ITATIBA,2026/Jan,3.3
352340,ITATIBA,2026/Fev,3.3
352340,ITATIBA,2026/Mar,3.4
352340,ITATIBA,2026/Abr,3.0
352340,ITATIBA,2026/Mai,3.7
352340,ITATIBA,2026/Jun,3.3
352350,ITATINGA,2025/Jul,4.4
352350,ITATINGA,2025/Ago,2.4
352350,ITATINGA,2025/Set,3.2
352350,ITATINGA,2025/Out,3.9
352350,ITATINGA,2025/Nov,4.4
352350,ITATINGA,2025/Dez,4.8
352350,ITATINGA,2026/Jan,5.6
352350,ITATINGA,2026/Fev,4.6
352350,ITATINGA,2026/Mar,4.0
352350,ITATINGA,2026/Abr,4.7
352350,ITATINGA,2026/Mai,5.2
352350,ITATINGA,2026/Jun,4.9
352360,ITIRAPINA,2025/Jul,4.6
352360,ITIRAPINA,2025/Ago,4.5
352360,ITIRAPINA,2025/Set,7.3
352360,ITIRAPINA,2025/Out,4.3
352360,ITIRAPINA,2025/Nov,5.3
352360,ITIRAPINA,2025/Dez,2.9
352360,ITIRAPINA,2026/Jan,3.3
352360,ITIRAPINA,2026/Fev,5.0
352360,ITIRAPINA,2026/Mar,3.9
352360,ITIRAPINA,2026/Abr,6.2
352360,ITIRAPINA,2026/Mai,4.2
352360,ITIRAPINA,2026/Jun,3.6
352390,ITU,2025/Jul,10.6
352390,ITU,2025/Ago,10.2
352390,ITU,2025/Set,10.3
352390,ITU,2025/Out,10.7
352390,ITU,2025/Nov,11.0
352390,ITU,2025/Dez,12.0
352390,ITU,2026/Jan,11.9
352390,ITU,2026/Fev,10.8
352390,ITU,2026/Mar,11.3
352390,ITU,2026/Abr,11.4
352390,ITU,2026/Mai,11.0
352390,ITU,2026/Jun,9.7
352400,ITUPEVA,2025/Jul,4.0
352400,ITUPEVA,2025/Ago,4.0
352400,ITUPEVA,2025/Set,3.3
352400,ITUPEVA,2025/Out,3.4
352400,ITUPEVA,2025/Nov,3.2
352400,ITUPEVA,2025/Dez,3.7
352400,ITUPEVA,2026/Jan,3.0
352400,ITUPEVA,2026/Fev,3.6
352400,ITUPEVA,2026/Mar,3.0
352400,ITUPEVA,2026/Abr,3.8
352400,ITUPEVA,2026/Mai,3.5
352400,ITUPEVA,2026/Jun,3.1
352410,ITUVERAVA,2025/Jul,3.8
352410,ITUVERAVA,2025/Ago,4.4
352410,ITUVERAVA,2025/Set,3.5
352410,ITUVERAVA,2025/Out,3.6
352410,ITUVERAVA,2025/Nov,4.1
352410,ITUVERAVA,2025/Dez,4.1
352410,ITUVERAVA,2026/Jan,3.8
352410,ITUVERAVA,2026/Fev,3.6
352410,ITUVERAVA,2026/Mar,3.5
352410,ITUVERAVA,2026/Abr,3.5
352410,ITUVERAVA,2026/Mai,3.7
352410,ITUVERAVA,2026/Jun,3.4
352420,JABORANDI,2025/Jul,6.7
352420,JABORANDI,2025/Ago,3.3
352420,JABORANDI,2025/Set,3.4
352420,JABORANDI,2025/Out,4.1
352420,JABORANDI,2025/Nov,3.5
352420,JABORANDI,2025/Dez,6.8
352420,JABORANDI,2026/Jan,5.0
352420,JABORANDI,2026/Fev,2.6
352420,JABORANDI,2026/Mar,4.6
352420,JABORANDI,2026/Abr,2.7
352420,JABORANDI,2026/Mai,2.6
352420,JABORANDI,2026/Jun,3.3
352430,JABOTICABAL,2025/Jul,4.6
352430,JABOTICABAL,2025/Ago,3.8
352430,JABOTICABAL,2025/Set,4.4
352430,JABOTICABAL,2025/Out,4.8
352430,JABOTICABAL,2025/Nov,5.1
352430,JABOTICABAL,2025/Dez,5.1
352430,JABOTICABAL,2026/Jan,3.3
352430,JABOTICABAL,2026/Fev,4.4
352430,JABOTICABAL,2026/Mar,4.7
352430,JABOTICABAL,2026/Abr,4.4
352430,JABOTICABAL,2026/Mai,4.4
352430,JABOTICABAL,2026/Jun,3.8
352440,JACAREI,2025/Jul,4.1
352440,JACAREI,2025/Ago,4.0
352440,JACAREI,2025/Set,4.0
352440,JACAREI,2025/Out,4.1
352440,JACAREI,2025/Nov,4.3
352440,JACAREI,2025/Dez,4.3
352440,JACAREI,2026/Jan,4.4
352440,JACAREI,2026/Fev,3.9
352440,JACAREI,2026/Mar,3.8
352440,JACAREI,2026/Abr,3.8
352440,JACAREI,2026/Mai,3.6
352440,JACAREI,2026/Jun,4.1
352450,JACI,2025/Jul,84.7
352450,JACI,2025/Ago,88.6
352450,JACI,2025/Set,86.7
352450,JACI,2025/Out,91.2
352450,JACI,2025/Nov,94.3
352450,JACI,2025/Dez,120.3
352450,JACI,2026/Jan,113.2
352450,JACI,2026/Fev,35.2
352450,JACI,2026/Mar,107.0
352450,JACI,2026/Abr,156.1
352450,JACI,2026/Mai,97.4
352450,JACI,2026/Jun,101.2
352470,JAGUARIUNA,2025/Jul,3.9
352470,JAGUARIUNA,2025/Ago,3.5
352470,JAGUARIUNA,2025/Set,3.1
352470,JAGUARIUNA,2025/Out,3.9
352470,JAGUARIUNA,2025/Nov,3.1
352470,JAGUARIUNA,2025/Dez,3.0
352470,JAGUARIUNA,2026/Jan,3.5
352470,JAGUARIUNA,2026/Fev,3.6
352470,JAGUARIUNA,2026/Mar,3.5
352470,JAGUARIUNA,2026/Abr,3.2
352470,JAGUARIUNA,2026/Mai,3.3
352470,JAGUARIUNA,2026/Jun,3.1
352480,JALES,2025/Jul,3.2
352480,JALES,2025/Ago,3.3
352480,JALES,2025/Set,3.0
352480,JALES,2025/Out,3.1
352480,JALES,2025/Nov,2.9
352480,JALES,2025/Dez,3.4
352480,JALES,2026/Jan,3.5
352480,JALES,2026/Fev,3.2
352480,JALES,2026/Mar,3.1
352480,JALES,2026/Abr,3.3
352480,JALES,2026/Mai,3.4
352480,JALES,2026/Jun,3.2
352520,JARINU,2025/Jul,3.3
352520,JARINU,2025/Ago,5.2
352520,JARINU,2025/Set,2.9
352520,JARINU,2025/Out,2.7
352520,JARINU,2025/Nov,3.8
352520,JARINU,2025/Dez,3.0
352520,JARINU,2026/Jan,3.3
352520,JARINU,2026/Fev,4.0
352520,JARINU,2026/Mar,3.5
352520,JARINU,2026/Abr,3.0
352520,JARINU,2026/Mai,2.5
352520,JARINU,2026/Jun,3.1
352530,JAU,2025/Jul,5.7
352530,JAU,2025/Ago,6.1
352530,JAU,2025/Set,5.1
352530,JAU,2025/Out,5.1
352530,JAU,2025/Nov,5.6
352530,JAU,2025/Dez,5.6
352530,JAU,2026/Jan,4.8
352530,JAU,2026/Fev,5.5
352530,JAU,2026/Mar,5.7
352530,JAU,2026/Abr,5.1
352530,JAU,2026/Mai,5.4
352530,JAU,2026/Jun,5.3
352550,JOANOPOLIS,2025/Jul,4.4
352550,JOANOPOLIS,2025/Ago,3.4
352550,JOANOPOLIS,2025/Set,3.8
352550,JOANOPOLIS,2025/Out,3.4
352550,JOANOPOLIS,2025/Nov,4.3
352550,JOANOPOLIS,2025/Dez,4.2
352550,JOANOPOLIS,2026/Jan,3.7
352550,JOANOPOLIS,2026/Fev,4.1
352550,JOANOPOLIS,2026/Mar,4.3
352550,JOANOPOLIS,2026/Abr,5.1
352550,JOANOPOLIS,2026/Mai,4.2
352570,JOSE BONIFACIO,2025/Jul,5.2
352570,JOSE BONIFACIO,2025/Ago,5.0
352570,JOSE BONIFACIO,2025/Set,4.6
352570,JOSE BONIFACIO,2025/Out,4.7
352570,JOSE BONIFACIO,2025/Nov,4.7
352570,JOSE BONIFACIO,2025/Dez,4.3
352570,JOSE BONIFACIO,2026/Jan,3.9
352570,JOSE BONIFACIO,2026/Fev,4.5
352570,JOSE BONIFACIO,2026/Mar,4.5
352570,JOSE BONIFACIO,2026/Abr,3.5
352570,JOSE BONIFACIO,2026/Mai,4.0
352570,JOSE BONIFACIO,2026/Jun,4.5
352590,JUNDIAI,2025/Jul,4.1
352590,JUNDIAI,2025/Ago,4.0
352590,JUNDIAI,2025/Set,3.9
352590,JUNDIAI,2025/Out,3.9
352590,JUNDIAI,2025/Nov,4.0
352590,JUNDIAI,2025/Dez,4.4
352590,JUNDIAI,2026/Jan,3.9
352590,JUNDIAI,2026/Fev,3.1
352590,JUNDIAI,2026/Mar,3.9
352590,JUNDIAI,2026/Abr,3.5
352590,JUNDIAI,2026/Mai,3.7
352590,JUNDIAI,2026/Jun,3.9
352600,JUNQUEIROPOLIS,2025/Jul,6.1
352600,JUNQUEIROPOLIS,2025/Ago,6.6
352600,JUNQUEIROPOLIS,2025/Set,5.5
352600,JUNQUEIROPOLIS,2025/Out,6.3
352600,JUNQUEIROPOLIS,2025/Nov,7.0
352600,JUNQUEIROPOLIS,2025/Dez,7.2
352600,JUNQUEIROPOLIS,2026/Jan,5.3
352600,JUNQUEIROPOLIS,2026/Fev,6.4
352600,JUNQUEIROPOLIS,2026/Mar,6.7
352600,JUNQUEIROPOLIS,2026/Abr,7.2
352600,JUNQUEIROPOLIS,2026/Mai,5.8
352600,JUNQUEIROPOLIS,2026/Jun,7.3
352640,LARANJAL PAULISTA,2025/Jul,4.4
352640,LARANJAL PAULISTA,2025/Ago,4.1
352640,LARANJAL PAULISTA,2025/Set,3.7
352640,LARANJAL PAULISTA,2025/Out,3.3
352640,LARANJAL PAULISTA,2025/Nov,3.1
352640,LARANJAL PAULISTA,2025/Dez,3.3
352640,LARANJAL PAULISTA,2026/Jan,4.3
352640,LARANJAL PAULISTA,2026/Fev,3.5
352640,LARANJAL PAULISTA,2026/Mar,3.5
352640,LARANJAL PAULISTA,2026/Abr,3.3
352640,LARANJAL PAULISTA,2026/Mai,3.7
352640,LARANJAL PAULISTA,2026/Jun,3.2
352670,LEME,2025/Jul,3.6
352670,LEME,2025/Ago,3.4
352670,LEME,2025/Set,3.6
352670,LEME,2025/Out,3.1
352670,LEME,2025/Nov,3.5
352670,LEME,2025/Dez,3.4
352670,LEME,2026/Jan,3.4
352670,LEME,2026/Fev,3.3
352670,LEME,2026/Mar,3.2
352670,LEME,2026/Abr,3.7
352670,LEME,2026/Mai,3.8
352670,LEME,2026/Jun,4.1
352680,LENCOIS PAULISTA,2025/Jul,3.2
352680,LENCOIS PAULISTA,2025/Ago,3.5
352680,LENCOIS PAULISTA,2025/Set,3.5
352680,LENCOIS PAULISTA,2025/Out,3.0
352680,LENCOIS PAULISTA,2025/Nov,3.1
352680,LENCOIS PAULISTA,2025/Dez,3.3
352680,LENCOIS PAULISTA,2026/Jan,2.9
352680,LENCOIS PAULISTA,2026/Fev,2.9
352680,LENCOIS PAULISTA,2026/Mar,3.0
352680,LENCOIS PAULISTA,2026/Abr,3.2
352680,LENCOIS PAULISTA,2026/Mai,3.3
352680,LENCOIS PAULISTA,2026/Jun,3.4
352690,LIMEIRA,2025/Jul,4.3
352690,LIMEIRA,2025/Ago,4.6
352690,LIMEIRA,2025/Set,4.3
352690,LIMEIRA,2025/Out,3.5
352690,LIMEIRA,2025/Nov,4.5
352690,LIMEIRA,2025/Dez,4.3
352690,LIMEIRA,2026/Jan,4.3
352690,LIMEIRA,2026/Fev,4.5
352690,LIMEIRA,2026/Mar,4.2
352690,LIMEIRA,2026/Abr,4.2
352690,LIMEIRA,2026/Mai,4.2
352690,LIMEIRA,2026/Jun,4.4
352710,LINS,2025/Jul,9.4
352710,LINS,2025/Ago,9.8
352710,LINS,2025/Set,8.9
352710,LINS,2025/Out,8.7
352710,LINS,2025/Nov,9.1
352710,LINS,2025/Dez,9.0
352710,LINS,2026/Jan,9.0
352710,LINS,2026/Fev,8.4
352710,LINS,2026/Mar,8.5
352710,LINS,2026/Abr,8.2
352710,LINS,2026/Mai,9.0
352710,LINS,2026/Jun,8.2
352720,LORENA,2025/Jul,4.7
352720,LORENA,2025/Ago,4.7
352720,LORENA,2025/Set,4.8
352720,LORENA,2025/Out,5.2
352720,LORENA,2025/Nov,5.1
352720,LORENA,2025/Dez,4.7
352720,LORENA,2026/Jan,5.0
352720,LORENA,2026/Fev,4.9
352720,LORENA,2026/Mar,5.0
352720,LORENA,2026/Abr,5.3
352720,LORENA,2026/Mai,4.8
352720,LORENA,2026/Jun,4.7
352730,LOUVEIRA,2025/Jul,2.9
352730,LOUVEIRA,2025/Ago,2.1
352730,LOUVEIRA,2025/Set,2.6
352730,LOUVEIRA,2025/Out,2.3
352730,LOUVEIRA,2025/Nov,2.5
352730,LOUVEIRA,2025/Dez,2.3
352730,LOUVEIRA,2026/Jan,2.4
352730,LOUVEIRA,2026/Fev,2.2
352730,LOUVEIRA,2026/Mar,2.4
352730,LOUVEIRA,2026/Abr,3.0
352730,LOUVEIRA,2026/Mai,2.7
352730,LOUVEIRA,2026/Jun,2.7
352740,LUCELIA,2025/Jul,4.7
352740,LUCELIA,2025/Ago,5.1
352740,LUCELIA,2025/Set,4.5
352740,LUCELIA,2025/Out,4.9
352740,LUCELIA,2025/Nov,3.9
352740,LUCELIA,2025/Dez,3.5
352740,LUCELIA,2026/Jan,3.8
352740,LUCELIA,2026/Fev,3.1
352740,LUCELIA,2026/Mar,5.3
352740,LUCELIA,2026/Abr,4.9
352740,LUCELIA,2026/Mai,4.0
352740,LUCELIA,2026/Jun,5.1
352800,MACATUBA,2025/Jul,2.3
352800,MACATUBA,2025/Ago,3.1
352800,MACATUBA,2025/Set,2.6
352800,MACATUBA,2025/Out,3.8
352800,MACATUBA,2025/Nov,2.1
352800,MACATUBA,2025/Dez,2.5
352800,MACATUBA,2026/Jan,1.6
352800,MACATUBA,2026/Fev,3.1
352800,MACATUBA,2026/Mar,2.7
352800,MACATUBA,2026/Abr,2.8
352800,MACATUBA,2026/Mai,3.2
352800,MACATUBA,2026/Jun,3.3
352810,MACAUBAL,2025/Jul,3.0
352810,MACAUBAL,2025/Ago,3.9
352810,MACAUBAL,2025/Set,3.2
352810,MACAUBAL,2025/Out,2.8
352810,MACAUBAL,2025/Nov,2.2
352810,MACAUBAL,2025/Dez,2.3
352810,MACAUBAL,2026/Jan,1.8
352810,MACAUBAL,2026/Fev,1.8
352810,MACAUBAL,2026/Mar,3.8
352810,MACAUBAL,2026/Abr,1.6
352810,MACAUBAL,2026/Mai,2.1
352810,MACAUBAL,2026/Jun,1.9
352850,MAIRIPORA,2025/Jul,3.0
352850,MAIRIPORA,2025/Ago,2.9
352850,MAIRIPORA,2025/Set,2.9
352850,MAIRIPORA,2025/Out,2.8
352850,MAIRIPORA,2025/Nov,3.5
352850,MAIRIPORA,2025/Dez,2.8
352850,MAIRIPORA,2026/Jan,2.7
352850,MAIRIPORA,2026/Fev,2.5
352850,MAIRIPORA,2026/Mar,2.7
352850,MAIRIPORA,2026/Abr,3.3
352850,MAIRIPORA,2026/Mai,3.3
352850,MAIRIPORA,2026/Jun,3.4
352880,MARACAI,2025/Jul,3.1
352880,MARACAI,2025/Ago,4.0
352880,MARACAI,2025/Set,3.2
352880,MARACAI,2025/Out,3.0
352880,MARACAI,2025/Nov,2.4
352880,MARACAI,2025/Dez,2.9
352880,MARACAI,2026/Jan,3.4
352880,MARACAI,2026/Fev,3.7
352880,MARACAI,2026/Mar,2.3
352880,MARACAI,2026/Abr,3.2
352880,MARACAI,2026/Mai,2.3
352880,MARACAI,2026/Jun,3.0
352900,MARILIA,2025/Jul,5.7
352900,MARILIA,2025/Ago,5.6
352900,MARILIA,2025/Set,5.4
352900,MARILIA,2025/Out,5.2
352900,MARILIA,2025/Nov,5.7
352900,MARILIA,2025/Dez,6.0
352900,MARILIA,2026/Jan,5.5
352900,MARILIA,2026/Fev,5.5
352900,MARILIA,2026/Mar,5.6
352900,MARILIA,2026/Abr,5.6
352900,MARILIA,2026/Mai,5.9
352900,MARILIA,2026/Jun,5.9
352920,MARTINOPOLIS,2025/Jul,2.3
352920,MARTINOPOLIS,2025/Ago,2.4
352920,MARTINOPOLIS,2025/Set,1.8
352920,MARTINOPOLIS,2025/Out,2.0
352920,MARTINOPOLIS,2025/Nov,1.4
352920,MARTINOPOLIS,2025/Dez,2.1
352920,MARTINOPOLIS,2026/Jan,1.6
352920,MARTINOPOLIS,2026/Fev,1.9
352920,MARTINOPOLIS,2026/Mar,1.8
352920,MARTINOPOLIS,2026/Abr,2.0
352920,MARTINOPOLIS,2026/Mai,1.7
352920,MARTINOPOLIS,2026/Jun,2.0
352930,MATAO,2025/Jul,3.8
352930,MATAO,2025/Ago,4.4
352930,MATAO,2025/Set,4.2
352930,MATAO,2025/Out,4.7
352930,MATAO,2025/Nov,4.1
352930,MATAO,2025/Dez,4.6
352930,MATAO,2026/Jan,4.7
352930,MATAO,2026/Fev,4.2
352930,MATAO,2026/Mar,4.5
352930,MATAO,2026/Abr,4.2
352930,MATAO,2026/Mai,4.0
352930,MATAO,2026/Jun,4.1
352940,MAUA,2025/Jul,5.6
352940,MAUA,2025/Ago,5.2
352940,MAUA,2025/Set,5.0
352940,MAUA,2025/Out,5.1
352940,MAUA,2025/Nov,5.1
352940,MAUA,2025/Dez,5.0
352940,MAUA,2026/Jan,5.3
352940,MAUA,2026/Fev,4.7
352940,MAUA,2026/Mar,4.6
352940,MAUA,2026/Abr,4.9
352940,MAUA,2026/Mai,5.2
352940,MAUA,2026/Jun,4.9
352970,MIGUELOPOLIS,2025/Jul,3.3
352970,MIGUELOPOLIS,2025/Ago,3.9
352970,MIGUELOPOLIS,2025/Set,2.9
352970,MIGUELOPOLIS,2025/Out,3.0
352970,MIGUELOPOLIS,2025/Nov,2.5
352970,MIGUELOPOLIS,2025/Dez,3.0
352970,MIGUELOPOLIS,2026/Jan,4.2
352970,MIGUELOPOLIS,2026/Fev,3.5
352970,MIGUELOPOLIS,2026/Mar,3.4
352970,MIGUELOPOLIS,2026/Abr,2.4
352970,MIGUELOPOLIS,2026/Mai,3.2
352970,MIGUELOPOLIS,2026/Jun,3.0
353010,MIRANDOPOLIS,2025/Jul,4.1
353010,MIRANDOPOLIS,2025/Ago,4.5
353010,MIRANDOPOLIS,2025/Set,4.3
353010,MIRANDOPOLIS,2025/Out,4.4
353010,MIRANDOPOLIS,2025/Nov,3.8
353010,MIRANDOPOLIS,2025/Dez,5.2
353010,MIRANDOPOLIS,2026/Jan,4.6
353010,MIRANDOPOLIS,2026/Fev,4.5
353010,MIRANDOPOLIS,2026/Mar,4.3
353010,MIRANDOPOLIS,2026/Abr,4.3
353010,MIRANDOPOLIS,2026/Mai,4.5
353010,MIRANDOPOLIS,2026/Jun,4.0
353030,MIRASSOL,2025/Jul,2.3
353030,MIRASSOL,2025/Ago,2.3
353030,MIRASSOL,2025/Set,1.9
353030,MIRASSOL,2025/Out,2.5
353050,MOCOCA,2025/Jul,3.7
353050,MOCOCA,2025/Ago,3.3
353050,MOCOCA,2025/Set,3.6
353050,MOCOCA,2025/Out,2.8
353050,MOCOCA,2025/Nov,3.0
353050,MOCOCA,2025/Dez,3.2
353050,MOCOCA,2026/Jan,3.1
353050,MOCOCA,2026/Fev,3.3
353050,MOCOCA,2026/Mar,3.5
353050,MOCOCA,2026/Abr,3.0
353050,MOCOCA,2026/Mai,3.9
353050,MOCOCA,2026/Jun,4.0
353060,MOGI DAS CRUZES,2025/Jul,5.2
353060,MOGI DAS CRUZES,2025/Ago,5.2
353060,MOGI DAS CRUZES,2025/Set,5.1
353060,MOGI DAS CRUZES,2025/Out,5.0
353060,MOGI DAS CRUZES,2025/Nov,5.0
353060,MOGI DAS CRUZES,2025/Dez,5.5
353060,MOGI DAS CRUZES,2026/Jan,5.3
353060,MOGI DAS CRUZES,2026/Fev,5.2
353060,MOGI DAS CRUZES,2026/Mar,5.1
353060,MOGI DAS CRUZES,2026/Abr,5.1
353060,MOGI DAS CRUZES,2026/Mai,4.9
353060,MOGI DAS CRUZES,2026/Jun,5.0
353070,MOGI GUACU,2025/Jul,4.5
353070,MOGI GUACU,2025/Ago,4.5
353070,MOGI GUACU,2025/Set,5.1
353070,MOGI GUACU,2025/Out,4.8
353070,MOGI GUACU,2025/Nov,5.1
353070,MOGI GUACU,2025/Dez,4.7
353070,MOGI GUACU,2026/Jan,4.7
353070,MOGI GUACU,2026/Fev,4.5
353070,MOGI GUACU,2026/Mar,5.1
353070,MOGI GUACU,2026/Abr,4.8
353070,MOGI GUACU,2026/Mai,5.2
353070,MOGI GUACU,2026/Jun,4.6
353080,MOGI MIRIM,2025/Jul,6.6
353080,MOGI MIRIM,2025/Ago,7.0
353080,MOGI MIRIM,2025/Set,8.4
353080,MOGI MIRIM,2025/Out,6.8
353080,MOGI MIRIM,2025/Nov,6.9
353080,MOGI MIRIM,2025/Dez,7.5
353080,MOGI MIRIM,2026/Jan,6.7
353080,MOGI MIRIM,2026/Fev,6.3
353080,MOGI MIRIM,2026/Mar,6.6
353080,MOGI MIRIM,2026/Abr,5.5
353080,MOGI MIRIM,2026/Mai,6.3
353080,MOGI MIRIM,2026/Jun,7.2
353110,MONGAGUA,2025/Jul,4.2
353110,MONGAGUA,2025/Ago,4.7
353110,MONGAGUA,2025/Set,4.8
353110,MONGAGUA,2025/Out,3.9
353110,MONGAGUA,2025/Nov,3.3
353110,MONGAGUA,2025/Dez,3.7
353110,MONGAGUA,2026/Jan,4.3
353110,MONGAGUA,2026/Fev,4.7
353110,MONGAGUA,2026/Mar,4.6
353110,MONGAGUA,2026/Abr,3.7
353110,MONGAGUA,2026/Mai,4.1
353110,MONGAGUA,2026/Jun,3.7
353130,MONTE ALTO,2025/Jul,4.4
353130,MONTE ALTO,2025/Ago,4.4
353130,MONTE ALTO,2025/Set,5.0
353130,MONTE ALTO,2025/Out,4.8
353130,MONTE ALTO,2025/Nov,4.3
353130,MONTE ALTO,2025/Dez,3.9
353130,MONTE ALTO,2026/Jan,4.0
353130,MONTE ALTO,2026/Fev,4.6
353130,MONTE ALTO,2026/Mar,4.5
353130,MONTE ALTO,2026/Abr,4.7
353130,MONTE ALTO,2026/Mai,4.3
353130,MONTE ALTO,2026/Jun,4.6
353140,MONTE APRAZIVEL,2025/Jul,2.1
353140,MONTE APRAZIVEL,2025/Ago,2.0
353140,MONTE APRAZIVEL,2025/Set,2.1
353140,MONTE APRAZIVEL,2025/Out,2.1
353140,MONTE APRAZIVEL,2025/Nov,2.1
353140,MONTE APRAZIVEL,2025/Dez,2.2
353140,MONTE APRAZIVEL,2026/Jan,2.1
353140,MONTE APRAZIVEL,2026/Fev,1.9
353140,MONTE APRAZIVEL,2026/Mar,1.7
353140,MONTE APRAZIVEL,2026/Abr,2.0
353140,MONTE APRAZIVEL,2026/Mai,2.0
353140,MONTE APRAZIVEL,2026/Jun,2.0
353150,MONTE AZUL PAULISTA,2025/Jul,1.7
353150,MONTE AZUL PAULISTA,2025/Ago,2.1
353150,MONTE AZUL PAULISTA,2025/Set,2.0
353150,MONTE AZUL PAULISTA,2025/Out,2.0
353150,MONTE AZUL PAULISTA,2025/Nov,2.0
353150,MONTE AZUL PAULISTA,2025/Dez,1.9
353150,MONTE AZUL PAULISTA,2026/Jan,1.9
353150,MONTE AZUL PAULISTA,2026/Fev,1.6
353150,MONTE AZUL PAULISTA,2026/Mar,1.9
353150,MONTE AZUL PAULISTA,2026/Abr,1.9
353150,MONTE AZUL PAULISTA,2026/Mai,1.7
353150,MONTE AZUL PAULISTA,2026/Jun,1.6
353180,MONTE MOR,2025/Jul,3.4
353180,MONTE MOR,2025/Ago,2.9
353180,MONTE MOR,2025/Set,3.7
353180,MONTE MOR,2025/Out,3.8
353180,MONTE MOR,2025/Nov,3.3
353180,MONTE MOR,2025/Dez,3.6
353180,MONTE MOR,2026/Jan,3.5
353180,MONTE MOR,2026/Fev,3.4
353180,MONTE MOR,2026/Mar,3.1
353180,MONTE MOR,2026/Abr,3.4
353180,MONTE MOR,2026/Mai,2.8
353180,MONTE MOR,2026/Jun,3.7
353190,MORRO AGUDO,2025/Jul,2.4
353190,MORRO AGUDO,2025/Ago,3.4
353190,MORRO AGUDO,2025/Set,2.5
353190,MORRO AGUDO,2025/Out,3.1
353190,MORRO AGUDO,2025/Nov,2.8
353190,MORRO AGUDO,2025/Dez,2.4
353190,MORRO AGUDO,2026/Jan,2.6
353190,MORRO AGUDO,2026/Fev,2.6
353190,MORRO AGUDO,2026/Mar,2.8
353190,MORRO AGUDO,2026/Abr,3.0
353190,MORRO AGUDO,2026/Mai,2.8
353190,MORRO AGUDO,2026/Jun,3.4
353200,MORUNGABA,2025/Jul,2.3
353200,MORUNGABA,2025/Ago,2.9
353200,MORUNGABA,2025/Set,3.3
353200,MORUNGABA,2025/Out,3.4
353200,MORUNGABA,2025/Nov,3.1
353200,MORUNGABA,2025/Dez,2.8
353200,MORUNGABA,2026/Jan,2.1
353200,MORUNGABA,2026/Fev,2.4
353200,MORUNGABA,2026/Mar,3.1
353200,MORUNGABA,2026/Abr,2.1
353200,MORUNGABA,2026/Mai,3.6
353200,MORUNGABA,2026/Jun,2.7
353240,NAZARE PAULISTA,2025/Jul,5.1
353240,NAZARE PAULISTA,2025/Ago,4.9
353240,NAZARE PAULISTA,2025/Set,6.9
353240,NAZARE PAULISTA,2025/Out,4.8
353240,NAZARE PAULISTA,2025/Nov,2.7
353240,NAZARE PAULISTA,2025/Dez,4.4
353240,NAZARE PAULISTA,2026/Jan,3.9
353240,NAZARE PAULISTA,2026/Fev,6.1
353240,NAZARE PAULISTA,2026/Mar,5.8
353250,NEVES PAULISTA,2025/Jul,6.0
353250,NEVES PAULISTA,2025/Ago,3.4
353250,NEVES PAULISTA,2025/Set,1.8
353250,NEVES PAULISTA,2025/Out,3.3
353250,NEVES PAULISTA,2025/Nov,2.2
353250,NEVES PAULISTA,2025/Dez,4.0
353250,NEVES PAULISTA,2026/Jan,5.5
353250,NEVES PAULISTA,2026/Fev,2.8
353250,NEVES PAULISTA,2026/Mar,3.3
353250,NEVES PAULISTA,2026/Abr,5.0
353250,NEVES PAULISTA,2026/Mai,7.0
353250,NEVES PAULISTA,2026/Jun,3.0
353260,NHANDEARA,2025/Jul,3.9
353260,NHANDEARA,2025/Ago,3.6
353260,NHANDEARA,2025/Set,3.8
353260,NHANDEARA,2025/Out,3.7
353260,NHANDEARA,2025/Nov,3.7
353260,NHANDEARA,2025/Dez,3.7
353260,NHANDEARA,2026/Jan,3.7
353260,NHANDEARA,2026/Fev,3.4
353260,NHANDEARA,2026/Mar,3.9
353260,NHANDEARA,2026/Abr,3.9
353260,NHANDEARA,2026/Mai,3.1
353260,NHANDEARA,2026/Jun,3.7
353290,NOVA EUROPA,2025/Jul,4.3
353290,NOVA EUROPA,2025/Ago,3.5
353290,NOVA EUROPA,2025/Set,3.7
353290,NOVA EUROPA,2025/Out,3.8
353290,NOVA EUROPA,2025/Nov,4.3
353290,NOVA EUROPA,2025/Dez,3.4
353290,NOVA EUROPA,2026/Jan,4.0
353290,NOVA EUROPA,2026/Fev,4.2
353290,NOVA EUROPA,2026/Mar,4.4
353290,NOVA EUROPA,2026/Abr,3.9
353290,NOVA EUROPA,2026/Mai,3.6
353290,NOVA EUROPA,2026/Jun,3.9
353300,NOVA GRANADA,2025/Jul,2.7
353300,NOVA GRANADA,2025/Ago,2.7
353300,NOVA GRANADA,2025/Set,3.3
353300,NOVA GRANADA,2025/Out,2.8
353300,NOVA GRANADA,2025/Nov,2.8
353300,NOVA GRANADA,2025/Dez,2.5
353300,NOVA GRANADA,2026/Jan,3.0
353300,NOVA GRANADA,2026/Fev,3.0
353300,NOVA GRANADA,2026/Mar,2.9
353300,NOVA GRANADA,2026/Abr,3.1
353300,NOVA GRANADA,2026/Mai,3.0
353300,NOVA GRANADA,2026/Jun,3.5
353340,NOVA ODESSA,2025/Jul,4.1
353340,NOVA ODESSA,2025/Ago,5.9
353340,NOVA ODESSA,2025/Set,6.0
353340,NOVA ODESSA,2025/Out,4.9
353340,NOVA ODESSA,2025/Nov,5.9
353340,NOVA ODESSA,2025/Dez,4.1
353340,NOVA ODESSA,2026/Jan,6.5
353340,NOVA ODESSA,2026/Fev,4.7
353340,NOVA ODESSA,2026/Mar,4.7
353340,NOVA ODESSA,2026/Abr,5.1
353340,NOVA ODESSA,2026/Mai,4.8
353340,NOVA ODESSA,2026/Jun,4.6
353350,NOVO HORIZONTE,2025/Jul,3.5
353350,NOVO HORIZONTE,2025/Ago,3.5
353350,NOVO HORIZONTE,2025/Set,3.4
353350,NOVO HORIZONTE,2025/Out,2.6
353350,NOVO HORIZONTE,2025/Nov,2.9
353350,NOVO HORIZONTE,2025/Dez,3.5
353350,NOVO HORIZONTE,2026/Jan,2.9
353350,NOVO HORIZONTE,2026/Fev,3.0
353350,NOVO HORIZONTE,2026/Mar,2.9
353350,NOVO HORIZONTE,2026/Abr,2.7
353350,NOVO HORIZONTE,2026/Mai,3.3
353350,NOVO HORIZONTE,2026/Jun,3.4
353390,OLIMPIA,2025/Jul,4.5
353390,OLIMPIA,2025/Ago,4.5
353390,OLIMPIA,2025/Set,4.9
353390,OLIMPIA,2025/Out,4.4
353390,OLIMPIA,2025/Nov,4.4
353390,OLIMPIA,2025/Dez,4.6
353390,OLIMPIA,2026/Jan,4.4
353390,OLIMPIA,2026/Fev,4.0
353390,OLIMPIA,2026/Mar,4.2
353390,OLIMPIA,2026/Abr,4.3
353390,OLIMPIA,2026/Mai,3.7
353390,OLIMPIA,2026/Jun,4.2
353430,ORLANDIA,2025/Jul,1.6
353430,ORLANDIA,2025/Ago,1.7
353430,ORLANDIA,2025/Set,1.5
353430,ORLANDIA,2025/Out,1.4
353430,ORLANDIA,2025/Nov,1.6
353430,ORLANDIA,2025/Dez,1.6
353430,ORLANDIA,2026/Jan,1.5
353430,ORLANDIA,2026/Fev,1.5
353430,ORLANDIA,2026/Mar,1.8
353430,ORLANDIA,2026/Abr,1.5
353430,ORLANDIA,2026/Mai,1.6
353430,ORLANDIA,2026/Jun,1.5
353440,OSASCO,2025/Jul,5.8
353440,OSASCO,2025/Ago,5.6
353440,OSASCO,2025/Set,5.5
353440,OSASCO,2025/Out,5.5
353440,OSASCO,2025/Nov,5.9
353440,OSASCO,2025/Dez,5.5
353440,OSASCO,2026/Jan,6.0
353440,OSASCO,2026/Fev,5.6
353440,OSASCO,2026/Mar,5.2
353440,OSASCO,2026/Abr,5.9
353440,OSASCO,2026/Mai,5.6
353440,OSASCO,2026/Jun,6.1
353460,OSVALDO CRUZ,2025/Jul,3.7
353460,OSVALDO CRUZ,2025/Ago,2.8
353460,OSVALDO CRUZ,2025/Set,3.6
353460,OSVALDO CRUZ,2025/Out,3.2
353460,OSVALDO CRUZ,2025/Nov,3.0
353460,OSVALDO CRUZ,2025/Dez,3.2
353460,OSVALDO CRUZ,2026/Jan,3.2
353460,OSVALDO CRUZ,2026/Fev,3.2
353460,OSVALDO CRUZ,2026/Mar,4.0
353460,OSVALDO CRUZ,2026/Abr,3.5
353460,OSVALDO CRUZ,2026/Mai,3.1
353460,OSVALDO CRUZ,2026/Jun,3.5
353470,OURINHOS,2025/Jul,3.9
353470,OURINHOS,2025/Ago,4.1
353470,OURINHOS,2025/Set,3.9
353470,OURINHOS,2025/Out,4.4
353470,OURINHOS,2025/Nov,3.8
353470,OURINHOS,2025/Dez,3.8
353470,OURINHOS,2026/Jan,4.1
353470,OURINHOS,2026/Fev,4.2
353470,OURINHOS,2026/Mar,4.3
353470,OURINHOS,2026/Abr,4.2
353470,OURINHOS,2026/Mai,4.0
353470,OURINHOS,2026/Jun,4.3
353475,OUROESTE,2025/Jul,3.3
353475,OUROESTE,2025/Ago,3.0
353475,OUROESTE,2025/Set,2.2
353475,OUROESTE,2025/Out,3.8
353475,OUROESTE,2025/Nov,3.4
353475,OUROESTE,2025/Dez,3.2
353475,OUROESTE,2026/Jan,3.2
353475,OUROESTE,2026/Fev,3.0
353475,OUROESTE,2026/Mar,4.0
353475,OUROESTE,2026/Abr,3.9
353475,OUROESTE,2026/Mai,3.6
353475,OUROESTE,2026/Jun,3.9
353520,PALMEIRA D'OESTE,2025/Jul,3.2
353520,PALMEIRA D'OESTE,2025/Ago,2.7
353520,PALMEIRA D'OESTE,2025/Set,3.0
353520,PALMEIRA D'OESTE,2025/Out,2.9
353520,PALMEIRA D'OESTE,2025/Nov,2.8
353520,PALMEIRA D'OESTE,2025/Dez,3.0
353520,PALMEIRA D'OESTE,2026/Jan,2.7
353520,PALMEIRA D'OESTE,2026/Fev,2.9
353520,PALMEIRA D'OESTE,2026/Mar,2.6
353520,PALMEIRA D'OESTE,2026/Abr,2.7
353520,PALMEIRA D'OESTE,2026/Mai,3.6
353520,PALMEIRA D'OESTE,2026/Jun,3.1
353530,PALMITAL,2025/Jul,2.2
353530,PALMITAL,2025/Ago,2.2
353530,PALMITAL,2025/Set,2.1
353530,PALMITAL,2025/Out,2.0
353530,PALMITAL,2025/Nov,2.1
353530,PALMITAL,2025/Dez,2.0
353530,PALMITAL,2026/Jan,2.0
353530,PALMITAL,2026/Fev,2.1
353530,PALMITAL,2026/Mar,1.7
353530,PALMITAL,2026/Abr,1.8
353530,PALMITAL,2026/Mai,1.9
353530,PALMITAL,2026/Jun,2.0
353550,PARAGUACU PAULISTA,2025/Jul,3.3
353550,PARAGUACU PAULISTA,2025/Ago,3.7
353550,PARAGUACU PAULISTA,2025/Set,3.1
353550,PARAGUACU PAULISTA,2025/Out,1.8
353550,PARAGUACU PAULISTA,2025/Nov,3.4
353550,PARAGUACU PAULISTA,2025/Dez,3.3
353550,PARAGUACU PAULISTA,2026/Jan,2.2
353550,PARAGUACU PAULISTA,2026/Fev,3.8
353550,PARAGUACU PAULISTA,2026/Mar,2.3
353550,PARAGUACU PAULISTA,2026/Abr,3.6
353550,PARAGUACU PAULISTA,2026/Mai,4.0
353550,PARAGUACU PAULISTA,2026/Jun,2.3
353580,PARANAPANEMA,2025/Jul,3.4
353580,PARANAPANEMA,2025/Ago,2.7
353580,PARANAPANEMA,2025/Set,2.6
353580,PARANAPANEMA,2025/Out,3.4
353580,PARANAPANEMA,2025/Nov,3.6
353580,PARANAPANEMA,2025/Dez,2.8
353580,PARANAPANEMA,2026/Jan,2.6
353580,PARANAPANEMA,2026/Fev,3.5
353580,PARANAPANEMA,2026/Mar,3.1
353580,PARANAPANEMA,2026/Abr,1.9
353580,PARANAPANEMA,2026/Mai,2.5
353580,PARANAPANEMA,2026/Jun,3.2
353600,PARAPUA,2025/Out,5.2
353600,PARAPUA,2025/Nov,5.1
353600,PARAPUA,2025/Dez,3.6
353600,PARAPUA,2026/Jan,4.4
353600,PARAPUA,2026/Fev,3.9
353620,PARIQUERA-ACU,2025/Jul,4.0
353620,PARIQUERA-ACU,2025/Ago,4.2
353620,PARIQUERA-ACU,2025/Set,4.4
353620,PARIQUERA-ACU,2025/Out,4.2
353620,PARIQUERA-ACU,2025/Nov,4.2
353620,PARIQUERA-ACU,2025/Dez,4.1
353620,PARIQUERA-ACU,2026/Jan,4.2
353620,PARIQUERA-ACU,2026/Fev,4.2
353620,PARIQUERA-ACU,2026/Mar,4.3
353620,PARIQUERA-ACU,2026/Abr,4.3
353620,PARIQUERA-ACU,2026/Mai,4.1
353620,PARIQUERA-ACU,2026/Jun,4.6
353630,PATROCINIO PAULISTA,2025/Jul,4.2
353630,PATROCINIO PAULISTA,2025/Ago,4.0
353630,PATROCINIO PAULISTA,2025/Set,3.6
353630,PATROCINIO PAULISTA,2025/Out,3.3
353630,PATROCINIO PAULISTA,2025/Nov,2.2
353630,PATROCINIO PAULISTA,2025/Dez,2.9
353630,PATROCINIO PAULISTA,2026/Jan,3.0
353630,PATROCINIO PAULISTA,2026/Fev,2.9
353630,PATROCINIO PAULISTA,2026/Mar,3.4
353630,PATROCINIO PAULISTA,2026/Abr,2.8
353630,PATROCINIO PAULISTA,2026/Mai,3.0
353630,PATROCINIO PAULISTA,2026/Jun,2.4
353650,PAULINIA,2025/Jul,3.4
353650,PAULINIA,2025/Ago,3.9
353650,PAULINIA,2025/Set,4.8
353650,PAULINIA,2025/Out,3.5
353650,PAULINIA,2025/Nov,3.5
353650,PAULINIA,2025/Dez,3.6
353650,PAULINIA,2026/Jan,3.3
353650,PAULINIA,2026/Fev,4.1
353650,PAULINIA,2026/Mar,3.7
353660,PAULO DE FARIA,2025/Jul,3.9
353660,PAULO DE FARIA,2025/Ago,3.7
353660,PAULO DE FARIA,2025/Set,6.4
353660,PAULO DE FARIA,2025/Out,4.8
353660,PAULO DE FARIA,2025/Nov,2.9
353660,PAULO DE FARIA,2025/Dez,3.8
353660,PAULO DE FARIA,2026/Jan,5.0
353660,PAULO DE FARIA,2026/Fev,2.4
353660,PAULO DE FARIA,2026/Mar,2.7
353660,PAULO DE FARIA,2026/Abr,5.1
353660,PAULO DE FARIA,2026/Mai,3.5
353660,PAULO DE FARIA,2026/Jun,3.9
353670,PEDERNEIRAS,2025/Jul,5.2
353670,PEDERNEIRAS,2025/Ago,3.8
353670,PEDERNEIRAS,2025/Set,4.4
353670,PEDERNEIRAS,2025/Out,5.5
353670,PEDERNEIRAS,2025/Nov,4.3
353670,PEDERNEIRAS,2025/Dez,3.1
353670,PEDERNEIRAS,2026/Jan,3.5
353670,PEDERNEIRAS,2026/Fev,4.9
353670,PEDERNEIRAS,2026/Mar,3.9
353670,PEDERNEIRAS,2026/Abr,3.7
353670,PEDERNEIRAS,2026/Mai,3.9
353670,PEDERNEIRAS,2026/Jun,4.0
353700,PEDREGULHO,2025/Jul,2.7
353700,PEDREGULHO,2025/Ago,2.5
353700,PEDREGULHO,2025/Set,2.4
353700,PEDREGULHO,2025/Out,2.0
353700,PEDREGULHO,2025/Nov,2.9
353700,PEDREGULHO,2025/Dez,1.4
353700,PEDREGULHO,2026/Jan,2.5
353700,PEDREGULHO,2026/Fev,2.4
353700,PEDREGULHO,2026/Mar,2.4
353700,PEDREGULHO,2026/Abr,3.3
353700,PEDREGULHO,2026/Mai,2.2
353700,PEDREGULHO,2026/Jun,3.6
353710,PEDREIRA,2025/Jul,2.9
353710,PEDREIRA,2025/Ago,3.8
353710,PEDREIRA,2025/Set,3.2
353710,PEDREIRA,2025/Out,3.1
353710,PEDREIRA,2025/Nov,3.5
353710,PEDREIRA,2025/Dez,3.1
353710,PEDREIRA,2026/Jan,5.5
353710,PEDREIRA,2026/Fev,3.3
353710,PEDREIRA,2026/Mar,3.6
353710,PEDREIRA,2026/Abr,4.6
353710,PEDREIRA,2026/Mai,5.2
353710,PEDREIRA,2026/Jun,6.1
353730,PENAPOLIS,2025/Jul,6.7
353730,PENAPOLIS,2025/Ago,7.3
353730,PENAPOLIS,2025/Set,6.6
353730,PENAPOLIS,2025/Out,6.4
353730,PENAPOLIS,2025/Nov,7.1
353730,PENAPOLIS,2025/Dez,5.9
353730,PENAPOLIS,2026/Jan,3.5
353730,PENAPOLIS,2026/Fev,4.6
353730,PENAPOLIS,2026/Mar,5.5
353730,PENAPOLIS,2026/Abr,5.5
353730,PENAPOLIS,2026/Mai,6.5
353730,PENAPOLIS,2026/Jun,6.8
353740,PEREIRA BARRETO,2025/Jul,2.1
353740,PEREIRA BARRETO,2025/Ago,3.2
353740,PEREIRA BARRETO,2025/Set,3.0
353740,PEREIRA BARRETO,2025/Out,2.7
353740,PEREIRA BARRETO,2025/Nov,2.6
353740,PEREIRA BARRETO,2025/Dez,2.7
353740,PEREIRA BARRETO,2026/Jan,3.0
353740,PEREIRA BARRETO,2026/Fev,2.8
353740,PEREIRA BARRETO,2026/Mar,3.1
353740,PEREIRA BARRETO,2026/Abr,2.4
353740,PEREIRA BARRETO,2026/Mai,3.0
353780,PIEDADE,2025/Jul,3.4
353780,PIEDADE,2025/Ago,3.5
353780,PIEDADE,2025/Set,3.5
353780,PIEDADE,2025/Out,3.3
353780,PIEDADE,2025/Nov,3.3
353780,PIEDADE,2025/Dez,2.9
353780,PIEDADE,2026/Jan,2.9
353780,PIEDADE,2026/Fev,3.1
353780,PIEDADE,2026/Mar,3.1
353780,PIEDADE,2026/Abr,2.9
353780,PIEDADE,2026/Mai,2.9
353780,PIEDADE,2026/Jun,3.5
353790,PILAR DO SUL,2025/Jul,2.6
353790,PILAR DO SUL,2025/Ago,2.9
353790,PILAR DO SUL,2025/Set,2.6
353790,PILAR DO SUL,2025/Out,2.3
353790,PILAR DO SUL,2025/Nov,2.2
353790,PILAR DO SUL,2025/Dez,2.2
353790,PILAR DO SUL,2026/Jan,2.9
353790,PILAR DO SUL,2026/Fev,2.3
353790,PILAR DO SUL,2026/Mar,2.5
353790,PILAR DO SUL,2026/Abr,2.3
353790,PILAR DO SUL,2026/Mai,2.3
353790,PILAR DO SUL,2026/Jun,2.9
353800,PINDAMONHANGABA,2025/Jul,5.5
353800,PINDAMONHANGABA,2025/Ago,4.7
353800,PINDAMONHANGABA,2025/Set,4.9
353800,PINDAMONHANGABA,2025/Out,4.3
353800,PINDAMONHANGABA,2025/Nov,4.3
353800,PINDAMONHANGABA,2025/Dez,4.5
353800,PINDAMONHANGABA,2026/Jan,5.6
353800,PINDAMONHANGABA,2026/Fev,5.5
353800,PINDAMONHANGABA,2026/Mar,5.2
353800,PINDAMONHANGABA,2026/Abr,5.4
353800,PINDAMONHANGABA,2026/Mai,5.5
353800,PINDAMONHANGABA,2026/Jun,5.0
353860,PIRACAIA,2025/Jul,3.9
353860,PIRACAIA,2025/Ago,3.3
353860,PIRACAIA,2025/Set,3.6
353860,PIRACAIA,2025/Out,4.7
353860,PIRACAIA,2025/Nov,4.2
353860,PIRACAIA,2025/Dez,4.9
353860,PIRACAIA,2026/Jan,4.0
353860,PIRACAIA,2026/Fev,4.7
353860,PIRACAIA,2026/Mar,4.8
353860,PIRACAIA,2026/Abr,3.9
353860,PIRACAIA,2026/Mai,4.4
353860,PIRACAIA,2026/Jun,4.3
353870,PIRACICABA,2025/Jul,3.6
353870,PIRACICABA,2025/Ago,3.4
353870,PIRACICABA,2025/Set,3.2
353870,PIRACICABA,2025/Out,3.0
353870,PIRACICABA,2025/Nov,2.9
353870,PIRACICABA,2025/Dez,3.7
353870,PIRACICABA,2026/Jan,3.0
353870,PIRACICABA,2026/Fev,3.2
353870,PIRACICABA,2026/Mar,3.2
353870,PIRACICABA,2026/Abr,2.9
353870,PIRACICABA,2026/Mai,3.0
353870,PIRACICABA,2026/Jun,3.3
353880,PIRAJU,2025/Jul,3.6
353880,PIRAJU,2025/Ago,2.9
353880,PIRAJU,2025/Set,2.9
353880,PIRAJU,2025/Out,2.8
353880,PIRAJU,2025/Nov,2.9
353880,PIRAJU,2025/Dez,3.1
353880,PIRAJU,2026/Jan,2.9
353880,PIRAJU,2026/Fev,2.9
353880,PIRAJU,2026/Mar,2.8
353880,PIRAJU,2026/Abr,3.0
353880,PIRAJU,2026/Mai,2.8
353880,PIRAJU,2026/Jun,3.1
353890,PIRAJUI,2025/Jul,9.5
353890,PIRAJUI,2025/Ago,11.0
353890,PIRAJUI,2025/Set,14.1
353890,PIRAJUI,2025/Out,16.0
353890,PIRAJUI,2025/Nov,14.6
353890,PIRAJUI,2025/Dez,16.4
353890,PIRAJUI,2026/Jan,13.4
353890,PIRAJUI,2026/Fev,9.7
353890,PIRAJUI,2026/Mar,12.2
353890,PIRAJUI,2026/Abr,12.4
353890,PIRAJUI,2026/Mai,11.2
353890,PIRAJUI,2026/Jun,14.4
353900,PIRANGI,2025/Jul,2.6
353900,PIRANGI,2025/Ago,2.1
353900,PIRANGI,2025/Set,2.3
353900,PIRANGI,2025/Out,1.4
353900,PIRANGI,2025/Nov,1.3
353900,PIRANGI,2025/Dez,1.5
353900,PIRANGI,2026/Jan,1.5
353900,PIRANGI,2026/Fev,1.3
353900,PIRANGI,2026/Mar,1.6
353900,PIRANGI,2026/Abr,2.0
353900,PIRANGI,2026/Mai,1.8
353900,PIRANGI,2026/Jun,1.2
353930,PIRASSUNUNGA,2025/Jul,4.8
353930,PIRASSUNUNGA,2025/Ago,5.2
353930,PIRASSUNUNGA,2025/Set,4.8
353930,PIRASSUNUNGA,2025/Out,4.4
353930,PIRASSUNUNGA,2025/Nov,4.0
353930,PIRASSUNUNGA,2025/Dez,4.2
353930,PIRASSUNUNGA,2026/Jan,4.9
353930,PIRASSUNUNGA,2026/Fev,4.8
353930,PIRASSUNUNGA,2026/Mar,4.3
353930,PIRASSUNUNGA,2026/Abr,4.2
353930,PIRASSUNUNGA,2026/Mai,3.3
353930,PIRASSUNUNGA,2026/Jun,4.2
353940,PIRATININGA,2025/Jul,4.1
353940,PIRATININGA,2025/Ago,5.2
353940,PIRATININGA,2025/Set,7.5
353940,PIRATININGA,2025/Out,6.0
353940,PIRATININGA,2025/Nov,5.8
353940,PIRATININGA,2025/Dez,8.0
353940,PIRATININGA,2026/Jan,5.4
353940,PIRATININGA,2026/Fev,8.8
353940,PIRATININGA,2026/Mar,5.6
353940,PIRATININGA,2026/Abr,6.8
353940,PIRATININGA,2026/Mai,5.5
353940,PIRATININGA,2026/Jun,6.1
353950,PITANGUEIRAS,2025/Jul,2.8
353950,PITANGUEIRAS,2025/Ago,2.3
353950,PITANGUEIRAS,2025/Set,2.2
353950,PITANGUEIRAS,2025/Out,2.2
353950,PITANGUEIRAS,2025/Nov,2.2
353950,PITANGUEIRAS,2025/Dez,2.2
353950,PITANGUEIRAS,2026/Jan,1.8
353950,PITANGUEIRAS,2026/Fev,2.0
353950,PITANGUEIRAS,2026/Mar,3.1
353950,PITANGUEIRAS,2026/Abr,2.3
353950,PITANGUEIRAS,2026/Mai,2.4
353950,PITANGUEIRAS,2026/Jun,2.2
354000,POMPEIA,2025/Jul,2.6
354000,POMPEIA,2025/Ago,2.8
354000,POMPEIA,2025/Set,3.0
354000,POMPEIA,2025/Out,3.4
354000,POMPEIA,2025/Nov,1.8
354000,POMPEIA,2025/Dez,3.0
354000,POMPEIA,2026/Jan,3.7
354000,POMPEIA,2026/Fev,3.3
354000,POMPEIA,2026/Mar,3.7
354000,POMPEIA,2026/Abr,2.7
354000,POMPEIA,2026/Mai,2.6
354000,POMPEIA,2026/Jun,3.3
354020,PONTAL,2025/Jul,1.5
354020,PONTAL,2025/Ago,1.9
354020,PONTAL,2025/Set,1.9
354020,PONTAL,2025/Out,1.8
354020,PONTAL,2025/Nov,0.6
354020,PONTAL,2025/Dez,1.2
354020,PONTAL,2026/Jan,1.2
354020,PONTAL,2026/Fev,1.5
354020,PONTAL,2026/Mar,1.0
354020,PONTAL,2026/Abr,1.7
354020,PONTAL,2026/Mai,1.5
354020,PONTAL,2026/Jun,2.1
354040,POPULINA,2025/Jul,2.8
354040,POPULINA,2025/Ago,4.7
354040,POPULINA,2025/Set,3.4
354040,POPULINA,2025/Out,4.8
354040,POPULINA,2025/Nov,3.9
354040,POPULINA,2025/Dez,3.2
354040,POPULINA,2026/Jan,3.7
354040,POPULINA,2026/Fev,3.5
354040,POPULINA,2026/Mar,4.7
354040,POPULINA,2026/Abr,4.1
354040,POPULINA,2026/Mai,3.3
354040,POPULINA,2026/Jun,3.5
354060,PORTO FELIZ,2025/Jul,3.5
354060,PORTO FELIZ,2025/Ago,2.0
354060,PORTO FELIZ,2025/Set,2.4
354060,PORTO FELIZ,2025/Out,2.4
354060,PORTO FELIZ,2025/Nov,2.2
354060,PORTO FELIZ,2025/Dez,2.8
354060,PORTO FELIZ,2026/Jan,3.6
354060,PORTO FELIZ,2026/Fev,2.4
354060,PORTO FELIZ,2026/Mar,2.2
354060,PORTO FELIZ,2026/Abr,2.4
354060,PORTO FELIZ,2026/Mai,2.6
354060,PORTO FELIZ,2026/Jun,2.2
354070,PORTO FERREIRA,2025/Jul,3.9
354070,PORTO FERREIRA,2025/Ago,3.9
354070,PORTO FERREIRA,2025/Set,3.2
354070,PORTO FERREIRA,2025/Out,3.6
354070,PORTO FERREIRA,2025/Nov,3.4
354070,PORTO FERREIRA,2025/Dez,3.5
354070,PORTO FERREIRA,2026/Jan,2.8
354070,PORTO FERREIRA,2026/Fev,3.1
354070,PORTO FERREIRA,2026/Mar,3.3
354070,PORTO FERREIRA,2026/Abr,3.5
354070,PORTO FERREIRA,2026/Mai,3.3
354070,PORTO FERREIRA,2026/Jun,3.7
354080,POTIRENDABA,2025/Jul,2.3
354080,POTIRENDABA,2025/Ago,2.5
354080,POTIRENDABA,2025/Set,2.4
354080,POTIRENDABA,2025/Out,2.5
354080,POTIRENDABA,2025/Nov,2.6
354080,POTIRENDABA,2025/Dez,2.4
354080,POTIRENDABA,2026/Jan,2.2
354080,POTIRENDABA,2026/Fev,2.8
354080,POTIRENDABA,2026/Mar,2.3
354080,POTIRENDABA,2026/Abr,2.6
354080,POTIRENDABA,2026/Mai,2.3
354080,POTIRENDABA,2026/Jun,2.6
354100,PRAIA GRANDE,2025/Jul,5.0
354100,PRAIA GRANDE,2025/Ago,5.3
354100,PRAIA GRANDE,2025/Set,5.7
354100,PRAIA GRANDE,2025/Out,5.8
354100,PRAIA GRANDE,2025/Nov,5.7
354100,PRAIA GRANDE,2025/Dez,5.6
354100,PRAIA GRANDE,2026/Jan,6.6
354100,PRAIA GRANDE,2026/Fev,6.2
354100,PRAIA GRANDE,2026/Mar,5.8
354100,PRAIA GRANDE,2026/Abr,5.8
354100,PRAIA GRANDE,2026/Mai,5.5
354100,PRAIA GRANDE,2026/Jun,5.4
354120,PRESIDENTE BERNARDES,2025/Jul,3.7
354120,PRESIDENTE BERNARDES,2025/Ago,3.3
354120,PRESIDENTE BERNARDES,2025/Set,2.8
354120,PRESIDENTE BERNARDES,2025/Out,3.5
354120,PRESIDENTE BERNARDES,2025/Nov,2.3
354120,PRESIDENTE BERNARDES,2025/Dez,3.0
354120,PRESIDENTE BERNARDES,2026/Jan,2.5
354120,PRESIDENTE BERNARDES,2026/Fev,2.9
354120,PRESIDENTE BERNARDES,2026/Mar,3.4
354120,PRESIDENTE BERNARDES,2026/Abr,2.8
354120,PRESIDENTE BERNARDES,2026/Mai,2.8
354120,PRESIDENTE BERNARDES,2026/Jun,2.5
354130,PRESIDENTE EPITACIO,2025/Jul,3.0
354130,PRESIDENTE EPITACIO,2025/Ago,3.3
354130,PRESIDENTE EPITACIO,2025/Set,3.8
354130,PRESIDENTE EPITACIO,2025/Out,3.3
354130,PRESIDENTE EPITACIO,2025/Nov,3.3
354130,PRESIDENTE EPITACIO,2025/Dez,3.0
354130,PRESIDENTE EPITACIO,2026/Jan,3.4
354130,PRESIDENTE EPITACIO,2026/Fev,3.2
354130,PRESIDENTE EPITACIO,2026/Mar,3.4
354130,PRESIDENTE EPITACIO,2026/Abr,3.4
354130,PRESIDENTE EPITACIO,2026/Mai,3.6
354130,PRESIDENTE EPITACIO,2026/Jun,3.6
354140,PRESIDENTE PRUDENTE,2025/Jul,5.7
354140,PRESIDENTE PRUDENTE,2025/Ago,5.5
354140,PRESIDENTE PRUDENTE,2025/Set,5.9
354140,PRESIDENTE PRUDENTE,2025/Out,5.2
354140,PRESIDENTE PRUDENTE,2025/Nov,5.9
354140,PRESIDENTE PRUDENTE,2025/Dez,6.2
354140,PRESIDENTE PRUDENTE,2026/Jan,6.0
354140,PRESIDENTE PRUDENTE,2026/Fev,5.7
354140,PRESIDENTE PRUDENTE,2026/Mar,5.5
354140,PRESIDENTE PRUDENTE,2026/Abr,5.3
354140,PRESIDENTE PRUDENTE,2026/Mai,5.7
354140,PRESIDENTE PRUDENTE,2026/Jun,5.5
354150,PRESIDENTE VENCESLAU,2025/Jul,4.6
354150,PRESIDENTE VENCESLAU,2025/Ago,4.1
354150,PRESIDENTE VENCESLAU,2025/Set,3.9
354150,PRESIDENTE VENCESLAU,2025/Out,3.9
354150,PRESIDENTE VENCESLAU,2025/Nov,3.3
354150,PRESIDENTE VENCESLAU,2025/Dez,4.3
354150,PRESIDENTE VENCESLAU,2026/Jan,4.4
354150,PRESIDENTE VENCESLAU,2026/Fev,4.2
354150,PRESIDENTE VENCESLAU,2026/Mar,3.7
354150,PRESIDENTE VENCESLAU,2026/Abr,3.8
354150,PRESIDENTE VENCESLAU,2026/Mai,4.9
354150,PRESIDENTE VENCESLAU,2026/Jun,4.4
354160,PROMISSAO,2025/Jul,3.6
354160,PROMISSAO,2025/Ago,4.3
354160,PROMISSAO,2025/Set,3.3
354160,PROMISSAO,2025/Out,4.2
354160,PROMISSAO,2025/Nov,3.6
354160,PROMISSAO,2025/Dez,3.5
354160,PROMISSAO,2026/Jan,3.6
354160,PROMISSAO,2026/Fev,2.7
354160,PROMISSAO,2026/Mar,3.0
354160,PROMISSAO,2026/Abr,3.1
354160,PROMISSAO,2026/Mai,3.4
354160,PROMISSAO,2026/Jun,3.7
354190,QUELUZ,2025/Jul,5.6
354190,QUELUZ,2025/Ago,4.5
354190,QUELUZ,2025/Set,5.3
354190,QUELUZ,2025/Out,4.2
354190,QUELUZ,2025/Nov,5.5
354190,QUELUZ,2025/Dez,5.7
354190,QUELUZ,2026/Jan,5.2
354190,QUELUZ,2026/Fev,3.5
354190,QUELUZ,2026/Mar,9.3
354190,QUELUZ,2026/Abr,8.4
354220,RANCHARIA,2025/Jul,2.3
354220,RANCHARIA,2025/Ago,2.5
354220,RANCHARIA,2025/Set,2.6
354220,RANCHARIA,2025/Out,2.4
354220,RANCHARIA,2025/Nov,2.5
354220,RANCHARIA,2025/Dez,2.8
354220,RANCHARIA,2026/Jan,2.3
354220,RANCHARIA,2026/Fev,2.5
354220,RANCHARIA,2026/Mar,2.6
354220,RANCHARIA,2026/Abr,2.3
354220,RANCHARIA,2026/Mai,2.6
354220,RANCHARIA,2026/Jun,2.6
354240,REGENTE FEIJO,2025/Jul,3.4
354240,REGENTE FEIJO,2025/Ago,3.0
354240,REGENTE FEIJO,2025/Set,2.8
354240,REGENTE FEIJO,2025/Out,3.0
354240,REGENTE FEIJO,2025/Nov,3.3
354240,REGENTE FEIJO,2025/Dez,3.4
354240,REGENTE FEIJO,2026/Jan,3.1
354240,REGENTE FEIJO,2026/Fev,3.3
354240,REGENTE FEIJO,2026/Mar,3.3
354240,REGENTE FEIJO,2026/Abr,3.2
354240,REGENTE FEIJO,2026/Mai,3.5
354240,REGENTE FEIJO,2026/Jun,2.9
354260,REGISTRO,2025/Jul,4.1
354260,REGISTRO,2025/Ago,3.5
354260,REGISTRO,2025/Set,3.6
354260,REGISTRO,2025/Out,4.1
354260,REGISTRO,2025/Nov,4.6
354260,REGISTRO,2025/Dez,4.2
354260,REGISTRO,2026/Jan,4.0
354260,REGISTRO,2026/Fev,3.9
354260,REGISTRO,2026/Mar,3.1
354260,REGISTRO,2026/Abr,3.3
354260,REGISTRO,2026/Mai,3.1
354260,REGISTRO,2026/Jun,3.5
354290,RIBEIRAO BONITO,2025/Jul,2.5
354290,RIBEIRAO BONITO,2025/Ago,2.4
354290,RIBEIRAO BONITO,2025/Set,0.7
354290,RIBEIRAO BONITO,2025/Out,1.6
354290,RIBEIRAO BONITO,2025/Nov,2.1
354290,RIBEIRAO BONITO,2025/Dez,1.8
354290,RIBEIRAO BONITO,2026/Jan,1.7
354290,RIBEIRAO BONITO,2026/Fev,0.9
354290,RIBEIRAO BONITO,2026/Mar,2.6
354290,RIBEIRAO BONITO,2026/Abr,1.9
354290,RIBEIRAO BONITO,2026/Mai,1.1
354290,RIBEIRAO BONITO,2026/Jun,2.6
354300,RIBEIRAO BRANCO,2025/Jul,3.1
354300,RIBEIRAO BRANCO,2025/Ago,3.6
354300,RIBEIRAO BRANCO,2025/Set,3.7
354300,RIBEIRAO BRANCO,2025/Out,4.2
354300,RIBEIRAO BRANCO,2025/Nov,2.7
354300,RIBEIRAO BRANCO,2025/Dez,4.8
354300,RIBEIRAO BRANCO,2026/Jan,3.0
354300,RIBEIRAO BRANCO,2026/Fev,5.3
354300,RIBEIRAO BRANCO,2026/Mar,3.8
354300,RIBEIRAO BRANCO,2026/Abr,3.6
354300,RIBEIRAO BRANCO,2026/Mai,3.8
354300,RIBEIRAO BRANCO,2026/Jun,4.6
354330,RIBEIRAO PIRES,2025/Jul,6.1
354330,RIBEIRAO PIRES,2025/Ago,7.2
354330,RIBEIRAO PIRES,2025/Set,4.5
354330,RIBEIRAO PIRES,2025/Out,6.3
354330,RIBEIRAO PIRES,2025/Nov,4.8
354330,RIBEIRAO PIRES,2025/Dez,5.4
354330,RIBEIRAO PIRES,2026/Jan,5.0
354330,RIBEIRAO PIRES,2026/Fev,5.3
354330,RIBEIRAO PIRES,2026/Mar,6.2
354330,RIBEIRAO PIRES,2026/Abr,7.5
354330,RIBEIRAO PIRES,2026/Mai,5.5
354330,RIBEIRAO PIRES,2026/Jun,5.0
354340,RIBEIRAO PRETO,2025/Jul,4.5
354340,RIBEIRAO PRETO,2025/Ago,4.8
354340,RIBEIRAO PRETO,2025/Set,4.4
354340,RIBEIRAO PRETO,2025/Out,4.4
354340,RIBEIRAO PRETO,2025/Nov,4.5
354340,RIBEIRAO PRETO,2025/Dez,4.3
354340,RIBEIRAO PRETO,2026/Jan,4.3
354340,RIBEIRAO PRETO,2026/Fev,4.5
354340,RIBEIRAO PRETO,2026/Mar,4.4
354340,RIBEIRAO PRETO,2026/Abr,4.7
354340,RIBEIRAO PRETO,2026/Mai,4.5
354340,RIBEIRAO PRETO,2026/Jun,4.6
354380,RINOPOLIS,2025/Jul,5.7
354380,RINOPOLIS,2025/Ago,6.2
354380,RINOPOLIS,2025/Set,4.6
354380,RINOPOLIS,2025/Out,6.9
354380,RINOPOLIS,2025/Nov,4.3
354380,RINOPOLIS,2025/Dez,4.8
354380,RINOPOLIS,2026/Jan,5.6
354380,RINOPOLIS,2026/Fev,5.0
354380,RINOPOLIS,2026/Mar,5.6
354380,RINOPOLIS,2026/Abr,5.0
354380,RINOPOLIS,2026/Mai,5.4
354380,RINOPOLIS,2026/Jun,4.9
354390,RIO CLARO,2025/Jul,6.7
354390,RIO CLARO,2025/Ago,6.1
354390,RIO CLARO,2025/Set,6.3
354390,RIO CLARO,2025/Out,6.4
354390,RIO CLARO,2025/Nov,6.8
354390,RIO CLARO,2025/Dez,6.4
354390,RIO CLARO,2026/Jan,6.6
354390,RIO CLARO,2026/Fev,6.4
354390,RIO CLARO,2026/Mar,5.7
354390,RIO CLARO,2026/Abr,6.1
354390,RIO CLARO,2026/Mai,6.2
354390,RIO CLARO,2026/Jun,6.0
354400,RIO DAS PEDRAS,2025/Jul,2.3
354400,RIO DAS PEDRAS,2025/Ago,1.8
354400,RIO DAS PEDRAS,2025/Set,1.7
354400,RIO DAS PEDRAS,2025/Out,1.5
354400,RIO DAS PEDRAS,2025/Nov,1.4
354400,RIO DAS PEDRAS,2025/Dez,1.0
354400,RIO DAS PEDRAS,2026/Jan,2.0
354400,RIO DAS PEDRAS,2026/Fev,1.2
354400,RIO DAS PEDRAS,2026/Mar,1.3
354400,RIO DAS PEDRAS,2026/Abr,1.4
354400,RIO DAS PEDRAS,2026/Mai,1.5
354400,RIO DAS PEDRAS,2026/Jun,1.7
354420,RIOLANDIA,2025/Jul,4.5
354420,RIOLANDIA,2025/Ago,2.7
354420,RIOLANDIA,2025/Set,3.3
354420,RIOLANDIA,2025/Out,3.6
354420,RIOLANDIA,2025/Nov,5.1
354420,RIOLANDIA,2025/Dez,2.3
354420,RIOLANDIA,2026/Jan,4.1
354420,RIOLANDIA,2026/Fev,6.0
354420,RIOLANDIA,2026/Mar,2.9
354420,RIOLANDIA,2026/Abr,3.0
354420,RIOLANDIA,2026/Mai,3.0
354420,RIOLANDIA,2026/Jun,2.9
354425,ROSANA,2025/Jul,3.3
354425,ROSANA,2025/Ago,3.5
354425,ROSANA,2025/Set,10.6
354425,ROSANA,2025/Out,3.3
354425,ROSANA,2025/Nov,3.1
354425,ROSANA,2025/Dez,12.1
354425,ROSANA,2026/Jan,3.4
354425,ROSANA,2026/Fev,3.4
354425,ROSANA,2026/Mar,10.5
354425,ROSANA,2026/Abr,3.2
354425,ROSANA,2026/Mai,3.1
354425,ROSANA,2026/Jun,11.6
354490,SALES OLIVEIRA,2025/Jul,2.0
354490,SALES OLIVEIRA,2025/Ago,1.6
354490,SALES OLIVEIRA,2025/Set,2.8
354490,SALES OLIVEIRA,2025/Out,1.7
354490,SALES OLIVEIRA,2025/Nov,1.6
354490,SALES OLIVEIRA,2025/Dez,2.0
354490,SALES OLIVEIRA,2026/Jan,1.8
354490,SALES OLIVEIRA,2026/Fev,1.6
354490,SALES OLIVEIRA,2026/Mar,1.3
354490,SALES OLIVEIRA,2026/Abr,2.2
354490,SALES OLIVEIRA,2026/Mai,2.2
354500,SALESOPOLIS,2025/Jul,3.0
354500,SALESOPOLIS,2025/Ago,1.5
354500,SALESOPOLIS,2025/Set,3.2
354500,SALESOPOLIS,2025/Out,2.7
354500,SALESOPOLIS,2025/Nov,3.5
354500,SALESOPOLIS,2025/Dez,2.3
354500,SALESOPOLIS,2026/Jan,2.5
354500,SALESOPOLIS,2026/Fev,2.6
354500,SALESOPOLIS,2026/Mar,2.6
354500,SALESOPOLIS,2026/Abr,1.5
354500,SALESOPOLIS,2026/Mai,3.1
354500,SALESOPOLIS,2026/Jun,2.8
354520,SALTO,2025/Jul,2.8
354520,SALTO,2025/Ago,3.0
354520,SALTO,2025/Set,2.6
354520,SALTO,2025/Out,3.0
354520,SALTO,2025/Nov,2.9
354520,SALTO,2025/Dez,2.2
354520,SALTO,2026/Jan,2.7
354520,SALTO,2026/Fev,2.2
354520,SALTO,2026/Mar,2.3
354520,SALTO,2026/Abr,2.8
354520,SALTO,2026/Mai,2.8
354520,SALTO,2026/Jun,2.7
354530,SALTO DE PIRAPORA,2025/Jul,2.0
354530,SALTO DE PIRAPORA,2025/Ago,1.8
354530,SALTO DE PIRAPORA,2025/Set,1.6
354530,SALTO DE PIRAPORA,2025/Out,1.7
354530,SALTO DE PIRAPORA,2025/Nov,1.7
354530,SALTO DE PIRAPORA,2025/Dez,2.1
354530,SALTO DE PIRAPORA,2026/Jan,2.1
354530,SALTO DE PIRAPORA,2026/Fev,1.9
354530,SALTO DE PIRAPORA,2026/Mar,1.9
354530,SALTO DE PIRAPORA,2026/Abr,1.8
354530,SALTO DE PIRAPORA,2026/Mai,1.8
354530,SALTO DE PIRAPORA,2026/Jun,1.9
354540,SALTO GRANDE,2025/Jul,2.7
354540,SALTO GRANDE,2025/Ago,2.4
354540,SALTO GRANDE,2025/Set,1.9
354540,SALTO GRANDE,2025/Out,2.1
354540,SALTO GRANDE,2025/Nov,3.2
354540,SALTO GRANDE,2025/Dez,2.7
354540,SALTO GRANDE,2026/Jan,2.3
354540,SALTO GRANDE,2026/Fev,2.2
354540,SALTO GRANDE,2026/Mar,3.2
354540,SALTO GRANDE,2026/Abr,2.3
354540,SALTO GRANDE,2026/Mai,2.8
354540,SALTO GRANDE,2026/Jun,1.9
354560,SANTA ADELIA,2025/Jul,4.0
354560,SANTA ADELIA,2025/Ago,3.4
354560,SANTA ADELIA,2025/Set,3.3
354560,SANTA ADELIA,2025/Out,2.7
354560,SANTA ADELIA,2025/Nov,2.6
354560,SANTA ADELIA,2025/Dez,2.7
354560,SANTA ADELIA,2026/Jan,2.3
354560,SANTA ADELIA,2026/Fev,3.0
354560,SANTA ADELIA,2026/Mar,2.6
354560,SANTA ADELIA,2026/Abr,4.1
354560,SANTA ADELIA,2026/Mai,2.8
354560,SANTA ADELIA,2026/Jun,3.3
354580,SANTA BARBARA D'OESTE,2025/Jul,2.6
354580,SANTA BARBARA D'OESTE,2025/Ago,2.3
354580,SANTA BARBARA D'OESTE,2025/Set,2.4
354580,SANTA BARBARA D'OESTE,2025/Out,2.4
354580,SANTA BARBARA D'OESTE,2025/Nov,2.3
354580,SANTA BARBARA D'OESTE,2025/Dez,3.2
354580,SANTA BARBARA D'OESTE,2026/Jan,2.5
354580,SANTA BARBARA D'OESTE,2026/Fev,2.5
354580,SANTA BARBARA D'OESTE,2026/Mar,2.0
354580,SANTA BARBARA D'OESTE,2026/Abr,2.6
354580,SANTA BARBARA D'OESTE,2026/Mai,2.0
354580,SANTA BARBARA D'OESTE,2026/Jun,2.3
354630,SANTA CRUZ DAS PALMEIRAS,2025/Jul,2.8
354630,SANTA CRUZ DAS PALMEIRAS,2025/Ago,2.9
354630,SANTA CRUZ DAS PALMEIRAS,2025/Set,2.5
354630,SANTA CRUZ DAS PALMEIRAS,2025/Out,2.1
354630,SANTA CRUZ DAS PALMEIRAS,2025/Nov,2.1
354630,SANTA CRUZ DAS PALMEIRAS,2025/Dez,2.0
354630,SANTA CRUZ DAS PALMEIRAS,2026/Jan,2.0
354630,SANTA CRUZ DAS PALMEIRAS,2026/Fev,2.2
354630,SANTA CRUZ DAS PALMEIRAS,2026/Mar,2.0
354630,SANTA CRUZ DAS PALMEIRAS,2026/Abr,2.2
354630,SANTA CRUZ DAS PALMEIRAS,2026/Mai,2.4
354630,SANTA CRUZ DAS PALMEIRAS,2026/Jun,2.5
354640,SANTA CRUZ DO RIO PARDO,2025/Jul,3.3
354640,SANTA CRUZ DO RIO PARDO,2025/Ago,3.5
354640,SANTA CRUZ DO RIO PARDO,2025/Set,3.8
354640,SANTA CRUZ DO RIO PARDO,2025/Out,3.3
354640,SANTA CRUZ DO RIO PARDO,2025/Nov,3.3
354640,SANTA CRUZ DO RIO PARDO,2025/Dez,4.0
354640,SANTA CRUZ DO RIO PARDO,2026/Jan,4.7
354640,SANTA CRUZ DO RIO PARDO,2026/Fev,3.6
354640,SANTA CRUZ DO RIO PARDO,2026/Mar,4.0
354640,SANTA CRUZ DO RIO PARDO,2026/Abr,4.1
354640,SANTA CRUZ DO RIO PARDO,2026/Mai,3.9
354640,SANTA CRUZ DO RIO PARDO,2026/Jun,3.6
354660,SANTA FE DO SUL,2025/Jul,4.3
354660,SANTA FE DO SUL,2025/Ago,4.3
354660,SANTA FE DO SUL,2025/Set,4.3
354660,SANTA FE DO SUL,2025/Out,4.4
354660,SANTA FE DO SUL,2025/Nov,4.6
354660,SANTA FE DO SUL,2025/Dez,3.8
354660,SANTA FE DO SUL,2026/Jan,4.2
354660,SANTA FE DO SUL,2026/Fev,4.2
354660,SANTA FE DO SUL,2026/Mar,4.4
354660,SANTA FE DO SUL,2026/Abr,3.7
354660,SANTA FE DO SUL,2026/Mai,4.1
354660,SANTA FE DO SUL,2026/Jun,4.5
354680,SANTA ISABEL,2025/Jul,6.3
354680,SANTA ISABEL,2025/Ago,5.8
354680,SANTA ISABEL,2025/Set,5.3
354680,SANTA ISABEL,2025/Out,6.1
354680,SANTA ISABEL,2025/Nov,4.8
354680,SANTA ISABEL,2025/Dez,5.7
354680,SANTA ISABEL,2026/Jan,5.2
354680,SANTA ISABEL,2026/Fev,5.8
354680,SANTA ISABEL,2026/Mar,5.1
354680,SANTA ISABEL,2026/Abr,6.0
354680,SANTA ISABEL,2026/Mai,5.0
354680,SANTA ISABEL,2026/Jun,5.6
354730,SANTANA DE PARNAIBA,2025/Jul,3.5
354730,SANTANA DE PARNAIBA,2025/Ago,4.3
354730,SANTANA DE PARNAIBA,2025/Set,4.5
354730,SANTANA DE PARNAIBA,2025/Out,5.1
354730,SANTANA DE PARNAIBA,2025/Nov,5.8
354730,SANTANA DE PARNAIBA,2025/Dez,4.8
354730,SANTANA DE PARNAIBA,2026/Jan,3.8
354730,SANTANA DE PARNAIBA,2026/Fev,4.1
354730,SANTANA DE PARNAIBA,2026/Mar,5.2
354730,SANTANA DE PARNAIBA,2026/Abr,4.5
354730,SANTANA DE PARNAIBA,2026/Mai,4.9
354730,SANTANA DE PARNAIBA,2026/Jun,4.5
354750,SANTA RITA DO PASSA QUATRO,2025/Jul,20.7
354750,SANTA RITA DO PASSA QUATRO,2025/Ago,22.2
354750,SANTA RITA DO PASSA QUATRO,2025/Set,20.2
354750,SANTA RITA DO PASSA QUATRO,2025/Out,17.2
354750,SANTA RITA DO PASSA QUATRO,2025/Nov,17.0
354750,SANTA RITA DO PASSA QUATRO,2025/Dez,23.9
354750,SANTA RITA DO PASSA QUATRO,2026/Jan,17.6
354750,SANTA RITA DO PASSA QUATRO,2026/Fev,20.9
354750,SANTA RITA DO PASSA QUATRO,2026/Mar,15.0
354750,SANTA RITA DO PASSA QUATRO,2026/Abr,18.2
354750,SANTA RITA DO PASSA QUATRO,2026/Mai,17.4
354750,SANTA RITA DO PASSA QUATRO,2026/Jun,13.5
354760,SANTA ROSA DE VITERBO,2025/Jul,3.6
354760,SANTA ROSA DE VITERBO,2025/Ago,4.5
354760,SANTA ROSA DE VITERBO,2025/Set,5.0
354760,SANTA ROSA DE VITERBO,2025/Out,6.0
354760,SANTA ROSA DE VITERBO,2025/Nov,3.0
354760,SANTA ROSA DE VITERBO,2025/Dez,3.8
354760,SANTA ROSA DE VITERBO,2026/Jan,4.1
354760,SANTA ROSA DE VITERBO,2026/Fev,3.5
354760,SANTA ROSA DE VITERBO,2026/Mar,4.0
354760,SANTA ROSA DE VITERBO,2026/Abr,3.3
354760,SANTA ROSA DE VITERBO,2026/Mai,4.4
354760,SANTA ROSA DE VITERBO,2026/Jun,4.4
354770,SANTO ANASTACIO,2025/Jul,3.4
354770,SANTO ANASTACIO,2025/Ago,3.4
354770,SANTO ANASTACIO,2025/Set,3.1
354770,SANTO ANASTACIO,2025/Out,3.1
354770,SANTO ANASTACIO,2025/Nov,2.7
354770,SANTO ANASTACIO,2025/Dez,3.5
354770,SANTO ANASTACIO,2026/Jan,2.7
354770,SANTO ANASTACIO,2026/Fev,3.6
354770,SANTO ANASTACIO,2026/Mar,4.0
354770,SANTO ANASTACIO,2026/Abr,3.8
354770,SANTO ANASTACIO,2026/Mai,3.5
354770,SANTO ANASTACIO,2026/Jun,3.6
354780,SANTO ANDRE,2025/Jul,4.5
354780,SANTO ANDRE,2025/Ago,4.2
354780,SANTO ANDRE,2025/Set,4.5
354780,SANTO ANDRE,2025/Out,4.7
354780,SANTO ANDRE,2025/Nov,4.8
354780,SANTO ANDRE,2025/Dez,5.2
354780,SANTO ANDRE,2026/Jan,5.3
354780,SANTO ANDRE,2026/Fev,5.2
354780,SANTO ANDRE,2026/Mar,5.1
354780,SANTO ANDRE,2026/Abr,4.3
354780,SANTO ANDRE,2026/Mai,4.8
354780,SANTO ANDRE,2026/Jun,4.8
354790,SANTO ANTONIO DA ALEGRIA,2025/Jul,2.3
354790,SANTO ANTONIO DA ALEGRIA,2025/Ago,2.9
354790,SANTO ANTONIO DA ALEGRIA,2025/Set,2.4
354790,SANTO ANTONIO DA ALEGRIA,2025/Out,3.1
354790,SANTO ANTONIO DA ALEGRIA,2025/Nov,4.3
354790,SANTO ANTONIO DA ALEGRIA,2025/Dez,3.0
354790,SANTO ANTONIO DA ALEGRIA,2026/Jan,3.2
354790,SANTO ANTONIO DA ALEGRIA,2026/Fev,4.2
354790,SANTO ANTONIO DA ALEGRIA,2026/Mar,3.9
354790,SANTO ANTONIO DA ALEGRIA,2026/Abr,3.8
354790,SANTO ANTONIO DA ALEGRIA,2026/Mai,2.1
354790,SANTO ANTONIO DA ALEGRIA,2026/Jun,2.9
354850,SANTOS,2025/Jul,5.8
354850,SANTOS,2025/Ago,5.9
354850,SANTOS,2025/Set,5.9
354850,SANTOS,2025/Out,5.2
354850,SANTOS,2025/Nov,5.7
354850,SANTOS,2025/Dez,5.6
354850,SANTOS,2026/Jan,6.0
354850,SANTOS,2026/Fev,5.8
354850,SANTOS,2026/Mar,5.5
354850,SANTOS,2026/Abr,5.6
354850,SANTOS,2026/Mai,5.3
354850,SANTOS,2026/Jun,5.9
354860,SAO BENTO DO SAPUCAI,2025/Jul,3.9
354860,SAO BENTO DO SAPUCAI,2025/Ago,4.1
354860,SAO BENTO DO SAPUCAI,2025/Set,4.1
354860,SAO BENTO DO SAPUCAI,2025/Out,3.8
354860,SAO BENTO DO SAPUCAI,2025/Nov,3.6
354860,SAO BENTO DO SAPUCAI,2025/Dez,4.3
354860,SAO BENTO DO SAPUCAI,2026/Jan,3.3
354860,SAO BENTO DO SAPUCAI,2026/Fev,3.7
354860,SAO BENTO DO SAPUCAI,2026/Mar,4.0
354860,SAO BENTO DO SAPUCAI,2026/Abr,3.2
354860,SAO BENTO DO SAPUCAI,2026/Mai,3.6
354860,SAO BENTO DO SAPUCAI,2026/Jun,3.6
354870,SAO BERNARDO DO CAMPO,2025/Jul,6.3
354870,SAO BERNARDO DO CAMPO,2025/Ago,5.8
354870,SAO BERNARDO DO CAMPO,2025/Set,6.3
354870,SAO BERNARDO DO CAMPO,2025/Out,6.4
354870,SAO BERNARDO DO CAMPO,2025/Nov,6.6
354870,SAO BERNARDO DO CAMPO,2025/Dez,6.7
354870,SAO BERNARDO DO CAMPO,2026/Jan,6.2
354870,SAO BERNARDO DO CAMPO,2026/Fev,6.1
354870,SAO BERNARDO DO CAMPO,2026/Mar,6.4
354870,SAO BERNARDO DO CAMPO,2026/Abr,6.0
354870,SAO BERNARDO DO CAMPO,2026/Mai,5.9
354870,SAO BERNARDO DO CAMPO,2026/Jun,5.9
354880,SAO CAETANO DO SUL,2025/Jul,4.9
354880,SAO CAETANO DO SUL,2025/Ago,3.9
354880,SAO CAETANO DO SUL,2025/Set,4.2
354880,SAO CAETANO DO SUL,2025/Out,4.2
354880,SAO CAETANO DO SUL,2025/Nov,4.2
354880,SAO CAETANO DO SUL,2025/Dez,3.9
354880,SAO CAETANO DO SUL,2026/Jan,3.9
354880,SAO CAETANO DO SUL,2026/Fev,4.2
354880,SAO CAETANO DO SUL,2026/Mar,3.7
354880,SAO CAETANO DO SUL,2026/Abr,4.2
354880,SAO CAETANO DO SUL,2026/Mai,3.9
354890,SAO CARLOS,2025/Jul,4.1
354890,SAO CARLOS,2025/Ago,4.1
354890,SAO CARLOS,2025/Set,3.6
354890,SAO CARLOS,2025/Out,3.7
354890,SAO CARLOS,2025/Nov,4.0
354890,SAO CARLOS,2025/Dez,3.3
354890,SAO CARLOS,2026/Jan,4.0
354890,SAO CARLOS,2026/Fev,3.9
354890,SAO CARLOS,2026/Mar,3.3
354890,SAO CARLOS,2026/Abr,3.8
354890,SAO CARLOS,2026/Mai,3.4
354890,SAO CARLOS,2026/Jun,3.4
354910,SAO JOAO DA BOA VISTA,2025/Jul,4.2
354910,SAO JOAO DA BOA VISTA,2025/Ago,4.2
354910,SAO JOAO DA BOA VISTA,2025/Set,4.6
354910,SAO JOAO DA BOA VISTA,2025/Out,4.0
354910,SAO JOAO DA BOA VISTA,2025/Nov,4.2
354910,SAO JOAO DA BOA VISTA,2025/Dez,3.7
354910,SAO JOAO DA BOA VISTA,2026/Jan,4.0
354910,SAO JOAO DA BOA VISTA,2026/Fev,4.4
354910,SAO JOAO DA BOA VISTA,2026/Mar,4.1
354910,SAO JOAO DA BOA VISTA,2026/Abr,4.1
354910,SAO JOAO DA BOA VISTA,2026/Mai,4.0
354910,SAO JOAO DA BOA VISTA,2026/Jun,3.9
354940,SAO JOAQUIM DA BARRA,2025/Jul,3.8
354940,SAO JOAQUIM DA BARRA,2025/Ago,3.3
354940,SAO JOAQUIM DA BARRA,2025/Set,3.1
354940,SAO JOAQUIM DA BARRA,2025/Out,3.3
354940,SAO JOAQUIM DA BARRA,2025/Nov,3.4
354940,SAO JOAQUIM DA BARRA,2025/Dez,3.6
354940,SAO JOAQUIM DA BARRA,2026/Jan,3.5
354940,SAO JOAQUIM DA BARRA,2026/Fev,3.5
354940,SAO JOAQUIM DA BARRA,2026/Mar,3.6
354940,SAO JOAQUIM DA BARRA,2026/Abr,3.4
354940,SAO JOAQUIM DA BARRA,2026/Mai,3.1
354940,SAO JOAQUIM DA BARRA,2026/Jun,3.3
354970,SAO JOSE DO RIO PARDO,2025/Jul,3.5
354970,SAO JOSE DO RIO PARDO,2025/Ago,3.3
354970,SAO JOSE DO RIO PARDO,2025/Set,3.2
354970,SAO JOSE DO RIO PARDO,2025/Out,3.2
354970,SAO JOSE DO RIO PARDO,2025/Nov,3.1
354970,SAO JOSE DO RIO PARDO,2025/Dez,2.7
354970,SAO JOSE DO RIO PARDO,2026/Jan,3.5
354970,SAO JOSE DO RIO PARDO,2026/Fev,3.2
354970,SAO JOSE DO RIO PARDO,2026/Mar,2.6
354970,SAO JOSE DO RIO PARDO,2026/Abr,3.4
354970,SAO JOSE DO RIO PARDO,2026/Mai,3.3
354970,SAO JOSE DO RIO PARDO,2026/Jun,3.6
354980,SAO JOSE DO RIO PRETO,2025/Jul,4.7
354980,SAO JOSE DO RIO PRETO,2025/Ago,4.6
354980,SAO JOSE DO RIO PRETO,2025/Set,4.3
354980,SAO JOSE DO RIO PRETO,2025/Out,4.5
354980,SAO JOSE DO RIO PRETO,2025/Nov,4.2
354980,SAO JOSE DO RIO PRETO,2025/Dez,4.6
354980,SAO JOSE DO RIO PRETO,2026/Jan,4.6
354980,SAO JOSE DO RIO PRETO,2026/Fev,4.5
354980,SAO JOSE DO RIO PRETO,2026/Mar,4.6
354980,SAO JOSE DO RIO PRETO,2026/Abr,4.5
354980,SAO JOSE DO RIO PRETO,2026/Mai,4.5
354980,SAO JOSE DO RIO PRETO,2026/Jun,4.5
354990,SAO JOSE DOS CAMPOS,2025/Jul,4.6
354990,SAO JOSE DOS CAMPOS,2025/Ago,4.6
354990,SAO JOSE DOS CAMPOS,2025/Set,4.4
354990,SAO JOSE DOS CAMPOS,2025/Out,4.5
354990,SAO JOSE DOS CAMPOS,2025/Nov,4.5
354990,SAO JOSE DOS CAMPOS,2025/Dez,4.7
354990,SAO JOSE DOS CAMPOS,2026/Jan,4.5
354990,SAO JOSE DOS CAMPOS,2026/Fev,4.6
354990,SAO JOSE DOS CAMPOS,2026/Mar,4.6
354990,SAO JOSE DOS CAMPOS,2026/Abr,4.6
354990,SAO JOSE DOS CAMPOS,2026/Mai,4.4
354990,SAO JOSE DOS CAMPOS,2026/Jun,4.4
355000,SAO LUIS DO PARAITINGA,2025/Jul,4.4
355000,SAO LUIS DO PARAITINGA,2025/Ago,5.0
355000,SAO LUIS DO PARAITINGA,2025/Set,6.9
355000,SAO LUIS DO PARAITINGA,2025/Out,3.4
355000,SAO LUIS DO PARAITINGA,2025/Nov,6.1
355000,SAO LUIS DO PARAITINGA,2025/Dez,6.2
355000,SAO LUIS DO PARAITINGA,2026/Jan,5.6
355000,SAO LUIS DO PARAITINGA,2026/Fev,6.4
355000,SAO LUIS DO PARAITINGA,2026/Mar,16.4
355010,SAO MANUEL,2025/Jul,3.4
355010,SAO MANUEL,2025/Ago,3.4
355010,SAO MANUEL,2025/Set,3.2
355010,SAO MANUEL,2025/Out,3.3
355010,SAO MANUEL,2025/Nov,2.8
355010,SAO MANUEL,2025/Dez,2.7
355010,SAO MANUEL,2026/Jan,4.9
355010,SAO MANUEL,2026/Fev,3.6
355010,SAO MANUEL,2026/Mar,4.3
355010,SAO MANUEL,2026/Abr,3.6
355010,SAO MANUEL,2026/Mai,2.7
355010,SAO MANUEL,2026/Jun,3.4
355020,SAO MIGUEL ARCANJO,2025/Jul,14.5
355020,SAO MIGUEL ARCANJO,2025/Ago,11.2
355020,SAO MIGUEL ARCANJO,2025/Set,12.0
355020,SAO MIGUEL ARCANJO,2025/Out,12.8
355020,SAO MIGUEL ARCANJO,2025/Nov,9.7
355020,SAO MIGUEL ARCANJO,2025/Dez,11.3
355020,SAO MIGUEL ARCANJO,2026/Jan,3.8
355020,SAO MIGUEL ARCANJO,2026/Fev,12.9
355020,SAO MIGUEL ARCANJO,2026/Mar,9.1
355020,SAO MIGUEL ARCANJO,2026/Abr,10.5
355020,SAO MIGUEL ARCANJO,2026/Mai,10.2
355020,SAO MIGUEL ARCANJO,2026/Jun,14.0
355030,SAO PAULO,2025/Jul,5.6
355030,SAO PAULO,2025/Ago,5.4
355030,SAO PAULO,2025/Set,5.4
355030,SAO PAULO,2025/Out,5.4
355030,SAO PAULO,2025/Nov,5.4
355030,SAO PAULO,2025/Dez,5.6
355030,SAO PAULO,2026/Jan,5.7
355030,SAO PAULO,2026/Fev,5.6
355030,SAO PAULO,2026/Mar,5.4
355030,SAO PAULO,2026/Abr,5.4
355030,SAO PAULO,2026/Mai,5.3
355030,SAO PAULO,2026/Jun,5.4
355040,SAO PEDRO,2025/Jul,1.8
355040,SAO PEDRO,2025/Ago,1.6
355040,SAO PEDRO,2025/Set,1.6
355040,SAO PEDRO,2025/Out,1.4
355040,SAO PEDRO,2025/Nov,1.8
355040,SAO PEDRO,2025/Dez,1.9
355040,SAO PEDRO,2026/Jan,1.6
355040,SAO PEDRO,2026/Fev,1.7
355040,SAO PEDRO,2026/Mar,1.9
355040,SAO PEDRO,2026/Abr,1.9
355040,SAO PEDRO,2026/Mai,1.4
355040,SAO PEDRO,2026/Jun,1.8
355060,SAO ROQUE,2025/Jul,3.9
355060,SAO ROQUE,2025/Ago,4.4
355060,SAO ROQUE,2025/Set,3.2
355060,SAO ROQUE,2025/Out,4.0
355060,SAO ROQUE,2025/Nov,4.1
355060,SAO ROQUE,2025/Dez,3.9
355060,SAO ROQUE,2026/Jan,3.4
355060,SAO ROQUE,2026/Fev,4.0
355060,SAO ROQUE,2026/Mar,2.8
355060,SAO ROQUE,2026/Abr,3.6
355060,SAO ROQUE,2026/Mai,3.5
355060,SAO ROQUE,2026/Jun,3.3
355070,SAO SEBASTIAO,2025/Jul,3.8
355070,SAO SEBASTIAO,2025/Ago,3.6
355070,SAO SEBASTIAO,2025/Set,3.5
355070,SAO SEBASTIAO,2025/Out,3.5
355070,SAO SEBASTIAO,2025/Nov,3.8
355070,SAO SEBASTIAO,2025/Dez,3.5
355070,SAO SEBASTIAO,2026/Jan,3.8
355070,SAO SEBASTIAO,2026/Fev,3.6
355070,SAO SEBASTIAO,2026/Mar,3.5
355070,SAO SEBASTIAO,2026/Abr,3.7
355070,SAO SEBASTIAO,2026/Mai,3.5
355070,SAO SEBASTIAO,2026/Jun,3.4
355080,SAO SEBASTIAO DA GRAMA,2025/Jul,2.5
355080,SAO SEBASTIAO DA GRAMA,2025/Ago,3.7
355080,SAO SEBASTIAO DA GRAMA,2025/Set,2.8
355080,SAO SEBASTIAO DA GRAMA,2025/Out,2.4
355080,SAO SEBASTIAO DA GRAMA,2025/Nov,2.4
355080,SAO SEBASTIAO DA GRAMA,2025/Dez,2.8
355080,SAO SEBASTIAO DA GRAMA,2026/Jan,3.5
355080,SAO SEBASTIAO DA GRAMA,2026/Fev,3.2
355080,SAO SEBASTIAO DA GRAMA,2026/Mar,2.4
355080,SAO SEBASTIAO DA GRAMA,2026/Abr,2.5
355080,SAO SEBASTIAO DA GRAMA,2026/Mai,4.2
355080,SAO SEBASTIAO DA GRAMA,2026/Jun,4.1
355090,SAO SIMAO,2025/Jul,5.5
355090,SAO SIMAO,2025/Ago,7.6
355090,SAO SIMAO,2025/Set,6.1
355090,SAO SIMAO,2025/Out,6.0
355090,SAO SIMAO,2025/Nov,7.1
355090,SAO SIMAO,2025/Dez,5.6
355090,SAO SIMAO,2026/Jan,8.1
355090,SAO SIMAO,2026/Fev,7.0
355090,SAO SIMAO,2026/Mar,7.3
355090,SAO SIMAO,2026/Abr,6.7
355090,SAO SIMAO,2026/Mai,6.3
355090,SAO SIMAO,2026/Jun,4.7
355100,SAO VICENTE,2025/Jul,4.4
355100,SAO VICENTE,2025/Ago,4.1
355100,SAO VICENTE,2025/Set,4.1
355100,SAO VICENTE,2025/Out,4.7
355100,SAO VICENTE,2025/Nov,4.5
355100,SAO VICENTE,2025/Dez,5.3
355100,SAO VICENTE,2026/Jan,4.5
355100,SAO VICENTE,2026/Fev,4.4
355100,SAO VICENTE,2026/Mar,3.7
355100,SAO VICENTE,2026/Abr,4.2
355100,SAO VICENTE,2026/Mai,4.3
355100,SAO VICENTE,2026/Jun,4.3
355150,SERRANA,2025/Jul,5.5
355150,SERRANA,2025/Ago,4.7
355150,SERRANA,2025/Set,5.2
355150,SERRANA,2025/Out,4.5
355150,SERRANA,2025/Nov,4.7
355150,SERRANA,2025/Dez,5.8
355150,SERRANA,2026/Jan,4.8
355150,SERRANA,2026/Fev,5.7
355150,SERRANA,2026/Mar,4.9
355150,SERRANA,2026/Abr,5.9
355150,SERRANA,2026/Mai,5.2
355150,SERRANA,2026/Jun,5.6
355160,SERRA NEGRA,2025/Jul,2.9
355160,SERRA NEGRA,2025/Ago,2.3
355160,SERRA NEGRA,2025/Set,2.6
355160,SERRA NEGRA,2025/Out,2.5
355160,SERRA NEGRA,2025/Nov,3.0
355160,SERRA NEGRA,2025/Dez,3.1
355160,SERRA NEGRA,2026/Jan,2.8
355160,SERRA NEGRA,2026/Fev,2.8
355160,SERRA NEGRA,2026/Mar,2.8
355160,SERRA NEGRA,2026/Abr,2.6
355160,SERRA NEGRA,2026/Mai,2.4
355160,SERRA NEGRA,2026/Jun,2.8
355170,SERTAOZINHO,2025/Jul,3.5
355170,SERTAOZINHO,2025/Ago,3.5
355170,SERTAOZINHO,2025/Set,3.6
355170,SERTAOZINHO,2025/Out,3.2
355170,SERTAOZINHO,2025/Nov,3.5
355170,SERTAOZINHO,2025/Dez,3.6
355170,SERTAOZINHO,2026/Jan,3.6
355170,SERTAOZINHO,2026/Fev,3.4
355170,SERTAOZINHO,2026/Mar,3.4
355170,SERTAOZINHO,2026/Abr,3.5
355170,SERTAOZINHO,2026/Mai,3.6
355170,SERTAOZINHO,2026/Jun,3.4
355200,SILVEIRAS,2025/Jul,4.7
355200,SILVEIRAS,2025/Ago,1.0
355200,SILVEIRAS,2025/Out,7.5
355200,SILVEIRAS,2025/Nov,5.3
355200,SILVEIRAS,2025/Dez,13.0
355200,SILVEIRAS,2026/Mar,6.5
355200,SILVEIRAS,2026/Abr,9.0
355200,SILVEIRAS,2026/Mai,3.0
355200,SILVEIRAS,2026/Jun,3.0
355210,SOCORRO,2025/Jul,2.0
355210,SOCORRO,2025/Ago,2.0
355210,SOCORRO,2025/Set,2.3
355210,SOCORRO,2025/Out,2.5
355210,SOCORRO,2025/Nov,2.6
355210,SOCORRO,2025/Dez,2.4
355210,SOCORRO,2026/Jan,2.7
355210,SOCORRO,2026/Fev,2.5
355210,SOCORRO,2026/Mar,2.7
355210,SOCORRO,2026/Abr,2.3
355210,SOCORRO,2026/Mai,2.7
355210,SOCORRO,2026/Jun,2.8
355220,SOROCABA,2025/Jul,5.2
355220,SOROCABA,2025/Ago,5.0
355220,SOROCABA,2025/Set,5.2
355220,SOROCABA,2025/Out,5.1
355220,SOROCABA,2025/Nov,5.0
355220,SOROCABA,2025/Dez,5.2
355220,SOROCABA,2026/Jan,4.8
355220,SOROCABA,2026/Fev,5.0
355220,SOROCABA,2026/Mar,5.0
355220,SOROCABA,2026/Abr,5.0
355220,SOROCABA,2026/Mai,5.0
355220,SOROCABA,2026/Jun,5.1
355230,SUD MENNUCCI,2025/Jul,3.9
355230,SUD MENNUCCI,2025/Ago,3.3
355230,SUD MENNUCCI,2025/Set,4.4
355230,SUD MENNUCCI,2025/Out,3.0
355230,SUD MENNUCCI,2025/Nov,4.8
355230,SUD MENNUCCI,2025/Dez,3.7
355230,SUD MENNUCCI,2026/Jan,4.0
355230,SUD MENNUCCI,2026/Fev,2.8
355230,SUD MENNUCCI,2026/Mar,3.0
355230,SUD MENNUCCI,2026/Abr,2.5
355230,SUD MENNUCCI,2026/Mai,4.7
355230,SUD MENNUCCI,2026/Jun,5.7
355240,SUMARE,2025/Jul,4.5
355240,SUMARE,2025/Ago,4.3
355240,SUMARE,2025/Set,4.4
355240,SUMARE,2025/Out,4.9
355240,SUMARE,2025/Nov,4.5
355240,SUMARE,2025/Dez,5.2
355240,SUMARE,2026/Jan,4.4
355240,SUMARE,2026/Fev,4.1
355240,SUMARE,2026/Mar,4.8
355240,SUMARE,2026/Abr,4.4
355240,SUMARE,2026/Mai,5.0
355240,SUMARE,2026/Jun,4.7
355250,SUZANO,2025/Jul,7.0
355250,SUZANO,2025/Ago,6.8
355250,SUZANO,2025/Set,6.1
355250,SUZANO,2025/Out,5.6
355250,SUZANO,2025/Nov,6.5
355250,SUZANO,2025/Dez,7.0
355250,SUZANO,2026/Jan,7.9
355250,SUZANO,2026/Fev,7.2
355250,SUZANO,2026/Mar,6.1
355250,SUZANO,2026/Abr,11.1
355250,SUZANO,2026/Mai,6.5
355250,SUZANO,2026/Jun,7.3
355260,TABAPUA,2025/Jul,3.6
355260,TABAPUA,2025/Ago,2.9
355260,TABAPUA,2025/Set,3.1
355260,TABAPUA,2025/Out,4.3
355260,TABAPUA,2025/Nov,4.7
355260,TABAPUA,2025/Dez,3.3
355260,TABAPUA,2026/Jan,3.4
355260,TABAPUA,2026/Fev,3.4
355260,TABAPUA,2026/Mar,3.4
355260,TABAPUA,2026/Abr,3.2
355260,TABAPUA,2026/Mai,3.2
355260,TABAPUA,2026/Jun,3.4
355270,TABATINGA,2025/Jul,2.3
355270,TABATINGA,2025/Ago,3.7
355270,TABATINGA,2025/Set,3.4
355270,TABATINGA,2025/Out,3.3
355270,TABATINGA,2025/Nov,3.8
355270,TABATINGA,2025/Dez,4.0
355270,TABATINGA,2026/Jan,2.9
355270,TABATINGA,2026/Fev,4.0
355270,TABATINGA,2026/Mar,4.0
355270,TABATINGA,2026/Abr,3.4
355270,TABATINGA,2026/Mai,2.8
355270,TABATINGA,2026/Jun,3.8
355280,TABOAO DA SERRA,2025/Jul,4.4
355280,TABOAO DA SERRA,2025/Ago,4.3
355280,TABOAO DA SERRA,2025/Set,4.2
355280,TABOAO DA SERRA,2025/Out,4.6
355280,TABOAO DA SERRA,2025/Nov,4.7
355280,TABOAO DA SERRA,2025/Dez,4.5
355280,TABOAO DA SERRA,2026/Jan,5.3
355280,TABOAO DA SERRA,2026/Fev,4.9
355280,TABOAO DA SERRA,2026/Mar,4.6
355280,TABOAO DA SERRA,2026/Abr,4.6
355280,TABOAO DA SERRA,2026/Mai,4.4
355280,TABOAO DA SERRA,2026/Jun,3.9
355300,TAGUAI,2025/Jul,3.5
355300,TAGUAI,2025/Ago,2.9
355300,TAGUAI,2025/Set,2.7
355300,TAGUAI,2025/Out,2.5
355300,TAGUAI,2025/Nov,2.6
355300,TAGUAI,2025/Dez,2.8
355300,TAGUAI,2026/Jan,2.4
355300,TAGUAI,2026/Fev,3.3
355300,TAGUAI,2026/Mar,3.0
355300,TAGUAI,2026/Abr,3.0
355300,TAGUAI,2026/Mai,2.1
355300,TAGUAI,2026/Jun,2.6
355330,TAMBAU,2025/Jul,3.9
355330,TAMBAU,2025/Ago,2.3
355330,TAMBAU,2025/Set,2.2
355330,TAMBAU,2025/Out,2.6
355330,TAMBAU,2025/Nov,3.2
355330,TAMBAU,2025/Dez,3.6
355330,TAMBAU,2026/Jan,2.6
355330,TAMBAU,2026/Fev,2.8
355330,TAMBAU,2026/Mar,2.9
355330,TAMBAU,2026/Abr,2.4
355330,TAMBAU,2026/Mai,3.3
355330,TAMBAU,2026/Jun,3.3
355340,TANABI,2025/Jul,5.3
355340,TANABI,2025/Ago,5.0
355340,TANABI,2025/Set,5.2
355340,TANABI,2025/Out,7.3
355340,TANABI,2025/Nov,6.9
355340,TANABI,2025/Dez,8.4
355340,TANABI,2026/Jan,7.6
355340,TANABI,2026/Fev,7.1
355340,TANABI,2026/Mar,7.0
355340,TANABI,2026/Abr,7.0
355340,TANABI,2026/Mai,6.0
355340,TANABI,2026/Jun,7.6
355360,TAPIRATIBA,2025/Jul,3.5
355360,TAPIRATIBA,2025/Ago,2.4
355360,TAPIRATIBA,2025/Set,3.3
355360,TAPIRATIBA,2025/Out,3.9
355360,TAPIRATIBA,2025/Nov,2.9
355360,TAPIRATIBA,2025/Dez,2.8
355360,TAPIRATIBA,2026/Jan,2.9
355360,TAPIRATIBA,2026/Fev,3.4
355360,TAPIRATIBA,2026/Mar,3.5
355360,TAPIRATIBA,2026/Abr,3.0
355360,TAPIRATIBA,2026/Mai,2.9
355360,TAPIRATIBA,2026/Jun,3.4
355370,TAQUARITINGA,2025/Jul,3.9
355370,TAQUARITINGA,2025/Ago,3.0
355370,TAQUARITINGA,2025/Set,3.2
355370,TAQUARITINGA,2025/Out,3.9
355370,TAQUARITINGA,2025/Nov,3.2
355370,TAQUARITINGA,2025/Dez,3.1
355370,TAQUARITINGA,2026/Jan,3.5
355370,TAQUARITINGA,2026/Fev,3.1
355370,TAQUARITINGA,2026/Mar,3.1
355370,TAQUARITINGA,2026/Abr,2.5
355370,TAQUARITINGA,2026/Mai,2.9
355370,TAQUARITINGA,2026/Jun,2.9
355380,TAQUARITUBA,2025/Jul,2.4
355380,TAQUARITUBA,2025/Ago,2.5
355380,TAQUARITUBA,2025/Set,2.2
355380,TAQUARITUBA,2025/Out,2.5
355380,TAQUARITUBA,2025/Nov,3.3
355380,TAQUARITUBA,2025/Dez,2.1
355380,TAQUARITUBA,2026/Jan,2.2
355380,TAQUARITUBA,2026/Fev,2.0
355380,TAQUARITUBA,2026/Mar,2.2
355380,TAQUARITUBA,2026/Abr,2.4
355380,TAQUARITUBA,2026/Mai,2.4
355380,TAQUARITUBA,2026/Jun,1.9
355400,TATUI,2025/Jul,3.6
355400,TATUI,2025/Ago,3.3
355400,TATUI,2025/Set,4.1
355400,TATUI,2025/Out,3.5
355400,TATUI,2025/Nov,4.2
355400,TATUI,2025/Dez,3.7
355400,TATUI,2026/Jan,4.8
355400,TATUI,2026/Fev,4.0
355400,TATUI,2026/Mar,4.0
355400,TATUI,2026/Abr,3.9
355400,TATUI,2026/Mai,3.4
355400,TATUI,2026/Jun,3.7
355410,TAUBATE,2025/Jul,4.0
355410,TAUBATE,2025/Ago,4.3
355410,TAUBATE,2025/Set,4.3
355410,TAUBATE,2025/Out,4.3
355410,TAUBATE,2025/Nov,4.5
355410,TAUBATE,2025/Dez,4.0
355410,TAUBATE,2026/Jan,4.2
355410,TAUBATE,2026/Fev,3.9
355410,TAUBATE,2026/Mar,4.2
355410,TAUBATE,2026/Abr,4.4
355410,TAUBATE,2026/Mai,4.0
355410,TAUBATE,2026/Jun,4.1
355430,TEODORO SAMPAIO,2025/Jul,3.6
355430,TEODORO SAMPAIO,2025/Ago,3.7
355430,TEODORO SAMPAIO,2025/Set,3.5
355430,TEODORO SAMPAIO,2025/Out,3.8
355430,TEODORO SAMPAIO,2025/Nov,4.0
355430,TEODORO SAMPAIO,2025/Dez,3.4
355430,TEODORO SAMPAIO,2026/Jan,3.6
355430,TEODORO SAMPAIO,2026/Fev,3.4
355430,TEODORO SAMPAIO,2026/Mar,3.7
355430,TEODORO SAMPAIO,2026/Abr,3.6
355430,TEODORO SAMPAIO,2026/Mai,3.2
355430,TEODORO SAMPAIO,2026/Jun,3.0
355440,TERRA ROXA,2025/Ago,4.1
355440,TERRA ROXA,2025/Out,5.0
355440,TERRA ROXA,2025/Nov,6.2
355440,TERRA ROXA,2025/Dez,6.5
355440,TERRA ROXA,2026/Jan,10.0
355440,TERRA ROXA,2026/Fev,2.0
355440,TERRA ROXA,2026/Mar,4.5
355440,TERRA ROXA,2026/Abr,8.5
355440,TERRA ROXA,2026/Mai,1.5
355440,TERRA ROXA,2026/Jun,3.3
355450,TIETE,2025/Jul,3.2
355450,TIETE,2025/Ago,2.9
355450,TIETE,2025/Set,2.8
355450,TIETE,2025/Out,2.7
355450,TIETE,2025/Nov,3.0
355450,TIETE,2025/Dez,2.8
355450,TIETE,2026/Jan,3.0
355450,TIETE,2026/Fev,2.6
355450,TIETE,2026/Mar,2.8
355450,TIETE,2026/Abr,2.9
355450,TIETE,2026/Mai,3.2
355450,TIETE,2026/Jun,3.0
355470,TORRINHA,2025/Jul,5.5
355470,TORRINHA,2025/Ago,3.2
355470,TORRINHA,2025/Set,3.3
355470,TORRINHA,2025/Out,2.5
355470,TORRINHA,2025/Nov,3.0
355470,TORRINHA,2026/Jan,4.3
355470,TORRINHA,2026/Fev,7.3
355470,TORRINHA,2026/Mar,4.1
355470,TORRINHA,2026/Abr,3.5
355470,TORRINHA,2026/Mai,4.1
355470,TORRINHA,2026/Jun,4.6
355500,TUPA,2025/Jul,11.9
355500,TUPA,2025/Ago,11.6
355500,TUPA,2025/Set,11.3
355500,TUPA,2025/Out,10.9
355500,TUPA,2025/Nov,12.1
355500,TUPA,2025/Dez,12.3
355500,TUPA,2026/Jan,13.1
355500,TUPA,2026/Fev,11.3
355500,TUPA,2026/Mar,11.6
355500,TUPA,2026/Abr,11.0
355500,TUPA,2026/Mai,11.1
355500,TUPA,2026/Jun,12.2
355510,TUPI PAULISTA,2025/Jul,4.5
355510,TUPI PAULISTA,2025/Ago,4.5
355510,TUPI PAULISTA,2025/Set,4.0
355510,TUPI PAULISTA,2025/Out,4.2
355510,TUPI PAULISTA,2025/Nov,4.4
355510,TUPI PAULISTA,2025/Dez,3.6
355510,TUPI PAULISTA,2026/Jan,3.8
355510,TUPI PAULISTA,2026/Fev,4.1
355510,TUPI PAULISTA,2026/Mar,4.9
355510,TUPI PAULISTA,2026/Abr,4.4
355510,TUPI PAULISTA,2026/Mai,4.9
355510,TUPI PAULISTA,2026/Jun,5.1
355540,UBATUBA,2025/Jul,2.9
355540,UBATUBA,2025/Ago,2.7
355540,UBATUBA,2025/Set,2.8
355540,UBATUBA,2025/Out,2.8
355540,UBATUBA,2025/Nov,2.8
355540,UBATUBA,2025/Dez,2.5
355540,UBATUBA,2026/Jan,2.9
355540,UBATUBA,2026/Fev,2.8
355540,UBATUBA,2026/Mar,3.0
355540,UBATUBA,2026/Abr,3.2
355540,UBATUBA,2026/Mai,3.4
355540,UBATUBA,2026/Jun,2.6
355580,URANIA,2025/Jul,3.6
355580,URANIA,2025/Ago,3.9
355580,URANIA,2025/Set,4.1
355580,URANIA,2025/Out,3.5
355580,URANIA,2025/Nov,4.1
355580,URANIA,2025/Dez,4.5
355580,URANIA,2026/Jan,3.8
355580,URANIA,2026/Fev,4.5
355580,URANIA,2026/Mar,4.0
355580,URANIA,2026/Abr,4.3
355580,URANIA,2026/Mai,3.7
355580,URANIA,2026/Jun,3.7
355600,URUPES,2025/Jul,2.6
355600,URUPES,2025/Ago,2.9
355600,URUPES,2025/Set,3.2
355600,URUPES,2025/Out,3.2
355600,URUPES,2025/Nov,2.4
355600,URUPES,2025/Dez,2.3
355600,URUPES,2026/Jan,2.8
355600,URUPES,2026/Fev,2.7
355600,URUPES,2026/Mar,2.6
355600,URUPES,2026/Abr,2.6
355600,URUPES,2026/Mai,2.5
355600,URUPES,2026/Jun,2.9
355620,VALINHOS,2025/Jul,5.1
355620,VALINHOS,2025/Ago,5.3
355620,VALINHOS,2025/Set,4.7
355620,VALINHOS,2025/Out,4.9
355620,VALINHOS,2025/Nov,4.9
355620,VALINHOS,2025/Dez,4.7
355620,VALINHOS,2026/Jan,5.1
355620,VALINHOS,2026/Fev,5.1
355620,VALINHOS,2026/Mar,4.4
355620,VALINHOS,2026/Abr,4.4
355620,VALINHOS,2026/Mai,4.8
355620,VALINHOS,2026/Jun,5.1
355630,VALPARAISO,2025/Jul,3.2
355630,VALPARAISO,2025/Ago,3.4
355630,VALPARAISO,2025/Set,3.3
355630,VALPARAISO,2025/Out,3.2
355630,VALPARAISO,2025/Nov,2.5
355630,VALPARAISO,2025/Dez,2.3
355630,VALPARAISO,2026/Jan,3.0
355630,VALPARAISO,2026/Fev,2.8
355630,VALPARAISO,2026/Mar,2.5
355630,VALPARAISO,2026/Abr,2.3
355630,VALPARAISO,2026/Mai,1.7
355630,VALPARAISO,2026/Jun,1.6
355640,VARGEM GRANDE DO SUL,2025/Jul,3.7
355640,VARGEM GRANDE DO SUL,2025/Ago,4.0
355640,VARGEM GRANDE DO SUL,2025/Set,3.4
355640,VARGEM GRANDE DO SUL,2025/Out,4.6
355640,VARGEM GRANDE DO SUL,2025/Nov,3.7
355640,VARGEM GRANDE DO SUL,2025/Dez,3.4
355640,VARGEM GRANDE DO SUL,2026/Jan,2.7
355640,VARGEM GRANDE DO SUL,2026/Fev,3.6
355640,VARGEM GRANDE DO SUL,2026/Mar,3.3
355640,VARGEM GRANDE DO SUL,2026/Abr,3.5
355640,VARGEM GRANDE DO SUL,2026/Mai,3.4
355640,VARGEM GRANDE DO SUL,2026/Jun,4.0
355650,VARZEA PAULISTA,2025/Jul,4.0
355650,VARZEA PAULISTA,2025/Ago,3.5
355650,VARZEA PAULISTA,2025/Set,3.7
355650,VARZEA PAULISTA,2025/Out,3.3
355650,VARZEA PAULISTA,2025/Nov,3.9
355650,VARZEA PAULISTA,2025/Dez,2.9
355650,VARZEA PAULISTA,2026/Jan,3.0
355650,VARZEA PAULISTA,2026/Fev,3.9
355650,VARZEA PAULISTA,2026/Mar,3.2
355650,VARZEA PAULISTA,2026/Abr,2.8
355650,VARZEA PAULISTA,2026/Mai,2.7
355650,VARZEA PAULISTA,2026/Jun,3.0
355670,VINHEDO,2025/Jul,3.3
355670,VINHEDO,2025/Ago,3.4
355670,VINHEDO,2025/Set,3.2
355670,VINHEDO,2025/Out,3.4
355670,VINHEDO,2025/Nov,3.5
355670,VINHEDO,2025/Dez,3.4
355670,VINHEDO,2026/Jan,3.6
355670,VINHEDO,2026/Fev,3.4
355670,VINHEDO,2026/Mar,3.2
355670,VINHEDO,2026/Abr,3.0
355670,VINHEDO,2026/Mai,3.1
355670,VINHEDO,2026/Jun,3.4
355680,VIRADOURO,2025/Jul,2.4
355680,VIRADOURO,2025/Ago,3.2
355680,VIRADOURO,2025/Set,3.4
355680,VIRADOURO,2025/Out,2.8
355680,VIRADOURO,2025/Nov,2.6
355680,VIRADOURO,2025/Dez,2.6
355680,VIRADOURO,2026/Jan,2.8
355680,VIRADOURO,2026/Fev,2.2
355680,VIRADOURO,2026/Mar,2.7
355680,VIRADOURO,2026/Abr,3.1
355680,VIRADOURO,2026/Mai,2.8
355680,VIRADOURO,2026/Jun,3.0
355700,VOTORANTIM,2025/Jul,4.8
355700,VOTORANTIM,2025/Ago,4.1
355700,VOTORANTIM,2025/Set,4.7
355700,VOTORANTIM,2025/Out,2.5
355700,VOTORANTIM,2025/Nov,3.7
355700,VOTORANTIM,2025/Dez,3.6
355700,VOTORANTIM,2026/Jan,4.1
355700,VOTORANTIM,2026/Fev,4.5
355700,VOTORANTIM,2026/Mar,3.7
355700,VOTORANTIM,2026/Abr,3.3
355700,VOTORANTIM,2026/Mai,4.2
355700,VOTORANTIM,2026/Jun,3.6
355710,VOTUPORANGA,2025/Jul,3.5
355710,VOTUPORANGA,2025/Ago,3.3
355710,VOTUPORANGA,2025/Set,3.2
355710,VOTUPORANGA,2025/Out,3.4
355710,VOTUPORANGA,2025/Nov,3.3
355710,VOTUPORANGA,2025/Dez,3.7
355710,VOTUPORANGA,2026/Jan,3.3
355710,VOTUPORANGA,2026/Fev,3.7
355710,VOTUPORANGA,2026/Mar,3.6
355710,VOTUPORANGA,2026/Abr,3.6
355710,VOTUPORANGA,2026/Mai,3.7
355710,VOTUPORANGA,2026/Jun,3.9
355720,CHAVANTES,2025/Jul,2.5
355720,CHAVANTES,2025/Ago,3.0
355720,CHAVANTES,2025/Set,3.1
355720,CHAVANTES,2025/Out,3.6
355720,CHAVANTES,2025/Nov,3.1
355720,CHAVANTES,2025/Dez,2.9
355720,CHAVANTES,2026/Jan,3.1
355720,CHAVANTES,2026/Fev,2.9
355720,CHAVANTES,2026/Mar,2.4
355720,CHAVANTES,2026/Abr,3.0
355720,CHAVANTES,2026/Mai,3.0
355720,CHAVANTES,2026/Jun,3.0
